handle,vendor,type,status,live_media,local_assoc,local_files
sillon-exterior-aluminio-estilo-envolvente-9890-cm,Hevea,Sillón,ACTIVE,1,1,images_cutout/sillon-exterior-aluminio-estilo-envolvente-9890-cm.png
sofa-terraza-aluminio-2-plazas-estilo-contemporaneo-16690-cm,Hevea,Sofá,ACTIVE,1,1,images_cutout/sofa-terraza-aluminio-2-plazas-estilo-contemporaneo-16690-cm.png
sofa-terraza-aluminio-3-plazas-estilo-contemporaneo-22090-cm,Hevea,Sofá,ACTIVE,1,1,images_cutout/sofa-terraza-aluminio-3-plazas-estilo-contemporaneo-22090-cm.png
set-jardin-contemporaneo-sofa-2-plazas-2-sillones-mesa,Hevea,Conjunto sofá,ACTIVE,1,1,images_cutout/set-jardin-contemporaneo-sofa-2-plazas-2-sillones-mesa.png
set-jardin-aluminio-2-plazas-contemporaneo-sofa-2-plazas-2-sillones-mesa,Hevea,Conjunto sofá,ACTIVE,1,2,images_optimized/1739541476_BRANDON-7.jpg | images_cutout/set-jardin-aluminio-2-plazas-contemporaneo-sofa-2-plazas-2-sillones-mesa.png
set-jardin-aluminio-3-plazas-contemporaneo-sofa-3-plazas-2-sillones-mesa,Hevea,Conjunto sofá,ACTIVE,1,1,images_cutout/set-jardin-aluminio-3-plazas-contemporaneo-sofa-3-plazas-2-sillones-mesa.png
sillon-exterior-estilo-elegante-7275-cm,Hevea,Sillón,ACTIVE,2,2,images_optimized/sillon-damasco.jpg | images_cutout/sillon-exterior-estilo-elegante-7275-cm.png
sofa-terraza-2-plazas-estilo-envolvente-13575-cm,Hevea,Sofá,ACTIVE,1,1,images_cutout/sofa-terraza-2-plazas-estilo-envolvente-13575-cm.png
sofa-terraza-3-plazas-estilo-sofisticado-19475-cm,Hevea,Sofá,ACTIVE,1,1,images_cutout/sofa-terraza-3-plazas-estilo-sofisticado-19475-cm.png
mesa-de-centro-exterior-90-cm-altura-40-cm,Hevea,Mesa centro,ACTIVE,2,2,images_optimized/mesa-universal-centro-estandar-90.jpg | images_cutout/mesa-de-centro-exterior-90-cm-altura-40-cm.png
mesa-de-centro-exterior-120-cm-altura-40-cm,Hevea,Mesa centro,ACTIVE,2,2,images_optimized/mesa-centro-120-estandar.jpg | images_cutout/mesa-de-centro-exterior-120-cm-altura-40-cm.png
set-jardin-2-plazas-elegante-sofa-2-plazas-2-sillones-mesa,Hevea,Conjunto sofá,ACTIVE,1,1,images_cutout/set-jardin-2-plazas-elegante-sofa-2-plazas-2-sillones-mesa.png
set-jardin-3-plazas-sofisticado-sofa-3-plazas-2-sillones-mesa,Hevea,Conjunto sofá,ACTIVE,2,2,images_optimized/1739779545_damasco-8.jpg | images_cutout/set-jardin-3-plazas-sofisticado-sofa-3-plazas-2-sillones-mesa.png
sillon-exterior-estilo-versatil-7783-cm,Hevea,Sillón,ACTIVE,1,1,images_cutout/sillon-exterior-estilo-versatil-7783-cm.png
sofa-terraza-2-plazas-estilo-estilizado-14383-cm,Hevea,Sofá,ACTIVE,1,1,images_cutout/sofa-terraza-2-plazas-estilo-estilizado-14383-cm.png
sofa-terraza-3-plazas-estilo-contemporaneo-18583-cm,Hevea,Sofá,ACTIVE,1,1,images_cutout/sofa-terraza-3-plazas-estilo-contemporaneo-18583-cm.png
mesa-de-centro-exterior-hpl-70-cm-altura-45-cm,Hevea,Mesa centro,ACTIVE,1,1,images_cutout/mesa-de-centro-exterior-hpl-70-cm-altura-45-cm.png
reposapies-exterior-734640-cm,Hevea,Reposapiés,ACTIVE,1,1,images_cutout/reposapies-exterior-734640-cm.png
set-jardin-2-plazas-moderno-sofa-2-plazas-2-sillones-mesa,Hevea,Conjunto sofá,ACTIVE,1,2,images_optimized/1739779626_yina-7.jpg | images_cutout/set-jardin-2-plazas-moderno-sofa-2-plazas-2-sillones-mesa.png
set-jardin-3-plazas-contemporaneo-sofa-3-plazas-2-sillones-mesa,Hevea,Conjunto sofá,ACTIVE,1,2,images_optimized/1739779626_yina-8.jpg | images_cutout/set-jardin-3-plazas-contemporaneo-sofa-3-plazas-2-sillones-mesa.png
sillon-exterior-estilo-elegante-6590-cm,Hevea,Sillón,ACTIVE,2,2,images_optimized/sillon-individual.jpg | images_cutout/sillon-exterior-estilo-elegante-6590-cm.png
sofa-terraza-2-plazas-estilo-contemporaneo-13090-cm,Hevea,Sofá,ACTIVE,1,1,images_cutout/sofa-terraza-2-plazas-estilo-contemporaneo-13090-cm.png
sofa-terraza-3-plazas-estilo-contemporaneo-18590-cm,Hevea,Sofá,ACTIVE,2,2,images_optimized/mesa-120-estandar-cupra.jpg | images_cutout/sofa-terraza-3-plazas-estilo-contemporaneo-18590-cm.png
reposapies-exterior-605040-cm,Hevea,Reposapiés,ACTIVE,1,1,images_cutout/reposapies-exterior-605040-cm.png
set-jardin-2-plazas-elegante-sofa-2-plazas-2-sillones-mesa-2,Hevea,Conjunto sofá,ACTIVE,2,1,images_optimized/1739542096_CUPRA-7.jpg
set-jardin-3-plazas-sofisticado-sofa-3-plazas-2-sillones-mesa-2,Hevea,Conjunto sofá,ACTIVE,2,1,images_optimized/1739542096_CUPRA-8.jpg
sillon-exterior-estilo-envolvente-7582-cm,Hevea,Sillón,ACTIVE,1,0,
sofa-terraza-3-plazas-estilo-contemporaneo-19882-cm,Hevea,Sofá,ACTIVE,2,2,images_optimized/bellagio-3-plazas.jpg | images_cutout/sofa-terraza-3-plazas-estilo-contemporaneo-19882-cm.png
sofa-terraza-2-plazas-estilo-contemporaneo-15082-cm,Hevea,Sofá,ACTIVE,2,2,images_optimized/bellagio-2-plazas.jpg | images_cutout/sofa-terraza-2-plazas-estilo-contemporaneo-15082-cm.png
mesa-de-centro-exterior-125-cm-altura-38-cm,Hevea,Mesa centro,ACTIVE,1,1,images_cutout/mesa-de-centro-exterior-125-cm-altura-38-cm.png
set-jardin-2-plazas-elegante-sofa-2-plazas-2-sillones-mesa-3,Hevea,Conjunto sofá,ACTIVE,1,1,images_cutout/set-jardin-2-plazas-elegante-sofa-2-plazas-2-sillones-mesa-3.png
set-jardin-3-plazas-sofisticado-sofa-3-plazas-2-sillones-mesa-3,Hevea,Conjunto sofá,ACTIVE,1,1,images_cutout/set-jardin-3-plazas-sofisticado-sofa-3-plazas-2-sillones-mesa-3.png
sillon-exterior-estilo-estilizado-7069-cm,Hevea,Sillón,ACTIVE,1,1,images_cutout/sillon-exterior-estilo-estilizado-7069-cm.png
sofa-terraza-2-plazas-estilo-contemporaneo-16269-cm,Hevea,Sofá,ACTIVE,1,1,images_cutout/sofa-terraza-2-plazas-estilo-contemporaneo-16269-cm.png
sofa-terraza-3-plazas-estilo-elegante-22069-cm,Hevea,Sofá,ACTIVE,1,1,images_cutout/sofa-terraza-3-plazas-estilo-elegante-22069-cm.png
reposapies-exterior-504540-cm,Hevea,Reposapiés,ACTIVE,1,1,images_cutout/reposapies-exterior-504540-cm.png
sillon-exterior-estilo-elegante-6578-cm,Hevea,Sillón,ACTIVE,1,1,images_cutout/sillon-exterior-estilo-elegante-6578-cm.png
sofa-terraza-2-plazas-estilo-contemporaneo-12078-cm,Hevea,Sofá,ACTIVE,1,1,images_cutout/sofa-terraza-2-plazas-estilo-contemporaneo-12078-cm.png
sofa-terraza-3-plazas-estilo-sofisticado-17578-cm,Hevea,Sofá,ACTIVE,1,1,images_cutout/sofa-terraza-3-plazas-estilo-sofisticado-17578-cm.png
mesa-de-centro-exterior-90-cm-altura-41-cm,Hevea,Mesa centro,ACTIVE,1,1,images_cutout/mesa-de-centro-exterior-90-cm-altura-41-cm.png
mesa-de-centro-exterior-120-cm-altura-41-cm,Hevea,Mesa centro,ACTIVE,1,1,images_cutout/mesa-de-centro-exterior-120-cm-altura-41-cm.png
set-jardin-2-plazas-moderno-sofa-2-plazas-2-sillones-mesa-2,Hevea,Conjunto sofá,ACTIVE,2,2,images_optimized/odin-7.jpg | images_cutout/set-jardin-2-plazas-moderno-sofa-2-plazas-2-sillones-mesa-2.png
set-jardin-3-plazas-elegante-sofa-3-plazas-2-sillones-mesa,Hevea,Conjunto sofá,ACTIVE,1,1,images_cutout/set-jardin-3-plazas-elegante-sofa-3-plazas-2-sillones-mesa.png
sillon-exterior-estilo-versatil-76100-cm,Hevea,Sillón,ACTIVE,1,1,images_cutout/sillon-exterior-estilo-versatil-76100-cm.png
sofa-terraza-2-plazas-estilo-contemporaneo-145100-cm,Hevea,Sofá,ACTIVE,1,1,images_cutout/sofa-terraza-2-plazas-estilo-contemporaneo-145100-cm.png
sofa-terraza-3-plazas-estilo-sofisticado-212100-cm,Hevea,Sofá,ACTIVE,1,1,images_cutout/sofa-terraza-3-plazas-estilo-sofisticado-212100-cm.png
set-jardin-2-plazas-elegante-sofa-2-plazas-2-sillones-mesa-4,Hevea,Conjunto sofá,ACTIVE,1,2,images_optimized/1739535555_ALBANIA_09.jpg | images_cutout/set-jardin-2-plazas-elegante-sofa-2-plazas-2-sillones-mesa-4.png
set-jardin-3-plazas-sofisticado-sofa-3-plazas-2-sillones-mesa-4,Hevea,Conjunto sofá,ACTIVE,1,1,images_cutout/set-jardin-3-plazas-sofisticado-sofa-3-plazas-2-sillones-mesa-4.png
reposapies-exterior-855043-cm,Hevea,Reposapiés,ACTIVE,1,0,
sillon-exterior-estilo-elegante-80104-cm,Hevea,Sillón,ACTIVE,1,0,
sofa-terraza-2-plazas-estilo-contemporaneo-164104-cm,Hevea,Sofá,ACTIVE,1,0,
sofa-terraza-3-plazas-estilo-contemporaneo-215104-cm,Hevea,Sofá,ACTIVE,1,1,images_optimized/bolonia-xl-2.jpg
mesa-de-centro-exterior-125-cm-altura-42-cm,Hevea,Mesa centro,ACTIVE,2,1,images_optimized/mesa-bolonia-centro.jpg
reposapies-exterior-855043-cm-2,Hevea,Reposapiés,ACTIVE,2,0,
set-jardin-2-plazas-elegante-sofa-2-plazas-2-sillones-mesa-5,Hevea,Conjunto sofá,ACTIVE,2,1,images_optimized/bolonia-xl-2.jpg
set-jardin-3-plazas-contemporaneo-sofa-3-plazas-2-sillones-mesa-2,Hevea,Conjunto sofá,ACTIVE,2,1,images_optimized/bolonia-xl-1.jpg
sillon-exterior-bicolor-estilo-bicolor-7376-cm,Hevea,Sillón,ACTIVE,1,0,
sofa-terraza-bicolor-2-plazas-estilo-bicolor-14076-cm,Hevea,Sofá,ACTIVE,1,0,
sofa-terraza-bicolor-3-plazas-estilo-bicolor-20076-cm,Hevea,Sofá,ACTIVE,1,0,
mesa-de-centro-exterior-hpl-120-cm-altura-40-cm,Hevea,Mesa centro,ACTIVE,2,1,images_optimized/mesa-de-centro-diva-120.jpg
mesa-de-centro-exterior-hpl-135-cm-altura-40-cm,Hevea,Mesa centro,ACTIVE,1,0,
reposapies-exterior-bicolor-704544-cm,Hevea,Reposapiés,ACTIVE,1,0,
set-jardin-bicolor-2-plazas-bicolor-sofa-2-plazas-2-sillones-mesa,Hevea,Conjunto sofá,ACTIVE,1,1,images_optimized/1739540503_DIVA-7.jpg
set-jardin-bicolor-3-plazas-bicolor-sofa-3-plazas-2-sillones-mesa,Hevea,Conjunto sofá,ACTIVE,1,1,images_optimized/1739540503_DIVA_N24.jpg
sillon-exterior-estilo-versatil-7685-cm,Hevea,Sillón,ACTIVE,1,0,
sofa-terraza-2-plazas-estilo-contemporaneo-13785-cm,Hevea,Sofá,ACTIVE,1,0,
sofa-terraza-3-plazas-estilo-contemporaneo-19685-cm,Hevea,Sofá,ACTIVE,1,0,
set-jardin-2-plazas-contemporaneo-sofa-2-plazas-2-sillones-mesa,Hevea,Conjunto sofá,ACTIVE,2,1,images_optimized/1739541782_leisa-7.jpg
set-jardin-3-plazas-contemporaneo-sofa-3-plazas-2-sillones-mesa-3,Hevea,Conjunto sofá,ACTIVE,1,1,images_optimized/1739541782_LEISA_8.jpg
sillon-exterior-estilo-moderno-7085-cm,Hevea,Sillón,ACTIVE,1,0,
sofa-terraza-2-plazas-estilo-elegante-15085-cm,Hevea,Sofá,ACTIVE,1,0,
sofa-terraza-3-plazas-estilo-contemporaneo-19085-cm,Hevea,Sofá,ACTIVE,1,0,
set-jardin-2-plazas-contemporaneo-sofa-2-plazas-2-sillones-mesa-2,Hevea,Conjunto sofá,ACTIVE,1,1,images_optimized/1739543239_dounvil-7.jpg
set-jardin-3-plazas-elegante-sofa-3-plazas-2-sillones-mesa-2,Hevea,Conjunto sofá,ACTIVE,1,1,images_optimized/1739543239_dounvil-8.jpg
mesa-de-centro-exterior-90-cm-altura-40-cm-2,Hevea,Mesa centro,ACTIVE,1,0,
mesa-de-centro-exterior-120-cm-altura-40-cm-2,Hevea,Mesa centro,ACTIVE,1,0,
sillon-exterior-estilo-contemporaneo-68115-cm,Hevea,Sillón,ACTIVE,1,0,
sofa-terraza-2-plazas-estilo-moderno-128115-cm,Hevea,Sofá,ACTIVE,1,0,
sofa-terraza-3-plazas-estilo-contemporaneo-188115-cm,Hevea,Sofá,ACTIVE,1,0,
set-jardin-2-plazas-moderno-sofa-2-plazas-2-sillones-mesa-3,Hevea,Conjunto sofá,ACTIVE,2,1,images_optimized/1739543115_haston-7.jpg
set-jardin-3-plazas-contemporaneo-sofa-3-plazas-2-sillones-mesa-4,Hevea,Conjunto sofá,ACTIVE,2,1,images_optimized/1739543115_haston-8.jpg
sillon-exterior-estilo-versatil-6470-cm,Hevea,Sillón,ACTIVE,1,0,
sofa-terraza-2-plazas-estilo-elegante-13170-cm,Hevea,Sofá,ACTIVE,1,0,
sofa-terraza-3-plazas-estilo-moderno-18570-cm,Hevea,Sofá,ACTIVE,1,0,
mesa-de-centro-exterior-hpl-90-cm-altura-40-cm,Hevea,Mesa centro,ACTIVE,1,0,
mesa-de-centro-exterior-hpl-120-cm-altura-40-cm-2,Hevea,Mesa centro,ACTIVE,1,0,
set-jardin-2-plazas-moderno-sofa-2-plazas-2-sillones-mesa-4,Hevea,Conjunto sofá,ACTIVE,1,1,images_optimized/1739543673_ACAPULCO-7.jpg
set-jardin-3-plazas-contemporaneo-sofa-3-plazas-2-sillones-mesa-5,Hevea,Conjunto sofá,ACTIVE,1,1,images_optimized/1739543673_ACAPULCO-8.jpg
pergola-aluminio-para-jardin-300300250-cm,Hevea,Pérgola,ACTIVE,1,1,images_optimized/1739809400_PERGOLA-VENECIA-4X3-BLANCO.jpg
sillon-exterior-estilo-urbano-6670-cm,Hevea,Sillón,ACTIVE,1,0,
sofa-terraza-2-plazas-estilo-contemporaneo-13370-cm,Hevea,Sofá,ACTIVE,1,0,
sofa-terraza-3-plazas-estilo-moderno-18770-cm,Hevea,Sofá,ACTIVE,1,0,
set-jardin-2-plazas-contemporaneo-sofa-2-plazas-2-sillones-mesa-3,Hevea,Conjunto sofá,ACTIVE,1,1,images_optimized/1739544586_MANHATAN-07.jpg
set-jardin-3-plazas-urbano-sofa-3-plazas-2-sillones-mesa,Hevea,Conjunto sofá,ACTIVE,1,0,
set-rinconera-exterior-hpl-sofisticado-sofa-de-esquina-mesa-de-centro,Hevea,Conjunto rinconera,ACTIVE,1,1,images_optimized/1739795165_loira-rinconera-7.jpg
set-rinconera-exterior-hpl-elegante-sofa-de-esquina-mesa-de-centro,Hevea,Conjunto rinconera,ACTIVE,3,3,images_optimized/1739795165_loira-rinconera-7.jpg | images_optimized/1739795165_rinconera-loira-8.jpg | images_optimized/1739805444_loira-30.jpg
set-rinconera-exterior-hpl-moderno-sofa-de-esquina-mesa-de-centro,Hevea,Conjunto rinconera,ACTIVE,2,1,images_optimized/1739805444_loira-30.jpg
set-rinconera-exterior-contemporaneo-sofa-de-esquina-mesa-de-centro,Hevea,Conjunto rinconera,ACTIVE,2,1,images_optimized/1739805512_adel-7.jpg
set-rinconera-exterior-sofisticado-sofa-de-esquina-mesa-de-centro,Hevea,Conjunto rinconera,ACTIVE,2,1,images_optimized/1739806050_adel-30.jpg
mesa-comedor-exterior-hpl-13590-cm,Hevea,Mesa comedor,ACTIVE,3,1,images_optimized/mesa-corcega.jpg
silla-exterior-estilo-estilizado,Hevea,Silla,ACTIVE,1,1,images_optimized/1740126347_sillon-janeiro-3-antracita-ALTA.jpg
silla-exterior-estilo-contemporaneo,Hevea,Silla,ACTIVE,1,1,images_optimized/1740126338_sillon-corcega-3-antracita_ALTA_SF.jpg
mesa-comedor-exterior-hpl-10090-cm,Hevea,Mesa comedor,ACTIVE,1,1,images_optimized/1739982011_mundra-100.jpg
mesa-comedor-exterior-hpl-15090-cm,Hevea,Mesa comedor,ACTIVE,2,1,images_optimized/1739982968_mundra-hpl-150.jpg
sillon-exterior-estilo-versatil-58100-cm,Hevea,Sillón,ACTIVE,1,1,images_optimized/sillon-avalon.jpg
tumbona-de-exterior,Hevea,Tumbona,DRAFT,1,0,
parasol-para-terraza-300-cm,Hevea,Parasol,DRAFT,1,1,images_optimized/1739790589_VIENA-300.jpg
parasol-para-terraza-350-cm,Hevea,Parasol,DRAFT,1,1,images_optimized/1739789862_samson-350.jpg
parasol-para-terraza-300-cm-2,Hevea,Parasol,DRAFT,2,1,images_optimized/1739790899_CARACAS-250-300-NARANJA.jpg
base-de-parasol-25-kg,Hevea,Accesorios,ACTIVE,2,1,images_optimized/1739791182_base-25-40.jpg
set-losas-cemento-para-base-de-parasol,Hevea,Accesorios,ACTIVE,1,0,
balancin-jardin-exterior-148194-cm,Hevea,Balancín,ACTIVE,1,1,images_optimized/1739806848_sidney.jpg
banco-jardin-con-mesa-integrada-220-cm,Hevea,Banco con mesa,ACTIVE,2,1,images_optimized/yulien-banco-picnic.jpg
banco-de-exterior-150-cm,Hevea,Banco,ACTIVE,1,1,images_optimized/1739809440_gullivert.jpg
banco-de-exterior-108-cm,Hevea,Banco,ACTIVE,1,0,
balliu-tumbona-de-exterior-resina-923110d9,Balliu,Tumbona,ACTIVE,6,6,images_balliu/Eva-Pro-Balliu-800x614-1.png | images_balliu/balliu-eva-pro-arena-outdoor-furniture-mobiliario-terraza-jardin-01-scaled.jpg | images_balliu/balliu-eva-pro-marron-oscuro-outdoor-furniture-mobiliario-terraza-jardin-01-scaled.jpg | images_balliu/balliu-eva-pro-pamela-sun-umbrella-outdoor-furniture-mobiliario-terraza-jardin-01-scaled.jpg | images_balliu/balliu_recambio-tejido-para-tumbona-de-resina.png | images_balliu/eva-pro-blanco-01-00-800x614-1.jpg
balliu-tumbona-de-exterior-resina-b19af1ea,Balliu,Tumbona,ACTIVE,6,6,images_balliu/Eva-Pro-Balliu-800x614-1.png | images_balliu/balliu-eva-pro-arena-outdoor-furniture-mobiliario-terraza-jardin-01-scaled.jpg | images_balliu/balliu-eva-pro-marron-oscuro-outdoor-furniture-mobiliario-terraza-jardin-01-scaled.jpg | images_balliu/balliu-eva-pro-pamela-sun-umbrella-outdoor-furniture-mobiliario-terraza-jardin-01-scaled.jpg | images_balliu/balliu_recambio-tejido-para-tumbona-de-resina.png | images_balliu/eva-pro-blanco-01-00-800x614-1.jpg
balliu-tumbona-de-exterior-resina-ddeeef3f,Balliu,Tumbona,DRAFT,6,6,images_balliu/Eva-Pro-Balliu-800x614-1.png | images_balliu/balliu-eva-pro-arena-outdoor-furniture-mobiliario-terraza-jardin-01-scaled.jpg | images_balliu/balliu-eva-pro-marron-oscuro-outdoor-furniture-mobiliario-terraza-jardin-01-scaled.jpg | images_balliu/balliu-eva-pro-pamela-sun-umbrella-outdoor-furniture-mobiliario-terraza-jardin-01-scaled.jpg | images_balliu/balliu_recambio-tejido-para-tumbona-de-resina.png | images_balliu/eva-pro-blanco-01-00-800x614-1.jpg
balliu-tumbona-de-exterior-resina-75-cm-009e68e4,Balliu,Tumbona,ACTIVE,4,3,images_balliu/381-CARMEN.jpg | images_balliu/balliu-polonia-mobiliario-hotel-spa.jpg | images_balliu/tumbona-carmen-blanco-3000-00.webp
balliu-tumbona-de-exterior-resina-75-cm-aca076ae,Balliu,Tumbona,ACTIVE,8,7,images_balliu/Lola-Balliu-800x614-1.png | images_balliu/Lola-apilada-Balliu-800x614-1.png | images_balliu/bll2013-075-scaled.jpg | images_balliu/jmf2012_jml1717-scaled.jpg | images_balliu/lola-tumbona-blanco-arena-800x614-2.jpg | images_balliu/lola-tumbona-blanco-azul-800x614-2.jpg | images_balliu/lola-tumbona-blanco-marron-oscuro-800x614-2.jpg
balliu-tumbona-de-exterior-resina-73-cm-b19af1ea,Balliu,Tumbona,DRAFT,6,5,images_balliu/Eva-Pro-Balliu-800x614-1.png | images_balliu/balliu-eva-pro-arena-outdoor-furniture-mobiliario-terraza-jardin-01-scaled.jpg | images_balliu/balliu-eva-pro-marron-oscuro-outdoor-furniture-mobiliario-terraza-jardin-01-scaled.jpg | images_balliu/balliu-eva-pro-pamela-sun-umbrella-outdoor-furniture-mobiliario-terraza-jardin-01-scaled.jpg | images_balliu/eva-pro-blanco-01-00-800x614-1.jpg
balliu-tumbona-de-exterior-resina-73-cm-32a6c0ea,Balliu,Tumbona,DRAFT,6,5,images_balliu/Eva-Pro-Balliu-800x614-1.png | images_balliu/balliu-eva-pro-arena-outdoor-furniture-mobiliario-terraza-jardin-01-scaled.jpg | images_balliu/balliu-eva-pro-marron-oscuro-outdoor-furniture-mobiliario-terraza-jardin-01-scaled.jpg | images_balliu/balliu-eva-pro-pamela-sun-umbrella-outdoor-furniture-mobiliario-terraza-jardin-01-scaled.jpg | images_balliu/eva-pro-blanco-01-00-800x614-1.jpg
balliu-tumbona-de-exterior-resina-73-cm-d369d964,Balliu,Tumbona,ACTIVE,4,4,images_balliu/EvaRG-Balliu-800x614-1.png | images_balliu/eva-pro-blanco-01-00-800x614-1.jpg | images_balliu/eva-rg-tumbona-ambiente-800x614-1.jpg | images_balliu/eva-rg-tumbona-blanco-azul-800x614-1.jpg-1.webp
balliu-tumbona-de-exterior-resina-73-cm-0648657b,Balliu,Tumbona,ACTIVE,3,3,images_balliu/eva-pro-blanco-01-00-800x614-1.jpg | images_balliu/eva-rtg-tumbona-ambiente-800x614-1.jpg | images_balliu/eva-rtg-tumbona-blanco-800x614-1.jpg-1-1.webp
balliu-tumbona-de-exterior-resina-28ff014d,Balliu,Tumbona,ACTIVE,9,8,images_balliu/Balliu_2Noa_Madera-blanco2.jpg | images_balliu/Balliu_Noa-Arena_Apilada2.jpg | images_balliu/Balliu_Noa_Arena-natural2.jpg | images_balliu/Balliu_Noa_Blanco_marron2.jpg | images_balliu/Balliu_Noa_Madera-blanco2.jpg | images_balliu/Balliu_Noa_Tortola-ceniza2.jpg | images_balliu/Noa_1.png | images_balliu/Noa_2.png
balliu-tumbona-de-exterior-sin-ruedas-aluminio-da3f5c24,Balliu,Tumbona,ACTIVE,4,4,images_balliu/IMG_9298.jpg | images_balliu/IMG_9309.jpg | images_balliu/IMG_9318.jpg | images_balliu/balliu_tumbona-con-ruedas-olimpia.jpg
balliu-tumbona-de-exterior-aluminio-36870d09,Balliu,Tumbona,ACTIVE,11,11,images_balliu/Etna-Tumbona-Balliu-2-800x614-1.png | images_balliu/Etna-Tumbona-Balliu-800x614-1.png | images_balliu/Etna-Tumbona-Balliu.png | images_balliu/Etna-blanca-amb-rodes.jpg | images_balliu/Etna-tumbona-Balliu-3-800x614-1.png | images_balliu/Etna-tumbona-Balliu-Aluminio-gris-800x614-1.png | images_balliu/balliu-etna-sunlounger-outdoor-furniture-mobiliario-terraza-jardin-01-scaled.jpg | images_balliu/balliu_tumbona-con-ruedas-olimpia.jpg | images_balliu/balliu_tumbona-de-aluminio-etna-alta.jpg | images_balliu/etna-tumbona-aluminio-800x614-1.jpg | images_balliu/etna-tumbona-blanco-800x614-1.jpg
balliu-tumbona-de-exterior-aluminio-d08586c1,Balliu,Tumbona,ACTIVE,7,7,images_balliu/Ambient-6-gran-1-scaled.jpg | images_balliu/Balliu_EtnaAlta_Alum-Gris2.jpg | images_balliu/Balliu_EtnaAlta_Blanco-blanco2.jpg | images_balliu/Balliu_EtnaAlta_Tortola-Arena2.jpg | images_balliu/Etna-alta-blanca-amb-rodes-1-1-2.jpg | images_balliu/balliu_tumbona-con-ruedas-olimpia.jpg | images_balliu/balliu_tumbona-de-aluminio-etna-alta.jpg
balliu-tumbona-de-exterior-con-ruedas-aluminio-58-cm-9064b7b9,Balliu,Tumbona,ACTIVE,7,6,images_balliu/Balliu_Iris_blanco_Blanco2.jpg | images_balliu/Iris-Balliu-800x614-1.png | images_balliu/Iris-Balliu2-800x614-1.png | images_balliu/iris-blanco-blanco-07-00-800x614-1.jpg | images_balliu/tumbona-iris-aluminio-3800-001.webp | images_balliu/tumbona-iris-blanco-0700-ambiente-011-scaled.jpg
balliu-tumbona-de-exterior-aluminio-68-cm-f7ab4da8,Balliu,Tumbona,ACTIVE,9,8,images_balliu/Balliu_Marina_blanco-ceniza2.jpg | images_balliu/Balliu_Marina_blanco-ceniza_PISCINA2.jpg | images_balliu/Balliu_Marina_blanco-ceniza_sin-fondo2.jpg | images_balliu/Marina-tumbona-Balliu-800x614-1.png | images_balliu/Respaldo-reclinable_Marina_Balliu2.jpg | images_balliu/marina-tumbona-blanco-blanco-800x614-2.jpg | images_balliu/marina-tumbona-blanco-blanco-apilable-800x614-2.jpg | images_balliu/marina-tumbona-blanco-ceniza-800x614-2.jpg
balliu-tumbona-de-exterior-20620134,Balliu,Tumbona,DRAFT,0,0,
balliu-mini-tumbona-de-exterior-aluminio-62-cm-5a6f53eb,Balliu,Mini tumbona,ACTIVE,8,7,images_balliu/Balliu-5311-by-mCFalkyphoto-TpSze-Edit.jpg | images_balliu/IMG_1680.jpg | images_balliu/mini-tumbona-cannes-aluminio-5000-001.jpg | images_balliu/mini-tumbona-cannes-aluminio-oscuro-3800-001-png.png | images_balliu/mini-tumbona-cannes-blanco-0700-001.jpg | images_balliu/mini-tumbona-cannes-blanco-3800-001.jpg | images_balliu/mini-tumbona-cannes-tortola-3000-001.jpg
balliu-mini-tumbona-de-exterior-madera-59-cm-fa211c70,Balliu,Mini tumbona,ACTIVE,6,5,images_balliu/119-BRISTOL.jpg | images_balliu/Balliu-5269-by-mCFalkyphoto-TpSze-1.jpg | images_balliu/MTU-BTM-Mini-Tumbona-Bristol-Tela-Natural_Pamela-0287-1.jpg | images_balliu/bristol-mini-tumbona-madera-0300-800x614-3.jpg | images_balliu/bristol_coixi-scaled.jpg
balliu-mini-tumbona-de-exterior-aluminio-57-cm-98ab84ce,Balliu,Mini tumbona,ACTIVE,4,3,images_balliu/MiniMarina-Balliu-800x614-1.png | images_balliu/marina-s-800x614-2.jpg | images_balliu/marina-s-apilable-800x614-1.jpg
balliu-cama-balinesa-exterior-aluminio-estilo-sofisticado-160-cm-2bd3a7a4,Balliu,Cama balinesa,ACTIVE,1,0,
balliu-cama-balinesa-exterior-aluminio-estilo-minimalista-198-cm-dcaf71d8,Balliu,Cama balinesa,ACTIVE,1,0,
balliu-taburete-exterior-aluminio-estilo-elegante-56-cm-a66b4a0a,Balliu,Mobiliario exterior,ACTIVE,10,9,images_balliu/Balliu_Mesa-Java2.jpg | images_balliu/Brunei_Silla-Etna2_c.jpg | images_balliu/Brunei_Silla-Etna3_c.jpg | images_balliu/Brunei_Silla-Etna_Sofa-Etna2.jpg | images_balliu/Capri-doble_Silla-Etna-blanco2.jpg | images_balliu/SIL-ETS-Silla-Etna-Alu.-Text.-T.-Gris-Osc.-0516-scaled.jpg | images_balliu/Silla-Etna-Alum.-gris-sin-fondo2.jpg | images_balliu/etna-silla-blanco-apilable-800x614-1.jpg | images_balliu/etna-silla-tortola-detalle1-800x614-1.jpg
balliu-silla-exterior-con-brazos-aluminio-estilo-elegante-56-cm-5c88bd77,Balliu,Silla,ACTIVE,10,9,images_balliu/Balliu_Mesa-Java2.jpg | images_balliu/Brunei_Silla-Etna2_c.jpg | images_balliu/Brunei_Silla-Etna3_c.jpg | images_balliu/Brunei_Silla-Etna_Sofa-Etna2.jpg | images_balliu/Capri-doble_Silla-Etna-blanco2.jpg | images_balliu/SIL-ETS-Silla-Etna-Alu.-Text.-T.-Gris-Osc.-0516-scaled.jpg | images_balliu/Silla-Etna-Alum.-gris-sin-fondo2.jpg | images_balliu/etna-silla-blanco-apilable-800x614-1.jpg | images_balliu/etna-silla-tortola-detalle1-800x614-1.jpg
balliu-silla-exterior-con-brazos-aluminio-estilo-elegante-56-cm-eaf4a34a,Balliu,Silla,ACTIVE,10,9,images_balliu/Balliu_Mesa-Java2.jpg | images_balliu/Brunei_Silla-Etna2_c.jpg | images_balliu/Brunei_Silla-Etna3_c.jpg | images_balliu/Brunei_Silla-Etna_Sofa-Etna2.jpg | images_balliu/Capri-doble_Silla-Etna-blanco2.jpg | images_balliu/SIL-ETS-Silla-Etna-Alu.-Text.-T.-Gris-Osc.-0516-scaled.jpg | images_balliu/Silla-Etna-Alum.-gris-sin-fondo2.jpg | images_balliu/etna-silla-blanco-apilable-800x614-1.jpg | images_balliu/etna-silla-tortola-detalle1-800x614-1.jpg
balliu-silla-exterior-resina-estilo-minimalista-484cbea0,Balliu,Silla,ACTIVE,9,9,images_balliu/Agata-blanca_Duna-tortola.jpg | images_balliu/Brunei_Duna-negre2_c.jpg | images_balliu/Brunei_Duna-negre_c.jpg | images_balliu/Brunei_Duna2.jpg | images_balliu/Duna-blanca2.jpg | images_balliu/Duna-negra2.jpg | images_balliu/duna-silla-blanco-800x614-1.jpg | images_balliu/duna-silla-negro-800x614-1.jpg | images_balliu/duna-silla-tortola-800x614-v2.jpg
balliu-silla-exterior-resina-estilo-clasico-57-cm-8164cc65,Balliu,Silla,ACTIVE,8,7,images_balliu/Atlanta_Vera_blanc2.jpg | images_balliu/Bimba-apilada2.jpg | images_balliu/Bimba_Brunei-blanc2.jpg | images_balliu/Brunei_vera2.jpg | images_balliu/silla-bimba-antracita-001.jpg | images_balliu/silla-bimba-blanco-001.jpg | images_balliu/silla-bimba-tortola-001.jpg
balliu-silla-exterior-resina-estilo-funcional-0b607ec7,Balliu,Silla,ACTIVE,4,4,images_balliu/Mesa-Eva-Pro-Mini-blanca_Silla-Selva.jpg | images_balliu/SIL-SES-Selva-Blanca-0422-1-1.jpg | images_balliu/balliu_silla-de-resina-bruna.jpg | images_balliu/selva-silla-blanco-800x614-1.jpg
balliu-silla-exterior-sin-brazos-resina-estilo-contemporaneo-49-cm-af080e9c,Balliu,Silla,ACTIVE,11,10,images_balliu/137-BRUNA.jpg | images_balliu/141-BRUNA.jpg | images_balliu/142-BRUNA.jpg | images_balliu/AgataL-blanca_Bruna-tortola2.jpg | images_balliu/Balliu_Mesa_Altea_blanca_detalle.jpg | images_balliu/Balliu_Mesa_Altea_tortola_prado_Balcon.jpg | images_balliu/bruna-blanca2-1.jpg | images_balliu/bruna-silla-blanco-800x614-2.jpg | images_balliu/bruna-silla-blanco-apilable-800x614-2.jpg | images_balliu/bruna-silla-tortola-800x614-2.jpg
balliu-silla-exterior-sin-brazos-resina-estilo-funcional-daabcdaf,Balliu,Silla,ACTIVE,12,3,images_balliu/490-VERA.jpg | images_balliu/Vera-Brunei-blanc2.jpg | images_balliu/silla-vera-blanco-800x614-1.jpg
balliu-silla-exterior-sin-brazos-estilo-contemporaneo-53-cm-cd07e7d6,Balliu,Silla,ACTIVE,1,1,images_balliu/venus-silla-tortola-800x614-1.jpg
balliu-silla-exterior-con-brazos-estilo-contemporaneo-53-cm-c654c52f,Balliu,Silla,DRAFT,1,1,images_balliu/venus-silla-tortola-800x614-1.jpg
balliu-silla-exterior-con-brazos-resina-estilo-funcional-94b6e5b5,Balliu,Silla,DRAFT,7,7,images_balliu/Balliu_Mesa_Altea_blanca_ambiente2.jpg | images_balliu/Balliu_Mesa_Altea_plegable.jpg | images_balliu/Bruna-brazos-blanca2.jpg | images_balliu/Mesa-Eva-Pro-Mini-Tortola_Silla-Bruna-brazos2.jpg | images_balliu/balliu_silla-de-resina-con-reposabrazos-bruna.jpg | images_balliu/bruna-silla-brazos-blanco-800x614-1.jpg | images_balliu/bruna-silla-brazos-tortola-800x614-1.jpg
balliu-silla-exterior-con-brazos-aluminio-estilo-elegante-58-cm-bc0c02ec,Balliu,Silla,ACTIVE,6,5,images_balliu/143-MILA.webp | images_balliu/mila-silla-aluminio-800x614-1.jpg | images_balliu/mila-silla-aluminio-apilable-800x614-1.jpg | images_balliu/mila-silla-blanco-800x614-1.jpg | images_balliu/mila-silla-blanco-apilable-800x614-1.jpg
balliu-silla-exterior-aluminio-estilo-contemporaneo-afd89221,Balliu,Silla,DRAFT,6,6,images_balliu/143-MILA.webp | images_balliu/balliu_silla-de-aluminio-mila.jpg | images_balliu/mila-silla-aluminio-800x614-1.jpg | images_balliu/mila-silla-aluminio-apilable-800x614-1.jpg | images_balliu/mila-silla-blanco-800x614-1.jpg | images_balliu/mila-silla-blanco-apilable-800x614-1.jpg
balliu-mesa-exterior-aluminio-9e30ca7f,Balliu,Mesa,DRAFT,5,5,images_balliu/795-ETNA.jpg | images_balliu/Tumbona-Etna_Mesa-auxiliar-Etna-blanco2.jpg | images_balliu/Tumbona-Etna_Mesa-auxiliar-Etna_C.jpg | images_balliu/balliu_mesa-auxiliar-de-aluminio-modelo-etna.jpg | images_balliu/etna-mesa-auxiliar-blanco-blanco-800x614-1.jpg
balliu-mesa-exterior-5d0fb586,Balliu,Mesa,ACTIVE,7,7,images_balliu/Lola_Mesita-Mini_playa2.jpg | images_balliu/Mesa-Auxiliar-Mini2.jpg | images_balliu/Mesa-auxiliar-Mini_Lola_Carmen_playa2.jpg | images_balliu/Mesa-auxiliar-mini-blanco_Sin-fondo2.jpg | images_balliu/mini-mesa-apilable-800x614-3.jpg | images_balliu/mini-prestige-mesa-bronce-800x614-1.jpg | images_balliu/mini-prestige-mesa-gris-oscuro-800x614-1.jpg
balliu-mesa-exterior-1cf4d3d5,Balliu,Mesa,DRAFT,8,8,images_balliu/Lola_Mesita-Mini_playa2.jpg | images_balliu/Mesa-Auxiliar-Mini2.jpg | images_balliu/Mesa-auxiliar-Mini_Lola_Carmen_playa2.jpg | images_balliu/Mesa-auxiliar-mini-blanco_Sin-fondo2.jpg | images_balliu/balliu_mesa-de-aluminio-modelo-altea.jpg | images_balliu/mini-mesa-apilable-800x614-3.jpg | images_balliu/mini-prestige-mesa-bronce-800x614-1.jpg | images_balliu/mini-prestige-mesa-gris-oscuro-800x614-1.jpg
balliu-mesa-auxiliar-exterior-resina-48-cm-de421a42,Balliu,Mesa,ACTIVE,11,11,images_balliu/Eva-Pro-Mini_Sin-fondo.jpg | images_balliu/Mesa-Auxiliar-Eva-Pro-Mini_blanca2_Balliu.jpg | images_balliu/Mesa-Auxiliar-Eva-Pro-Mini_blanca3_Balliu.jpg | images_balliu/Mesa-Eva-Pro-Mini-Tortola_Silla-Bruna-brazos2.jpg | images_balliu/Mesa-Eva-Pro-Mini-blanca_Silla-Selva.jpg | images_balliu/eva-pro-mini-mesa-apilable-800x614-1.jpg | images_balliu/eva-pro-mini-mesa-arena-800x614-1.jpg | images_balliu/eva-pro-mini-mesa-blanco-ai-800x614-1.jpg | images_balliu/eva-pro-mini-prestige-mesa-bronce-800x614-1.jpg | images_balliu/eva-pro-mini-prestige-mesa-gris-oscuro-800x614-1.jpg | images_balliu/eva-pro-mini-prestige-mesa-tortola-800x614-1.jpg
balliu-mesa-auxiliar-exterior-resina-48-cm-911a77ba,Balliu,Mesa,DRAFT,12,11,images_balliu/Eva-Pro-Mini_Sin-fondo.jpg | images_balliu/Mesa-Auxiliar-Eva-Pro-Mini_blanca2_Balliu.jpg | images_balliu/Mesa-Auxiliar-Eva-Pro-Mini_blanca3_Balliu.jpg | images_balliu/Mesa-Eva-Pro-Mini-Tortola_Silla-Bruna-brazos2.jpg | images_balliu/Mesa-Eva-Pro-Mini-blanca_Silla-Selva.jpg | images_balliu/eva-pro-mini-mesa-apilable-800x614-1.jpg | images_balliu/eva-pro-mini-mesa-arena-800x614-1.jpg | images_balliu/eva-pro-mini-mesa-blanco-ai-800x614-1.jpg | images_balliu/eva-pro-mini-prestige-mesa-bronce-800x614-1.jpg | images_balliu/eva-pro-mini-prestige-mesa-gris-oscuro-800x614-1.jpg | images_balliu/eva-pro-mini-prestige-mesa-tortola-800x614-1.jpg
balliu-mesa-auxiliar-exterior-resina-48-cm-35554775,Balliu,Mesa,ACTIVE,8,7,images_balliu/Balliu_Eva-Pro-BCN_mesita-y-tumbona.jpg | images_balliu/Balliu_Eva-Pro-BCN_mesita-y-tumbona2.jpg | images_balliu/Balliu_Eva-Pro-BCN_mesita.jpg | images_balliu/Detalle-Eva-Pro-BCN.jpg | images_balliu/Mesita-Eva-Pro-BCN.jpg | images_balliu/eva-pro-bcn-mesa-blanco-ambiente-800x614-1.jpg | images_balliu/eva-pro-bcn-mesa-blanco-apilable-800x614-1.jpg
balliu-mesa-auxiliar-exterior-resina-48-cm-25cd2ede,Balliu,Mesa,DRAFT,8,7,images_balliu/Balliu_Eva-Pro-BCN_mesita-y-tumbona.jpg | images_balliu/Balliu_Eva-Pro-BCN_mesita-y-tumbona2.jpg | images_balliu/Balliu_Eva-Pro-BCN_mesita.jpg | images_balliu/Detalle-Eva-Pro-BCN.jpg | images_balliu/Mesita-Eva-Pro-BCN.jpg | images_balliu/eva-pro-bcn-mesa-blanco-ambiente-800x614-1.jpg | images_balliu/eva-pro-bcn-mesa-blanco-apilable-800x614-1.jpg
balliu-mesa-auxiliar-exterior-aluminio-54-cm-6c7a42d9,Balliu,Mesa,ACTIVE,11,10,images_balliu/404-OLIMPIA.jpg | images_balliu/Conjunto-Olimpia-Tumbona-y-mesa-auxiliar.jpg | images_balliu/Mesita-Olimpia-auxiliar-y-Cannes.jpg | images_balliu/Mesita-Olimpia-auxiliar.jpg | images_balliu/Mesita-Olimpia-auxiliar_sin-fondo2.jpg | images_balliu/Tumbona-Etna-y-mesa-auxiliar-Olimpia.jpg | images_balliu/Tumbona-y-Mesa-auxiliar-Olimpia_tortola.jpg | images_balliu/conjunto-olimpia-1.jpg | images_balliu/olimpia-mesa-auxiliar-aluminio-800x614-1.jpg | images_balliu/olimpia-mesa-auxiliar-tortola-800x614-1.jpg
balliu-mesa-auxiliar-exterior-aluminio-90b11e5b,Balliu,Mesa,ACTIVE,6,5,images_balliu/Mesa-Auxiliar-Noa_blanca_Balliu2.jpg | images_balliu/Noa_auxiliar_800x614_2.jpg | images_balliu/Noa_auxiliar_800x614_3.jpg | images_balliu/Noa_auxiliar_800x614_4.jpg | images_balliu/noa_prestige_800x614_2.jpg
balliu-mesa-auxiliar-exterior-aluminio-27ce9446,Balliu,Mesa,DRAFT,6,5,images_balliu/Mesa-Auxiliar-Noa_blanca_Balliu2.jpg | images_balliu/Noa_auxiliar_800x614_2.jpg | images_balliu/Noa_auxiliar_800x614_3.jpg | images_balliu/Noa_auxiliar_800x614_4.jpg | images_balliu/noa_prestige_800x614_2.jpg
balliu-mesa-auxiliar-exterior-aluminio-60-cm-9c991818,Balliu,Mesa,ACTIVE,6,6,images_balliu/795-ETNA.jpg | images_balliu/Balliu_MesaCentral-Etna_blanco_Moonwalk2.jpg | images_balliu/Tumbona-Etna_Mesa-auxiliar-Etna-blanco2.jpg | images_balliu/Tumbona-Etna_Mesa-auxiliar-Etna_Brisa2.jpg | images_balliu/Tumbona-Etna_Mesa-auxiliar-Etna_C.jpg | images_balliu/etna-mesa-auxiliar-blanco-blanco-800x614-1.jpg
balliu-mesa-exterior-resina-70-cm-33ce1613,Balliu,Mesa,ACTIVE,7,6,images_balliu/Balliu_Mesa_Selva_Blanco.jpg | images_balliu/Balliu_Mesa_Selva_Blanco2.jpg | images_balliu/Balliu_Mesa_Selva_Blanco3.jpg | images_balliu/graduador-mesa-selva-blanco-001-scaled.jpg | images_balliu/mesa-selva-blanco-hpl-blanco-tablero-cuadrado-001-scaled.jpg | images_balliu/thumbnail_selva-mesa-blanco-800x614-1.jpg
balliu-mesa-exterior-resina-80-cm-eb565c3e,Balliu,Mesa,DRAFT,7,6,images_balliu/Balliu_Mesa_Selva_Blanco.jpg | images_balliu/Balliu_Mesa_Selva_Blanco2.jpg | images_balliu/Balliu_Mesa_Selva_Blanco3.jpg | images_balliu/graduador-mesa-selva-blanco-001-scaled.jpg | images_balliu/mesa-selva-blanco-hpl-blanco-tablero-cuadrado-001-scaled.jpg | images_balliu/thumbnail_selva-mesa-blanco-800x614-1.jpg
balliu-mesa-exterior-resina-90-cm-871df608,Balliu,Mesa,DRAFT,7,6,images_balliu/Balliu_Mesa_Selva_Blanco.jpg | images_balliu/Balliu_Mesa_Selva_Blanco2.jpg | images_balliu/Balliu_Mesa_Selva_Blanco3.jpg | images_balliu/graduador-mesa-selva-blanco-001-scaled.jpg | images_balliu/mesa-selva-blanco-hpl-blanco-tablero-cuadrado-001-scaled.jpg | images_balliu/thumbnail_selva-mesa-blanco-800x614-1.jpg
balliu-mesa-exterior-resina-7070-cm-7ab14c9a,Balliu,Mesa,DRAFT,7,6,images_balliu/Balliu_Mesa_Selva_Blanco.jpg | images_balliu/Balliu_Mesa_Selva_Blanco2.jpg | images_balliu/Balliu_Mesa_Selva_Blanco3.jpg | images_balliu/graduador-mesa-selva-blanco-001-scaled.jpg | images_balliu/mesa-selva-blanco-hpl-blanco-tablero-cuadrado-001-scaled.jpg | images_balliu/thumbnail_selva-mesa-blanco-800x614-1.jpg
balliu-mesa-exterior-resina-8080-cm-1a5a5005,Balliu,Mesa,DRAFT,7,6,images_balliu/Balliu_Mesa_Selva_Blanco.jpg | images_balliu/Balliu_Mesa_Selva_Blanco2.jpg | images_balliu/Balliu_Mesa_Selva_Blanco3.jpg | images_balliu/graduador-mesa-selva-blanco-001-scaled.jpg | images_balliu/mesa-selva-blanco-hpl-blanco-tablero-cuadrado-001-scaled.jpg | images_balliu/thumbnail_selva-mesa-blanco-800x614-1.jpg
balliu-mesa-exterior-resina-12080-cm-747885bd,Balliu,Mesa,DRAFT,7,6,images_balliu/Balliu_Mesa_Selva_Blanco.jpg | images_balliu/Balliu_Mesa_Selva_Blanco2.jpg | images_balliu/Balliu_Mesa_Selva_Blanco3.jpg | images_balliu/graduador-mesa-selva-blanco-001-scaled.jpg | images_balliu/mesa-selva-blanco-hpl-blanco-tablero-cuadrado-001-scaled.jpg | images_balliu/thumbnail_selva-mesa-blanco-800x614-1.jpg
balliu-mesa-exterior-aluminio-8080-cm-ef580ae2,Balliu,Mesa,ACTIVE,85,14,images_balliu/677-BRUNEI.jpg | images_balliu/685-BRUNEI.jpg | images_balliu/Brunei_Duna-negre2_c.jpg | images_balliu/Brunei_Duna-negre_c.jpg | images_balliu/Brunei_Duna2.jpg | images_balliu/Brunei_Silla-Etna-alum2.jpg | images_balliu/Brunei_Silla-Etna2_c.jpg | images_balliu/Brunei_Silla-Etna3_c.jpg | images_balliu/Brunei_Silla-Etna_Sofa-Etna2.jpg | images_balliu/Brunei_vera2.jpg | images_balliu/DSC_0360-scaled.jpg | images_balliu/brunei-80-aluminio-gris-800x614-1.jpg | images_balliu/brunei-80-blanco-blanco-800x614-1.jpg | images_balliu/brunei-80-tortola-gris-800x614-1.jpg
balliu-mesa-exterior-hpl-24090-cm-78358691,Balliu,Mesa,DRAFT,9,9,images_balliu/628-ATLANTA.jpg | images_balliu/674-ATLANTA.jpg | images_balliu/Atlanta-Extensible2.jpg | images_balliu/Atlanta_Silla-Etna_blanco2.jpg | images_balliu/Atlanta_Vera_Garbi_Noa2.jpg | images_balliu/Atlanta_Vera_blanc2.jpg | images_balliu/atlanta-l-aluminio-800x614-1.jpg | images_balliu/atlanta-l-aluminio-detalle-800x614-1.jpg | images_balliu/balliu_mesa-de-aluminio-modelo-altea.jpg
balliu-mesa-exterior-hpl-24090-cm-d4e471c5,Balliu,Mesa,DRAFT,9,9,images_balliu/628-ATLANTA.jpg | images_balliu/674-ATLANTA.jpg | images_balliu/Atlanta-Extensible2.jpg | images_balliu/Atlanta_Silla-Etna_blanco2.jpg | images_balliu/Atlanta_Vera_Garbi_Noa2.jpg | images_balliu/Atlanta_Vera_blanc2.jpg | images_balliu/atlanta-l-aluminio-800x614-1.jpg | images_balliu/atlanta-l-aluminio-detalle-800x614-1.jpg | images_balliu/balliu_mesa-de-aluminio-modelo-altea.jpg
balliu-mesa-exterior-140-18090-cm-e4ec7d7c,Balliu,Mesa,ACTIVE,9,9,images_balliu/628-ATLANTA.jpg | images_balliu/674-ATLANTA.jpg | images_balliu/Atlanta-Extensible2.jpg | images_balliu/Atlanta_Silla-Etna_blanco2.jpg | images_balliu/Atlanta_Vera_Garbi_Noa2.jpg | images_balliu/Atlanta_Vera_blanc2.jpg | images_balliu/atlanta-l-aluminio-800x614-1.jpg | images_balliu/atlanta-l-aluminio-detalle-800x614-1.jpg | images_balliu/balliu_mesa-extensible-de-aluminio-atlanta.jpg
balliu-mesa-exterior-200-260100-cm-9d798e50,Balliu,Mesa,DRAFT,9,9,images_balliu/628-ATLANTA.jpg | images_balliu/674-ATLANTA.jpg | images_balliu/Atlanta-Extensible2.jpg | images_balliu/Atlanta_Silla-Etna_blanco2.jpg | images_balliu/Atlanta_Vera_Garbi_Noa2.jpg | images_balliu/Atlanta_Vera_blanc2.jpg | images_balliu/atlanta-l-aluminio-800x614-1.jpg | images_balliu/atlanta-l-aluminio-detalle-800x614-1.jpg | images_balliu/balliu_mesa-extensible-de-aluminio-atlanta.jpg
balliu-mesa-exterior-hpl-140-180100-cm-8e073aab,Balliu,Mesa,ACTIVE,9,9,images_balliu/Balliu_Mesa-Java.jpg | images_balliu/Balliu_Mesa-Java2.jpg | images_balliu/Balliu_Mesa-Java_sin-fondo.jpg | images_balliu/Detalle-Java-Extensible.jpg | images_balliu/Detalle-Java-Extensible2.jpg | images_balliu/Detalle-Mesa-Java_Silla-Etna.jpg | images_balliu/balliu_mesa-extensible-de-aluminio-atlanta.jpg | images_balliu/java-mesa-aluminio-ambiente-800x614-1.jpg | images_balliu/java-mesa-aluminio-tablero-800x614-1.jpg
balliu-mesa-exterior-hpl-140-180100-cm-e5e3bb40,Balliu,Mesa,DRAFT,9,9,images_balliu/Balliu_Mesa-Java.jpg | images_balliu/Balliu_Mesa-Java2.jpg | images_balliu/Balliu_Mesa-Java_sin-fondo.jpg | images_balliu/Detalle-Java-Extensible.jpg | images_balliu/Detalle-Java-Extensible2.jpg | images_balliu/Detalle-Mesa-Java_Silla-Etna.jpg | images_balliu/balliu_mesa-extensible-de-aluminio-atlanta.jpg | images_balliu/java-mesa-aluminio-ambiente-800x614-1.jpg | images_balliu/java-mesa-aluminio-tablero-800x614-1.jpg
balliu-mesa-exterior-hpl-200-260100-cm-23187ea9,Balliu,Mesa,DRAFT,9,9,images_balliu/Balliu_Mesa-Java.jpg | images_balliu/Balliu_Mesa-Java2.jpg | images_balliu/Balliu_Mesa-Java_sin-fondo.jpg | images_balliu/Detalle-Java-Extensible.jpg | images_balliu/Detalle-Java-Extensible2.jpg | images_balliu/Detalle-Mesa-Java_Silla-Etna.jpg | images_balliu/balliu_mesa-extensible-de-aluminio-atlanta.jpg | images_balliu/java-mesa-aluminio-ambiente-800x614-1.jpg | images_balliu/java-mesa-aluminio-tablero-800x614-1.jpg
balliu-mesa-exterior-hpl-200-260100-cm-4a63be2f,Balliu,Mesa,DRAFT,9,9,images_balliu/Balliu_Mesa-Java.jpg | images_balliu/Balliu_Mesa-Java2.jpg | images_balliu/Balliu_Mesa-Java_sin-fondo.jpg | images_balliu/Detalle-Java-Extensible.jpg | images_balliu/Detalle-Java-Extensible2.jpg | images_balliu/Detalle-Mesa-Java_Silla-Etna.jpg | images_balliu/balliu_mesa-extensible-de-aluminio-atlanta.jpg | images_balliu/java-mesa-aluminio-ambiente-800x614-1.jpg | images_balliu/java-mesa-aluminio-tablero-800x614-1.jpg
balliu-mesa-alta-exterior-hpl-45c511e9,Balliu,Mesa,DRAFT,5,5,images_balliu/182-CAPRI-ALTA.jpg | images_balliu/399-CAPRI-ALTA.jpg | images_balliu/Capri-alta_Taburete-Etna2.jpg | images_balliu/balliu_mesa-de-aluminio-capri-alta.jpg | images_balliu/capri-mesa-alta-aluminio-800x614-1.jpg
balliu-mesa-alta-exterior-hpl-f99491ce,Balliu,Mesa,DRAFT,5,5,images_balliu/182-CAPRI-ALTA.jpg | images_balliu/399-CAPRI-ALTA.jpg | images_balliu/Capri-alta_Taburete-Etna2.jpg | images_balliu/balliu_mesa-de-aluminio-capri-alta.jpg | images_balliu/capri-mesa-alta-aluminio-800x614-1.jpg
balliu-mesa-exterior-hpl-451e7ba8,Balliu,Mesa,DRAFT,8,8,images_balliu/Balliu_Detalle_MesaCentral-Etna2.jpg | images_balliu/Balliu_MesaCentral-Etna2_blanco_Prado2.jpg | images_balliu/Balliu_MesaCentral-Etna_blanco_Moonwalk2.jpg | images_balliu/Balliu_MesaCentral-Etna_blanco_Prado2.jpg | images_balliu/balliu_mesa-de-aluminio-modelo-altea.jpg | images_balliu/mesa-central-etna-aluminio-hpl-moonwalk-ambiente-001-scaled.jpg | images_balliu/mesa-central-etna-blanco-hpl-blanco-render-000.png | images_balliu/mesa-central-etna-blanco-hpl-gris-render-003.png
balliu-mesa-exterior-hpl-3adfe773,Balliu,Mesa,DRAFT,8,8,images_balliu/Balliu_Detalle_MesaCentral-Etna2.jpg | images_balliu/Balliu_MesaCentral-Etna2_blanco_Prado2.jpg | images_balliu/Balliu_MesaCentral-Etna_blanco_Moonwalk2.jpg | images_balliu/Balliu_MesaCentral-Etna_blanco_Prado2.jpg | images_balliu/balliu_mesa-de-aluminio-modelo-altea.jpg | images_balliu/mesa-central-etna-aluminio-hpl-moonwalk-ambiente-001-scaled.jpg | images_balliu/mesa-central-etna-blanco-hpl-blanco-render-000.png | images_balliu/mesa-central-etna-blanco-hpl-gris-render-003.png
balliu-mesa-exterior-hpl-65e3ca13,Balliu,Mesa,DRAFT,8,8,images_balliu/Balliu_Detalle_MesaCentral-Etna2.jpg | images_balliu/Balliu_MesaCentral-Etna2_blanco_Prado2.jpg | images_balliu/Balliu_MesaCentral-Etna_blanco_Moonwalk2.jpg | images_balliu/Balliu_MesaCentral-Etna_blanco_Prado2.jpg | images_balliu/balliu_mesa-de-aluminio-modelo-altea.jpg | images_balliu/mesa-central-etna-aluminio-hpl-moonwalk-ambiente-001-scaled.jpg | images_balliu/mesa-central-etna-blanco-hpl-blanco-render-000.png | images_balliu/mesa-central-etna-blanco-hpl-gris-render-003.png
balliu-mesa-exterior-hpl-1b4f3962,Balliu,Mesa,DRAFT,8,8,images_balliu/Balliu_Detalle_MesaCentral-Etna2.jpg | images_balliu/Balliu_MesaCentral-Etna2_blanco_Prado2.jpg | images_balliu/Balliu_MesaCentral-Etna_blanco_Moonwalk2.jpg | images_balliu/Balliu_MesaCentral-Etna_blanco_Prado2.jpg | images_balliu/balliu_mesa-de-aluminio-modelo-altea.jpg | images_balliu/mesa-central-etna-aluminio-hpl-moonwalk-ambiente-001-scaled.jpg | images_balliu/mesa-central-etna-blanco-hpl-blanco-render-000.png | images_balliu/mesa-central-etna-blanco-hpl-gris-render-003.png
balliu-mesa-exterior-aluminio-90-cm-22901f1b,Balliu,Mesa,DRAFT,16,7,images_balliu/180-CAPRI-scaled.jpg | images_balliu/397-CAPRI.jpg | images_balliu/Capri-Quadrada2.png | images_balliu/Capri-redonda2.jpg | images_balliu/capri-mesa-aluminio-800x614-1.jpg | images_balliu/jmf2012_jml1499-scaled.jpg | images_balliu/mesa-capri-aluminio-hpl-blanco-redondo-001-scaled.jpg
balliu-mesa-exterior-aluminio-7070-cm-724b0db0,Balliu,Mesa,ACTIVE,64,7,images_balliu/180-CAPRI-scaled.jpg | images_balliu/397-CAPRI.jpg | images_balliu/Capri-Quadrada2.png | images_balliu/Capri-redonda2.jpg | images_balliu/capri-mesa-aluminio-800x614-1.jpg | images_balliu/jmf2012_jml1499-scaled.jpg | images_balliu/mesa-capri-aluminio-hpl-blanco-redondo-001-scaled.jpg
balliu-mesa-alta-exterior-hpl-a3352658,Balliu,Mesa,DRAFT,5,5,images_balliu/182-CAPRI-ALTA.jpg | images_balliu/399-CAPRI-ALTA.jpg | images_balliu/Capri-alta_Taburete-Etna2.jpg | images_balliu/balliu_mesa-de-aluminio-capri-alta.jpg | images_balliu/capri-mesa-alta-aluminio-800x614-1.jpg
balliu-mesa-alta-exterior-hpl-94512eab,Balliu,Mesa,ACTIVE,5,5,images_balliu/182-CAPRI-ALTA.jpg | images_balliu/399-CAPRI-ALTA.jpg | images_balliu/Capri-alta_Taburete-Etna2.jpg | images_balliu/balliu_mesa-de-aluminio-capri-alta.jpg | images_balliu/capri-mesa-alta-aluminio-800x614-1.jpg
balliu-mesa-alta-exterior-hpl-5d74130e,Balliu,Mesa,DRAFT,5,5,images_balliu/182-CAPRI-ALTA.jpg | images_balliu/399-CAPRI-ALTA.jpg | images_balliu/Capri-alta_Taburete-Etna2.jpg | images_balliu/balliu_mesa-de-aluminio-capri-alta.jpg | images_balliu/capri-mesa-alta-aluminio-800x614-1.jpg
balliu-mesa-exterior-hpl-7070-cm-9d14e31f,Balliu,Mesa,DRAFT,8,8,images_balliu/Balliu_Detalle_MesaCentral-Etna2.jpg | images_balliu/Balliu_MesaCentral-Etna2_blanco_Prado2.jpg | images_balliu/Balliu_MesaCentral-Etna_blanco_Moonwalk2.jpg | images_balliu/Balliu_MesaCentral-Etna_blanco_Prado2.jpg | images_balliu/balliu_etna-mesa-central.jpg | images_balliu/mesa-central-etna-aluminio-hpl-moonwalk-ambiente-001-scaled.jpg | images_balliu/mesa-central-etna-blanco-hpl-blanco-render-000.png | images_balliu/mesa-central-etna-blanco-hpl-gris-render-003.png
balliu-mesa-exterior-hpl-7070-cm-146f72ca,Balliu,Mesa,DRAFT,8,8,images_balliu/Balliu_Detalle_MesaCentral-Etna2.jpg | images_balliu/Balliu_MesaCentral-Etna2_blanco_Prado2.jpg | images_balliu/Balliu_MesaCentral-Etna_blanco_Moonwalk2.jpg | images_balliu/Balliu_MesaCentral-Etna_blanco_Prado2.jpg | images_balliu/balliu_etna-mesa-central.jpg | images_balliu/mesa-central-etna-aluminio-hpl-moonwalk-ambiente-001-scaled.jpg | images_balliu/mesa-central-etna-blanco-hpl-blanco-render-000.png | images_balliu/mesa-central-etna-blanco-hpl-gris-render-003.png
balliu-mesa-exterior-hpl-8080-cm-1a2fe7b5,Balliu,Mesa,DRAFT,8,8,images_balliu/Balliu_Detalle_MesaCentral-Etna2.jpg | images_balliu/Balliu_MesaCentral-Etna2_blanco_Prado2.jpg | images_balliu/Balliu_MesaCentral-Etna_blanco_Moonwalk2.jpg | images_balliu/Balliu_MesaCentral-Etna_blanco_Prado2.jpg | images_balliu/balliu_etna-mesa-central.jpg | images_balliu/mesa-central-etna-aluminio-hpl-moonwalk-ambiente-001-scaled.jpg | images_balliu/mesa-central-etna-blanco-hpl-blanco-render-000.png | images_balliu/mesa-central-etna-blanco-hpl-gris-render-003.png
balliu-mesa-exterior-hpl-8080-cm-96593887,Balliu,Mesa,DRAFT,8,8,images_balliu/Balliu_Detalle_MesaCentral-Etna2.jpg | images_balliu/Balliu_MesaCentral-Etna2_blanco_Prado2.jpg | images_balliu/Balliu_MesaCentral-Etna_blanco_Moonwalk2.jpg | images_balliu/Balliu_MesaCentral-Etna_blanco_Prado2.jpg | images_balliu/balliu_etna-mesa-central.jpg | images_balliu/mesa-central-etna-aluminio-hpl-moonwalk-ambiente-001-scaled.jpg | images_balliu/mesa-central-etna-blanco-hpl-blanco-render-000.png | images_balliu/mesa-central-etna-blanco-hpl-gris-render-003.png
balliu-mesa-exterior-hpl-7070-cm-f6074154,Balliu,Mesa,DRAFT,8,8,images_balliu/Balliu_Detalle_MesaCentral-Etna2.jpg | images_balliu/Balliu_MesaCentral-Etna2_blanco_Prado2.jpg | images_balliu/Balliu_MesaCentral-Etna_blanco_Moonwalk2.jpg | images_balliu/Balliu_MesaCentral-Etna_blanco_Prado2.jpg | images_balliu/balliu_etna-mesa-central.jpg | images_balliu/mesa-central-etna-aluminio-hpl-moonwalk-ambiente-001-scaled.jpg | images_balliu/mesa-central-etna-blanco-hpl-blanco-render-000.png | images_balliu/mesa-central-etna-blanco-hpl-gris-render-003.png
balliu-mesa-exterior-aluminio-7070-cm-1b61e6b6,Balliu,Mesa,ACTIVE,9,8,images_balliu/Balliu_Mesa_Altea_blanca_ambiente2.jpg | images_balliu/Balliu_Mesa_Altea_blanca_detalle.jpg | images_balliu/Balliu_Mesa_Altea_blanca_detalle1.jpg | images_balliu/Balliu_Mesa_Altea_plegable.jpg | images_balliu/Balliu_Mesa_Altea_tortola_prado_Balcon.jpg | images_balliu/Balliu_Mesa_Altea_tortola_prado_DETALLE.jpg | images_balliu/altea-mesa-tortola-800x614-1.jpg | images_balliu/altea-mesa-tortola-apilable-800x614-1.jpg
balliu-mesa-exterior-aluminio-8080-cm-a05618ad,Balliu,Mesa,DRAFT,9,8,images_balliu/Balliu_Mesa_Altea_blanca_ambiente2.jpg | images_balliu/Balliu_Mesa_Altea_blanca_detalle.jpg | images_balliu/Balliu_Mesa_Altea_blanca_detalle1.jpg | images_balliu/Balliu_Mesa_Altea_plegable.jpg | images_balliu/Balliu_Mesa_Altea_tortola_prado_Balcon.jpg | images_balliu/Balliu_Mesa_Altea_tortola_prado_DETALLE.jpg | images_balliu/altea-mesa-tortola-800x614-1.jpg | images_balliu/altea-mesa-tortola-apilable-800x614-1.jpg
balliu-mesa-exterior-aluminio-8080-cm-0a3ee957,Balliu,Mesa,DRAFT,9,8,images_balliu/Balliu_Mesa_Altea_blanca_ambiente2.jpg | images_balliu/Balliu_Mesa_Altea_blanca_detalle.jpg | images_balliu/Balliu_Mesa_Altea_blanca_detalle1.jpg | images_balliu/Balliu_Mesa_Altea_plegable.jpg | images_balliu/Balliu_Mesa_Altea_tortola_prado_Balcon.jpg | images_balliu/Balliu_Mesa_Altea_tortola_prado_DETALLE.jpg | images_balliu/altea-mesa-tortola-800x614-1.jpg | images_balliu/altea-mesa-tortola-apilable-800x614-1.jpg
balliu-mesa-exterior-aluminio-80-cm-50525e0b,Balliu,Mesa,DRAFT,8,7,images_balliu/Balliu_Mesa_Altea_blanca_ambiente2.jpg | images_balliu/Balliu_Mesa_Altea_blanca_detalle.jpg | images_balliu/Balliu_Mesa_Altea_blanca_detalle1.jpg | images_balliu/Balliu_Mesa_Altea_plegable.jpg | images_balliu/Balliu_Mesa_Altea_tortola_prado_DETALLE.jpg | images_balliu/altea-mesa-tortola-800x614-1.jpg | images_balliu/altea-mesa-tortola-apilable-800x614-1.jpg
balliu-mesa-exterior-aluminio-80-cm-b06218ca,Balliu,Mesa,DRAFT,9,8,images_balliu/Balliu_Mesa_Altea_blanca_ambiente2.jpg | images_balliu/Balliu_Mesa_Altea_blanca_detalle.jpg | images_balliu/Balliu_Mesa_Altea_blanca_detalle1.jpg | images_balliu/Balliu_Mesa_Altea_plegable.jpg | images_balliu/Balliu_Mesa_Altea_tortola_prado_Balcon.jpg | images_balliu/Balliu_Mesa_Altea_tortola_prado_DETALLE.jpg | images_balliu/altea-mesa-tortola-800x614-1.jpg | images_balliu/altea-mesa-tortola-apilable-800x614-1.jpg
balliu-mesa-exterior-aluminio-12080-cm-bf75a33d,Balliu,Mesa,DRAFT,9,8,images_balliu/Balliu_Mesa_Altea_blanca_ambiente2.jpg | images_balliu/Balliu_Mesa_Altea_blanca_detalle.jpg | images_balliu/Balliu_Mesa_Altea_blanca_detalle1.jpg | images_balliu/Balliu_Mesa_Altea_plegable.jpg | images_balliu/Balliu_Mesa_Altea_tortola_prado_Balcon.jpg | images_balliu/Balliu_Mesa_Altea_tortola_prado_DETALLE.jpg | images_balliu/altea-mesa-tortola-800x614-1.jpg | images_balliu/altea-mesa-tortola-apilable-800x614-1.jpg
balliu-mesa-exterior-aluminio-75-cm-d7ab6e04,Balliu,Mesa,DRAFT,8,7,images_balliu/190-AGATA.jpg | images_balliu/192-AGATA.jpg | images_balliu/193-AGATA.jpg | images_balliu/194-AGATA.jpg | images_balliu/Agata-blanca_Duna-tortola.jpg | images_balliu/Agata_Mila-Aluminio.jpg | images_balliu/agata-mesa-aluminio-800x614-1.jpg
balliu-mesa-exterior-aluminio-75-cm-dd745448,Balliu,Mesa,ACTIVE,8,7,images_balliu/190-AGATA.jpg | images_balliu/192-AGATA.jpg | images_balliu/193-AGATA.jpg | images_balliu/194-AGATA.jpg | images_balliu/Agata-blanca_Duna-tortola.jpg | images_balliu/Agata_Mila-Aluminio.jpg | images_balliu/agata-mesa-aluminio-800x614-1.jpg
balliu-mesa-exterior-aluminio-75-cm-c0092e17,Balliu,Mesa,DRAFT,8,7,images_balliu/190-AGATA.jpg | images_balliu/192-AGATA.jpg | images_balliu/193-AGATA.jpg | images_balliu/194-AGATA.jpg | images_balliu/Agata-blanca_Duna-tortola.jpg | images_balliu/Agata_Mila-Aluminio.jpg | images_balliu/agata-mesa-aluminio-800x614-1.jpg
balliu-mesa-exterior-aluminio-72-cm-72514f40,Balliu,Mesa,ACTIVE,4,3,images_balliu/188-NORA.jpg | images_balliu/400-NORA.jpg | images_balliu/Nora2.jpg
balliu-sofa-exterior-3-plazas-aluminio-estilo-elegante-62-cm-5e2ef268,Balliu,Sofa,ACTIVE,14,13,images_balliu/Sofa-Olimpia_Mesa-Central-Olimpia-blanco2_c.jpg | images_balliu/Sofa-Olimpia_Mesa-Central-Olimpia-blanco_c.jpg | images_balliu/Sofas-Olimpia_Mesa-central-Olimpia-Tortola2-1.jpg | images_balliu/Sofas-Olimpia_Mesa-central-Olimpia-Tortola_c.jpg | images_balliu/olimpia-1p-aluminio-800x614-1.jpg | images_balliu/olimpia-1p-blanco-800x614-1.jpg | images_balliu/olimpia-1p-tortora-800x614-1.jpg | images_balliu/olimpia-2p-aluminio-800x614-2.jpg | images_balliu/olimpia-2p-blanco-800x614-2.jpg | images_balliu/olimpia-2p-tortora-800x614-2.jpg | images_balliu/sofa-olimpia-3p-aluminio-5000-001-scaled.jpg | images_balliu/sofa-olimpia-3p-blanco-3800-001-scaled.jpg | images_balliu/sofa-olimpia-3p-tortola-1000-001-scaled.jpg
balliu-mesa-auxiliar-exterior-aluminio-54-cm-19d3d0ee,Balliu,Mesa,ACTIVE,11,10,images_balliu/404-OLIMPIA.jpg | images_balliu/Conjunto-Olimpia-Tumbona-y-mesa-auxiliar.jpg | images_balliu/Mesita-Olimpia-auxiliar-y-Cannes.jpg | images_balliu/Mesita-Olimpia-auxiliar.jpg | images_balliu/Mesita-Olimpia-auxiliar_sin-fondo2.jpg | images_balliu/Tumbona-Etna-y-mesa-auxiliar-Olimpia.jpg | images_balliu/Tumbona-y-Mesa-auxiliar-Olimpia_tortola.jpg | images_balliu/conjunto-olimpia-1.jpg | images_balliu/olimpia-mesa-auxiliar-aluminio-800x614-1.jpg | images_balliu/olimpia-mesa-auxiliar-tortola-800x614-1.jpg
balliu-mesa-auxiliar-exterior-aluminio-54-cm-9e2a2ecb,Balliu,Mesa,DRAFT,11,10,images_balliu/404-OLIMPIA.jpg | images_balliu/Conjunto-Olimpia-Tumbona-y-mesa-auxiliar.jpg | images_balliu/Mesita-Olimpia-auxiliar-y-Cannes.jpg | images_balliu/Mesita-Olimpia-auxiliar.jpg | images_balliu/Mesita-Olimpia-auxiliar_sin-fondo2.jpg | images_balliu/Tumbona-Etna-y-mesa-auxiliar-Olimpia.jpg | images_balliu/Tumbona-y-Mesa-auxiliar-Olimpia_tortola.jpg | images_balliu/conjunto-olimpia-1.jpg | images_balliu/olimpia-mesa-auxiliar-aluminio-800x614-1.jpg | images_balliu/olimpia-mesa-auxiliar-tortola-800x614-1.jpg
balliu-mesa-auxiliar-exterior-aluminio-54-cm-5ad43bf2,Balliu,Mesa,DRAFT,11,10,images_balliu/404-OLIMPIA.jpg | images_balliu/Conjunto-Olimpia-Tumbona-y-mesa-auxiliar.jpg | images_balliu/Mesita-Olimpia-auxiliar-y-Cannes.jpg | images_balliu/Mesita-Olimpia-auxiliar.jpg | images_balliu/Mesita-Olimpia-auxiliar_sin-fondo2.jpg | images_balliu/Tumbona-Etna-y-mesa-auxiliar-Olimpia.jpg | images_balliu/Tumbona-y-Mesa-auxiliar-Olimpia_tortola.jpg | images_balliu/conjunto-olimpia-1.jpg | images_balliu/olimpia-mesa-auxiliar-aluminio-800x614-1.jpg | images_balliu/olimpia-mesa-auxiliar-tortola-800x614-1.jpg
balliu-mesa-auxiliar-exterior-aluminio-54-cm-2ad5a2df,Balliu,Mesa,DRAFT,11,10,images_balliu/404-OLIMPIA.jpg | images_balliu/Conjunto-Olimpia-Tumbona-y-mesa-auxiliar.jpg | images_balliu/Mesita-Olimpia-auxiliar-y-Cannes.jpg | images_balliu/Mesita-Olimpia-auxiliar.jpg | images_balliu/Mesita-Olimpia-auxiliar_sin-fondo2.jpg | images_balliu/Tumbona-Etna-y-mesa-auxiliar-Olimpia.jpg | images_balliu/Tumbona-y-Mesa-auxiliar-Olimpia_tortola.jpg | images_balliu/conjunto-olimpia-1.jpg | images_balliu/olimpia-mesa-auxiliar-aluminio-800x614-1.jpg | images_balliu/olimpia-mesa-auxiliar-tortola-800x614-1.jpg
balliu-sofa-exterior-3-plazas-aluminio-estilo-contemporaneo-77-cm-674ab9a1,Balliu,Sofa,ACTIVE,12,11,images_balliu/Balliu-5690-by-mCFalkyphoto-TpSze.jpg | images_balliu/Conjunto-Sofa-Etna2.jpg | images_balliu/Detalle-sofa-Etna2.jpg | images_balliu/Sofa-Etna-blanco-gris2.jpg | images_balliu/Sofa-Etna-individual-blanco-marron2.jpg | images_balliu/etna-1p-aluminio-gris-800x614-1.jpg | images_balliu/etna-1p-blanco-gris-800x614-1.jpg | images_balliu/etna-2p-aluminio-gris-800x614-1.jpg | images_balliu/etna-2p-blanco-gris-800x614-2.jpg | images_balliu/etna-3p-aluminio-gris-800x614-2.jpg | images_balliu/etna-3p-blanco-gris-800x614-2.jpg
balliu-mesa-de-centro-exterior-aluminio-60-cm-510b363e,Balliu,Mesa,ACTIVE,8,7,images_balliu/Balliu_Detalle_MesaCentral-Etna2.jpg | images_balliu/Balliu_MesaCentral-Etna2_blanco_Prado2.jpg | images_balliu/Balliu_MesaCentral-Etna_blanco_Moonwalk2.jpg | images_balliu/Balliu_MesaCentral-Etna_blanco_Prado2.jpg | images_balliu/mesa-central-etna-aluminio-hpl-moonwalk-ambiente-001-scaled.jpg | images_balliu/mesa-central-etna-blanco-hpl-blanco-render-000.png | images_balliu/mesa-central-etna-blanco-hpl-gris-render-003.png
balliu-parasol-para-terraza-acrilico-236bd5f0,Balliu,Parasol,ACTIVE,4,5,images_balliu/Cannes-Agora-Gris2.jpg | images_balliu/agora-parasol-800x614-1.jpg | images_balliu/agora-parasol-ambiente-800x614-1.jpg | images_balliu/balliu_parasol-ocean-tejido-acrilico.jpg | images_balliu/nuevas/agora-parasol-800x614-1.jpg
balliu-parasol-para-terraza-82e48b2d,Balliu,Parasol,ACTIVE,4,5,images_balliu/Cannes-Agora-Gris2.jpg | images_balliu/agora-parasol-800x614-1.jpg | images_balliu/agora-parasol-ambiente-800x614-1.jpg | images_balliu/balliu_parasol-agora.jpg | images_balliu/nuevas/agora-parasol-800x614-1.jpg
balliu-parasol-para-terraza-f1ed8b8b,Balliu,Parasol,ACTIVE,4,5,images_balliu/Cannes-Agora-Gris2.jpg | images_balliu/agora-parasol-800x614-1.jpg | images_balliu/agora-parasol-ambiente-800x614-1.jpg | images_balliu/balliu_parasol-agora.jpg | images_balliu/nuevas/agora-parasol-800x614-1.jpg
balliu-parasol-para-terraza-acrilico-c8dd492d,Balliu,Parasol,ACTIVE,4,5,images_balliu/Cannes-Agora-Gris2.jpg | images_balliu/agora-parasol-800x614-1.jpg | images_balliu/agora-parasol-ambiente-800x614-1.jpg | images_balliu/balliu_parasol-ocean-tejido-acrilico.jpg | images_balliu/nuevas/agora-parasol-800x614-1.jpg
balliu-parasol-para-terraza-aluminio-300-cm-3b7e77d1,Balliu,Parasol,ACTIVE,6,5,images_balliu/Atlanta_Vera_Garbi_Noa2.jpg | images_balliu/Balliu_Noa_Arena-natural2.jpg | images_balliu/IMG_1620.jpg | images_balliu/garbi-parasol-800x614-01-scaled.jpg | images_balliu/parasol_garbi_2-scaled.jpg
balliu-parasol-para-terraza-aluminio-300-cm-0ceba8e7,Balliu,Parasol,ACTIVE,4,4,images_balliu/AgataL_Vera_Aura_Sofa-Olimpia_blanco2.jpg | images_balliu/Tumbona-Etna_Mesa-auxiliar-Etna_Brisa2.jpg | images_balliu/brisa-parasol-ambiente-800x614-1.jpg | images_balliu/brisa-parasol-avena-800x614-1.jpg
balliu-parasol-para-terraza-aluminio-300-cm-6c1e1224,Balliu,Parasol,ACTIVE,1,0,
balliu-accesorio-exterior-resina-da11d420,Balliu,Mobiliario exterior,DRAFT,7,7,images_balliu/balliu_mesa-auxiliar-de-resina-noa.jpg | images_balliu/pasarela-arena-800x614-1.jpg | images_balliu/pasarela-arena-ambiente-800x614-1.jpg | images_balliu/pasarela-azul-800x614-1.jpg | images_balliu/pasarela-azul-silla-ruedas-ambiente-800x614-1.jpg | images_balliu/pasarela-blanco-800x614-1.jpg | images_balliu/pasarela-madera-800x614-1.jpg
balliu-accesorio-exterior-resina-df85d2d1,Balliu,Mobiliario exterior,DRAFT,7,7,images_balliu/balliu_mesa-auxiliar-de-resina-noa.jpg | images_balliu/pasarela-arena-800x614-1.jpg | images_balliu/pasarela-arena-ambiente-800x614-1.jpg | images_balliu/pasarela-azul-800x614-1.jpg | images_balliu/pasarela-azul-silla-ruedas-ambiente-800x614-1.jpg | images_balliu/pasarela-blanco-800x614-1.jpg | images_balliu/pasarela-madera-800x614-1.jpg
balliu-colchoneta-para-tumbona-0e9a3256,Balliu,Tumbona,ACTIVE,4,4,images_balliu/260-COLCHONETA.jpg | images_balliu/261-COLCHONETA.jpg | images_balliu/262-COLCHONETA.jpg | images_balliu/balliu_colchoneta-para-tumbona.jpg
balliu-mobiliario-exterior-resina-28-cm-6264905d,Balliu,Mobiliario exterior,ACTIVE,7,6,images_balliu/weguard-caja-de-seguridad-arena-800x614-1.jpg | images_balliu/weguard-caja-de-seguridad-blanco-800x614-1.jpg | images_balliu/weguard-caja-de-seguridad-blanco-ambiente-800x614-1.jpg | images_balliu/weguard-caja-de-seguridad-bronce-800x614-1.jpg | images_balliu/weguard-caja-de-seguridad-gris-oscuro-800x614-1.jpg | images_balliu/weguard-caja-de-seguridad-tortola-800x614-1.jpg
balliu-pie-de-parasol-c2147052,Balliu,Parasol,ACTIVE,7,7,images_balliu/Balliu-5672-by-mCFalkyphoto-TpSze-1.jpg | images_balliu/balliu_base-de-hormigon-para-parasol.jpg | images_balliu/base-40_1.jpg | images_balliu/base-40_2.jpg | images_balliu/base-40_3.jpg | images_balliu/base-40_4.jpg | images_balliu/base-40_5.jpg
balliu-base-de-parasol-3ee8b72d,Balliu,Parasol,ACTIVE,1,2,images_balliu/balliu_base-de-hormigon-para-parasol.jpg | images_balliu/base-hormigon-parasol.jpg
balliu-funda-protectora-exterior-686cc405,Balliu,Funda,ACTIVE,1,2,images_balliu/balliu_funda-protectora-para-2-tumbonas.jpg | images_balliu/funda-tumbona-2u-gris-800x614-1.jpg
balliu-funda-protectora-exterior-acrilico-a1c16324,Balliu,Funda,ACTIVE,1,2,images_balliu/balliu_funda-protectora-para-2-tumbonas.jpg | images_balliu/funda-tumbona-2u-gris-800x614-1.jpg
balliu-funda-protectora-exterior-6f6d4953,Balliu,Funda,ACTIVE,1,2,images_balliu/balliu_funda-protectora-para-2-tumbonas.jpg | images_balliu/funda-sofa-1p-800x614-1.jpg
balliu-funda-protectora-exterior-340b2844,Balliu,Funda,ACTIVE,1,2,images_balliu/balliu_funda-protectora-para-2-tumbonas.jpg | images_balliu/funda-silla-800x614-1.jpg
balliu-cojin-exterior-523e5ae9,Balliu,Accesorio,DRAFT,0,0,
balliu-limpiador-para-mobiliario-exterior-d0d3fc26,Balliu,Accesorio,DRAFT,1,2,images_balliu/balliu_limpiador-para-tumbona.jpg | images_balliu/limpiador-minea-deck-defender-750ml-2.jpg
balliu-silla-exterior-con-brazos-resina-estilo-funcional-94b6e5b5-2,Balliu,Silla,DRAFT,7,7,images_balliu/Balliu_Mesa_Altea_blanca_ambiente2.jpg | images_balliu/Balliu_Mesa_Altea_plegable.jpg | images_balliu/Bruna-brazos-blanca2.jpg | images_balliu/Mesa-Eva-Pro-Mini-Tortola_Silla-Bruna-brazos2.jpg | images_balliu/balliu_silla-de-resina-con-reposabrazos-bruna.jpg | images_balliu/bruna-silla-brazos-blanco-800x614-1.jpg | images_balliu/bruna-silla-brazos-tortola-800x614-1.jpg
balliu-mesa-alta-exterior-hpl-a3352658-2,Balliu,Mesa,DRAFT,5,5,images_balliu/182-CAPRI-ALTA.jpg | images_balliu/399-CAPRI-ALTA.jpg | images_balliu/Capri-alta_Taburete-Etna2.jpg | images_balliu/balliu_mesa-de-aluminio-capri-alta.jpg | images_balliu/capri-mesa-alta-aluminio-800x614-1.jpg
parasol-cuadrado-200x200,santavila,Parasol,ACTIVE,1,2,images_balliu/agora-parasol-800x614-1.jpg | images_balliu/nuevas/agora-parasol-800x614-1.jpg
tumbona-carmen-tablillas,santavila,Tumbona,ACTIVE,1,1,images_balliu/nuevas/carmen-t-blanco-800x614-1.jpg
tumbona-lola-tablillas,santavila,Tumbona,ACTIVE,1,1,images_balliu/nuevas/lola-t-tumbona-blanco-800x614-2.jpg
mesa-de-centro-exterior-aluminio-hpl-gd-110x60,santavila,Mesa,DRAFT,0,0,
mesa-auxiliar-exterior-aluminio-hpl-gd-45x45-etna,santavila,Mesa,DRAFT,0,0,
mesa-auxiliar-exterior-aluminio-werzalit-60-etna,santavila,Mesa,DRAFT,0,0,
mesa-exterior-aluminio-hpl-120x80-capri-doble,santavila,Mesa,ACTIVE,1,1,images_balliu/nuevas/capri-mesa-doble-aluminio-800x614-1.jpg
mesa-exterior-aluminio-hpl-gd-brunei,santavila,Mesa,DRAFT,0,0,
mesa-extensible-exterior-aluminio-hpl-gd-java,santavila,Mesa,DRAFT,0,0,
mesa-exterior-aluminio-hpl-gd-capri,santavila,Mesa,DRAFT,0,0,
mesa-exterior-aluminio-hpl-gd-120x80-capri-doble,santavila,Mesa,DRAFT,0,0,
mesa-exterior-aluminio-altea-extras,santavila,Mesa,DRAFT,0,0,
mesa-exterior-aluminio-agata-extras,santavila,Mesa,DRAFT,0,0,
silla-exterior-resina-bruna-precio-alto-pendiente,santavila,Silla,DRAFT,0,0,
