handle,proveedor,n_variantes,precio_min,precio_max,precio_psicologico_G(objetivo),coste_min,margen%_a_precio_min,status
sillon-exterior-aluminio-estilo-envolvente-9890-cm,Hevea,1,1189.0,1189.0,1189.0,618.0,37.1,OK
sofa-terraza-aluminio-2-plazas-estilo-contemporaneo-16690-cm,Hevea,1,1779.0,1779.0,1779.0,927.0,36.9,OK
sofa-terraza-aluminio-3-plazas-estilo-contemporaneo-22090-cm,Hevea,1,2349.0,2349.0,2349.0,1223.0,37.0,OK
set-jardin-contemporaneo-sofa-2-plazas-2-sillones-mesa,Hevea,1,349.9,349.9,,,,SIN_FUENTE_EXCEL
set-jardin-aluminio-2-plazas-contemporaneo-sofa-2-plazas-2-sillones-mesa,Hevea,1,4679.0,4679.0,"529.0, 4679.0",275.0,92.9,OK
set-jardin-aluminio-3-plazas-contemporaneo-sofa-3-plazas-2-sillones-mesa,Hevea,1,5249.0,5249.0,5249.0,2732.0,37.0,OK
sillon-exterior-estilo-elegante-7275-cm,Hevea,1,795.0,795.0,795.0,413.0,37.1,OK
sofa-terraza-2-plazas-estilo-envolvente-13575-cm,Hevea,1,1169.0,1169.0,1169.0,608.0,37.1,OK
sofa-terraza-3-plazas-estilo-sofisticado-19475-cm,Hevea,1,1485.0,1485.0,1485.0,772.0,37.1,OK
mesa-de-centro-exterior-90-cm-altura-40-cm,Hevea,1,338.95,338.95,338.95,177.0,36.8,OK
mesa-de-centro-exterior-120-cm-altura-40-cm,Hevea,1,322.95,322.95,,,,SIN_FUENTE_EXCEL
set-jardin-2-plazas-elegante-sofa-2-plazas-2-sillones-mesa,Hevea,1,3095.0,3095.0,3095.0,1610.0,37.1,OK
set-jardin-3-plazas-sofisticado-sofa-3-plazas-2-sillones-mesa,Hevea,1,3540.0,3540.0,3540.0,1843.0,37.0,OK
sillon-exterior-estilo-versatil-7783-cm,Hevea,1,959.0,959.0,959.0,498.0,37.2,OK
sofa-terraza-2-plazas-estilo-estilizado-14383-cm,Hevea,1,1399.0,1399.0,1399.0,728.0,37.0,OK
sofa-terraza-3-plazas-estilo-contemporaneo-18583-cm,Hevea,1,1775.0,1775.0,1775.0,923.0,37.1,OK
mesa-de-centro-exterior-hpl-70-cm-altura-45-cm,Hevea,1,505.0,505.0,505.0,262.0,37.2,OK
reposapies-exterior-734640-cm,Hevea,1,387.95,387.95,387.95,202.0,37.0,OK
set-jardin-2-plazas-moderno-sofa-2-plazas-2-sillones-mesa,Hevea,1,3819.0,3819.0,3819.0,1988.0,37.0,OK
set-jardin-3-plazas-contemporaneo-sofa-3-plazas-2-sillones-mesa,Hevea,1,4195.0,4195.0,4195.0,2183.0,37.0,OK
sillon-exterior-estilo-elegante-6590-cm,Hevea,1,1019.0,1019.0,1019.0,530.0,37.1,OK
sofa-terraza-2-plazas-estilo-contemporaneo-13090-cm,Hevea,1,1455.0,1455.0,1455.0,756.0,37.1,OK
sofa-terraza-3-plazas-estilo-contemporaneo-18590-cm,Hevea,1,1840.0,1840.0,1840.0,958.0,37.0,OK
reposapies-exterior-605040-cm,Hevea,1,326.95,326.95,326.95,171.0,36.7,OK
set-jardin-2-plazas-elegante-sofa-2-plazas-2-sillones-mesa-2,Hevea,1,3825.0,3825.0,3825.0,1991.0,37.0,OK
set-jardin-3-plazas-sofisticado-sofa-3-plazas-2-sillones-mesa-2,Hevea,1,4345.0,4345.0,4345.0,2262.0,37.0,OK
sillon-exterior-estilo-envolvente-7582-cm,Hevea,1,795.0,795.0,795.0,413.0,37.1,OK
sofa-terraza-3-plazas-estilo-contemporaneo-19882-cm,Hevea,1,1489.0,1489.0,1489.0,775.0,37.0,OK
sofa-terraza-2-plazas-estilo-contemporaneo-15082-cm,Hevea,1,1055.0,1055.0,1055.0,549.0,37.0,OK
mesa-de-centro-exterior-125-cm-altura-38-cm,Hevea,1,375.95,375.95,375.95,196.0,36.9,OK
set-jardin-2-plazas-elegante-sofa-2-plazas-2-sillones-mesa-3,Hevea,1,3015.0,3015.0,3015.0,1569.0,37.0,OK
set-jardin-3-plazas-sofisticado-sofa-3-plazas-2-sillones-mesa-3,Hevea,1,3449.0,3449.0,3449.0,1796.0,37.0,OK
sillon-exterior-estilo-estilizado-7069-cm,Hevea,1,975.0,975.0,975.0,508.0,37.0,OK
sofa-terraza-2-plazas-estilo-contemporaneo-16269-cm,Hevea,1,1389.0,1389.0,1389.0,722.0,37.1,OK
sofa-terraza-3-plazas-estilo-elegante-22069-cm,Hevea,1,1919.0,1919.0,1919.0,999.0,37.0,OK
reposapies-exterior-504540-cm,Hevea,1,187.95,187.95,187.95,98.0,36.9,OK
sillon-exterior-estilo-elegante-6578-cm,Hevea,1,515.0,515.0,515.0,268.0,37.0,OK
sofa-terraza-2-plazas-estilo-contemporaneo-12078-cm,Hevea,1,875.0,875.0,875.0,454.0,37.2,OK
sofa-terraza-3-plazas-estilo-sofisticado-17578-cm,Hevea,1,1145.0,1145.0,1145.0,596.0,37.0,OK
mesa-de-centro-exterior-90-cm-altura-41-cm,Hevea,1,338.95,338.95,338.95,177.0,36.8,OK
mesa-de-centro-exterior-120-cm-altura-41-cm,Hevea,1,449.9,449.9,449.9,246.0,33.8,OK
set-jardin-2-plazas-moderno-sofa-2-plazas-2-sillones-mesa-2,Hevea,1,2239.0,2239.0,2239.0,1166.0,37.0,OK
set-jardin-3-plazas-elegante-sofa-3-plazas-2-sillones-mesa,Hevea,1,2645.0,2645.0,2645.0,1377.0,37.0,OK
sillon-exterior-estilo-versatil-76100-cm,Hevea,1,599.0,599.0,599.0,312.0,37.0,OK
sofa-terraza-2-plazas-estilo-contemporaneo-145100-cm,Hevea,1,950.0,950.0,950.0,495.0,37.0,OK
sofa-terraza-3-plazas-estilo-sofisticado-212100-cm,Hevea,1,1205.0,1205.0,1205.0,627.0,37.0,OK
set-jardin-2-plazas-elegante-sofa-2-plazas-2-sillones-mesa-4,Hevea,1,2815.0,2815.0,2815.0,1465.0,37.0,OK
set-jardin-3-plazas-sofisticado-sofa-3-plazas-2-sillones-mesa-4,Hevea,1,3140.0,3140.0,3140.0,1635.0,37.0,OK
reposapies-exterior-855043-cm,Hevea,1,349.9,349.9,349.9,186.0,35.7,OK
sillon-exterior-estilo-elegante-80104-cm,Hevea,1,1019.0,1019.0,1019.0,530.0,37.1,OK
sofa-terraza-2-plazas-estilo-contemporaneo-164104-cm,Hevea,1,1580.0,1580.0,1580.0,823.0,37.0,OK
sofa-terraza-3-plazas-estilo-contemporaneo-215104-cm,Hevea,1,2109.0,2109.0,2109.0,1097.0,37.1,OK
mesa-de-centro-exterior-125-cm-altura-42-cm,Hevea,1,569.0,569.0,569.0,297.0,36.8,OK
reposapies-exterior-855043-cm-2,Hevea,1,399.9,399.9,399.9,215.0,34.9,OK
set-jardin-2-plazas-elegante-sofa-2-plazas-2-sillones-mesa-5,Hevea,1,4175.0,4175.0,4175.0,2174.0,37.0,OK
set-jardin-3-plazas-contemporaneo-sofa-3-plazas-2-sillones-mesa-2,Hevea,1,4709.0,4709.0,4709.0,2451.0,37.0,OK
sillon-exterior-bicolor-estilo-bicolor-7376-cm,Hevea,1,945.0,945.0,945.0,492.0,37.0,OK
sofa-terraza-bicolor-2-plazas-estilo-bicolor-14076-cm,Hevea,1,1365.0,1365.0,1365.0,709.0,37.2,OK
sofa-terraza-bicolor-3-plazas-estilo-bicolor-20076-cm,Hevea,1,1685.0,1685.0,1685.0,876.0,37.1,OK
mesa-de-centro-exterior-hpl-120-cm-altura-40-cm,Hevea,1,715.0,715.0,715.0,372.0,37.0,OK
mesa-de-centro-exterior-hpl-135-cm-altura-40-cm,Hevea,1,835.0,835.0,835.0,435.0,37.0,OK
reposapies-exterior-bicolor-704544-cm,Hevea,1,509.0,509.0,509.0,265.0,37.0,OK
set-jardin-bicolor-2-plazas-bicolor-sofa-2-plazas-2-sillones-mesa,Hevea,1,3965.0,3965.0,3965.0,2064.0,37.0,OK
set-jardin-bicolor-3-plazas-bicolor-sofa-3-plazas-2-sillones-mesa,Hevea,1,4405.0,4405.0,4405.0,2294.0,37.0,OK
sillon-exterior-estilo-versatil-7685-cm,Hevea,1,645.0,645.0,645.0,334.0,37.3,OK
sofa-terraza-2-plazas-estilo-contemporaneo-13785-cm,Hevea,1,909.0,909.0,909.0,473.0,37.0,OK
sofa-terraza-3-plazas-estilo-contemporaneo-19685-cm,Hevea,1,1175.0,1175.0,1175.0,612.0,37.0,OK
set-jardin-2-plazas-contemporaneo-sofa-2-plazas-2-sillones-mesa,Hevea,1,2535.0,2535.0,2535.0,1320.0,37.0,OK
set-jardin-3-plazas-contemporaneo-sofa-3-plazas-2-sillones-mesa-3,Hevea,1,2899.0,2899.0,2899.0,1509.0,37.0,OK
sillon-exterior-estilo-moderno-7085-cm,Hevea,1,585.0,585.0,585.0,303.0,37.3,OK
sofa-terraza-2-plazas-estilo-elegante-15085-cm,Hevea,1,909.0,909.0,909.0,473.0,37.0,OK
sofa-terraza-3-plazas-estilo-contemporaneo-19085-cm,Hevea,1,1175.0,1175.0,1175.0,612.0,37.0,OK
set-jardin-2-plazas-contemporaneo-sofa-2-plazas-2-sillones-mesa-2,Hevea,1,2405.0,2405.0,2405.0,1251.0,37.1,OK
set-jardin-3-plazas-elegante-sofa-3-plazas-2-sillones-mesa-2,Hevea,1,2779.0,2779.0,2779.0,1446.0,37.0,OK
mesa-de-centro-exterior-90-cm-altura-40-cm-2,Hevea,1,332.95,332.95,332.95,174.0,36.8,OK
mesa-de-centro-exterior-120-cm-altura-40-cm-2,Hevea,1,441.95,441.95,"441.95, 449.9",230.0,37.0,OK
sillon-exterior-estilo-contemporaneo-68115-cm,Hevea,1,559.0,559.0,559.0,290.0,37.2,OK
sofa-terraza-2-plazas-estilo-moderno-128115-cm,Hevea,1,909.0,909.0,909.0,473.0,37.0,OK
sofa-terraza-3-plazas-estilo-contemporaneo-188115-cm,Hevea,1,1199.0,1199.0,1199.0,624.0,37.0,OK
set-jardin-2-plazas-moderno-sofa-2-plazas-2-sillones-mesa-3,Hevea,1,2355.0,2355.0,2355.0,1226.0,37.0,OK
set-jardin-3-plazas-contemporaneo-sofa-3-plazas-2-sillones-mesa-4,Hevea,1,2755.0,2755.0,2755.0,1434.0,37.0,OK
sillon-exterior-estilo-versatil-6470-cm,Hevea,1,589.0,589.0,589.0,306.0,37.1,OK
sofa-terraza-2-plazas-estilo-elegante-13170-cm,Hevea,1,845.0,845.0,845.0,438.0,37.3,OK
sofa-terraza-3-plazas-estilo-moderno-18570-cm,Hevea,1,1150.0,1150.0,1150.0,599.0,37.0,OK
mesa-de-centro-exterior-hpl-90-cm-altura-40-cm,Hevea,1,332.95,332.95,332.95,174.0,36.8,OK
mesa-de-centro-exterior-hpl-120-cm-altura-40-cm-2,Hevea,1,441.95,441.95,441.95,230.0,37.0,OK
set-jardin-2-plazas-moderno-sofa-2-plazas-2-sillones-mesa-4,Hevea,1,2349.0,2349.0,2349.0,1223.0,37.0,OK
set-jardin-3-plazas-contemporaneo-sofa-3-plazas-2-sillones-mesa-5,Hevea,1,2765.0,2765.0,2765.0,1440.0,37.0,OK
pergola-aluminio-para-jardin-300300250-cm,Hevea,1,2045.0,2045.0,2045.0,1065.0,37.0,OK
sillon-exterior-estilo-urbano-6670-cm,Hevea,1,449.9,449.9,449.9,243.0,34.6,OK
sofa-terraza-2-plazas-estilo-contemporaneo-13370-cm,Hevea,1,715.0,715.0,715.0,372.0,37.0,OK
sofa-terraza-3-plazas-estilo-moderno-18770-cm,Hevea,1,1029.0,1029.0,1029.0,536.0,37.0,OK
set-jardin-2-plazas-contemporaneo-sofa-2-plazas-2-sillones-mesa-3,Hevea,1,1995.0,1995.0,1995.0,1037.0,37.1,OK
set-jardin-3-plazas-urbano-sofa-3-plazas-2-sillones-mesa,Hevea,1,2405.0,2405.0,2405.0,1251.0,37.1,OK
set-rinconera-exterior-hpl-sofisticado-sofa-de-esquina-mesa-de-centro,Hevea,1,2899.0,2899.0,2899.0,1509.0,37.0,OK
set-rinconera-exterior-hpl-elegante-sofa-de-esquina-mesa-de-centro,Hevea,1,3795.0,3795.0,3795.0,1976.0,37.0,OK
set-rinconera-exterior-hpl-moderno-sofa-de-esquina-mesa-de-centro,Hevea,1,4225.0,4225.0,4225.0,2199.0,37.0,OK
set-rinconera-exterior-contemporaneo-sofa-de-esquina-mesa-de-centro,Hevea,1,2579.0,2579.0,2579.0,1342.0,37.0,OK
set-rinconera-exterior-sofisticado-sofa-de-esquina-mesa-de-centro,Hevea,1,3819.0,3819.0,3819.0,1988.0,37.0,OK
mesa-comedor-exterior-hpl-13590-cm,Hevea,2,720.0,720.0,"660.0, 720.0",344.0,42.2,OK
silla-exterior-estilo-estilizado,Hevea,1,199.95,199.95,199.95,104.0,37.1,OK
silla-exterior-estilo-contemporaneo,Hevea,1,175.95,175.95,175.95,92.0,36.7,OK
mesa-comedor-exterior-hpl-10090-cm,Hevea,1,585.0,585.0,585.0,303.0,37.3,OK
mesa-comedor-exterior-hpl-15090-cm,Hevea,1,669.0,669.0,669.0,347.0,37.2,OK
sillon-exterior-estilo-versatil-58100-cm,Hevea,1,114.95,114.95,114.95,60.0,36.8,OK
tumbona-de-exterior,Hevea,1,193.95,193.95,193.95,101.0,37.0,OK
parasol-para-terraza-300-cm,Hevea,1,349.9,349.9,349.9,189.0,34.6,OK
parasol-para-terraza-350-cm,Hevea,1,1079.0,1079.0,1079.0,561.0,37.1,OK
parasol-para-terraza-300-cm-2,Hevea,1,163.95,163.95,163.95,86.0,36.5,OK
base-de-parasol-25-kg,Hevea,1,78.95,78.95,78.95,41.0,37.2,OK
set-losas-cemento-para-base-de-parasol,Hevea,1,217.95,217.95,217.95,114.0,36.7,OK
balancin-jardin-exterior-148194-cm,Hevea,1,1805.0,1805.0,1805.0,939.0,37.1,OK
banco-jardin-con-mesa-integrada-220-cm,Hevea,1,2899.0,2899.0,2899.0,1509.0,37.0,OK
banco-de-exterior-150-cm,Hevea,1,423.95,423.95,423.95,221.0,36.9,OK
banco-de-exterior-108-cm,Hevea,1,381.95,381.95,381.95,199.0,37.0,OK
balliu-tumbona-de-exterior-resina-923110d9,Balliu,5,219.95,242.95,219.95,112.55,38.1,CORREGIR
balliu-tumbona-de-exterior-resina-b19af1ea,Balliu,80,228.95,242.95,,,,SIN_FUENTE_EXCEL
balliu-tumbona-de-exterior-resina-ddeeef3f,Balliu,1,242.95,242.95,242.95,124.07,38.2,OK
balliu-tumbona-de-exterior-resina-75-cm-009e68e4,Balliu,80,183.95,188.95,"183.95, 188.95, 199.9, 219.95",93.89,38.2,OK
balliu-tumbona-de-exterior-resina-75-cm-aca076ae,Balliu,80,182.95,187.95,"182.95, 187.95, 199.9, 212.95",93.34,38.3,OK
balliu-tumbona-de-exterior-resina-73-cm-b19af1ea,Balliu,1,228.95,228.95,"161.95, 228.95",82.85,56.2,OK
balliu-tumbona-de-exterior-resina-73-cm-32a6c0ea,Balliu,1,174.95,174.95,174.95,89.39,38.2,OK
balliu-tumbona-de-exterior-resina-73-cm-d369d964,Balliu,32,184.95,192.95,"184.95, 192.95",94.7,38.0,OK
balliu-tumbona-de-exterior-resina-73-cm-0648657b,Balliu,1,190.95,190.95,190.95,97.43,38.3,OK
balliu-tumbona-de-exterior-resina-28ff014d,Balliu,80,399.9,399.9,399.9,215.24,34.9,OK
balliu-tumbona-de-exterior-sin-ruedas-aluminio-da3f5c24,Balliu,90,539.0,589.0,"539.0, 589.0",287.64,35.4,OK
balliu-tumbona-de-exterior-aluminio-36870d09,Balliu,90,426.95,449.9,"426.95, 449.9",229.08,35.1,OK
balliu-tumbona-de-exterior-aluminio-d08586c1,Balliu,90,449.9,496.95,"449.9, 496.95",248.76,33.1,OK
balliu-tumbona-de-exterior-con-ruedas-aluminio-58-cm-9064b7b9,Balliu,16,629.0,629.0,629.0,337.77,35.0,OK
balliu-tumbona-de-exterior-aluminio-68-cm-f7ab4da8,Balliu,16,323.95,323.95,323.95,173.92,35.0,OK
balliu-tumbona-de-exterior-20620134,Balliu,1,421.95,421.95,421.95,226.62,35.0,OK
balliu-mini-tumbona-de-exterior-aluminio-62-cm-5a6f53eb,Balliu,48,249.9,249.9,249.9,140.89,31.8,OK
balliu-mini-tumbona-de-exterior-madera-59-cm-fa211c70,Balliu,16,299.9,299.9,299.9,139.67,43.6,OK
balliu-mini-tumbona-de-exterior-aluminio-57-cm-98ab84ce,Balliu,32,213.95,213.95,213.95,114.6,35.2,OK
balliu-cama-balinesa-exterior-aluminio-estilo-sofisticado-160-cm-2bd3a7a4,Balliu,1,1999.0,1999.0,1999.0,1073.61,35.0,OK
balliu-cama-balinesa-exterior-aluminio-estilo-minimalista-198-cm-dcaf71d8,Balliu,1,2815.0,2815.0,2815.0,1510.81,35.1,OK
balliu-taburete-exterior-aluminio-estilo-elegante-56-cm-a66b4a0a,Balliu,48,186.95,186.95,186.95,100.25,35.1,OK
balliu-silla-exterior-con-brazos-aluminio-estilo-elegante-56-cm-5c88bd77,Balliu,48,181.95,181.95,181.95,97.71,35.0,OK
balliu-silla-exterior-con-brazos-aluminio-estilo-elegante-56-cm-eaf4a34a,Balliu,48,190.95,190.95,190.95,102.17,35.3,OK
balliu-silla-exterior-resina-estilo-minimalista-484cbea0,Balliu,3,77.95,81.95,"77.95, 81.95",41.58,35.5,OK
balliu-silla-exterior-resina-estilo-clasico-57-cm-8164cc65,Balliu,3,99.9,99.9,99.9,54.81,33.6,OK
balliu-silla-exterior-resina-estilo-funcional-0b607ec7,Balliu,2,33.95,40.95,"33.95, 40.95",17.17,38.8,OK
balliu-silla-exterior-sin-brazos-resina-estilo-contemporaneo-49-cm-af080e9c,Balliu,4,70.95,84.95,"70.95, 84.95",43.89,25.1,OK
balliu-silla-exterior-sin-brazos-resina-estilo-funcional-daabcdaf,Balliu,6,78.95,115.95,"78.95, 79.95, 115.95",48.33,25.9,OK
balliu-silla-exterior-sin-brazos-estilo-contemporaneo-53-cm-cd07e7d6,Balliu,2,65.95,70.95,65.95,40.56,25.6,CORREGIR
balliu-silla-exterior-con-brazos-estilo-contemporaneo-53-cm-c654c52f,Balliu,1,70.95,70.95,70.95,43.83,25.3,OK
balliu-silla-exterior-con-brazos-resina-estilo-funcional-94b6e5b5,Balliu,1,113.8,113.8,,,,SIN_FUENTE_EXCEL
balliu-silla-exterior-con-brazos-aluminio-estilo-elegante-58-cm-bc0c02ec,Balliu,4,97.95,97.95,97.95,60.67,25.1,OK
balliu-silla-exterior-aluminio-estilo-contemporaneo-afd89221,Balliu,1,149.9,149.9,149.9,96.11,22.4,OK
balliu-mesa-exterior-aluminio-9e30ca7f,Balliu,1,108.95,108.95,108.95,67.33,25.2,OK
balliu-mesa-exterior-5d0fb586,Balliu,5,27.95,29.95,27.95,14.17,38.7,CORREGIR
balliu-mesa-exterior-1cf4d3d5,Balliu,1,29.95,29.95,29.95,14.95,39.6,OK
balliu-mesa-auxiliar-exterior-resina-48-cm-de421a42,Balliu,5,33.95,34.95,33.95,17.13,38.9,OK
balliu-mesa-auxiliar-exterior-resina-48-cm-911a77ba,Balliu,1,34.95,34.95,34.95,17.63,39.0,OK
balliu-mesa-auxiliar-exterior-resina-48-cm-35554775,Balliu,5,36.95,37.95,36.95,18.44,39.6,OK
balliu-mesa-auxiliar-exterior-resina-48-cm-25cd2ede,Balliu,1,37.95,37.95,37.95,19.36,38.3,OK
balliu-mesa-auxiliar-exterior-aluminio-54-cm-6c7a42d9,Balliu,48,157.95,157.95,157.95,84.68,35.1,OK
balliu-mesa-auxiliar-exterior-aluminio-90b11e5b,Balliu,5,130.95,137.95,130.95,69.97,35.3,CORREGIR
balliu-mesa-auxiliar-exterior-aluminio-27ce9446,Balliu,1,137.95,137.95,137.95,73.58,35.5,OK
balliu-mesa-auxiliar-exterior-aluminio-60-cm-9c991818,Balliu,15,167.95,167.95,"157.95, 167.95, 175.95",84.79,38.9,OK
balliu-mesa-exterior-resina-70-cm-33ce1613,Balliu,6,181.95,315.95,181.95,97.55,35.1,REVISAR_VARIANTES
balliu-mesa-exterior-resina-80-cm-eb565c3e,Balliu,1,188.95,188.95,188.95,101.49,35.0,OK
balliu-mesa-exterior-resina-90-cm-871df608,Balliu,1,221.95,221.95,221.95,118.78,35.2,OK
balliu-mesa-exterior-resina-7070-cm-7ab14c9a,Balliu,1,220.95,220.95,220.95,118.31,35.2,OK
balliu-mesa-exterior-resina-8080-cm-1a5a5005,Balliu,1,243.95,243.95,243.95,131.01,35.0,OK
balliu-mesa-exterior-resina-12080-cm-747885bd,Balliu,1,315.95,315.95,315.95,169.64,35.0,OK
balliu-mesa-exterior-aluminio-8080-cm-ef580ae2,Balliu,60,478.95,945.0,"478.95, 545.0, 639.0, 739.0, 769.0, 895.0, 945.0, 1125.0",257.19,35.0,OK
balliu-mesa-exterior-hpl-24090-cm-78358691,Balliu,1,1285.0,1285.0,1285.0,689.0,35.1,OK
balliu-mesa-exterior-hpl-24090-cm-d4e471c5,Balliu,1,1295.0,1295.0,1295.0,694.04,35.2,OK
balliu-mesa-exterior-140-18090-cm-e4ec7d7c,Balliu,30,1275.0,1670.0,1275.0,789.72,25.1,CORREGIR
balliu-mesa-exterior-200-260100-cm-9d798e50,Balliu,1,1670.0,1670.0,1670.0,1035.01,25.0,OK
balliu-mesa-exterior-hpl-140-180100-cm-8e073aab,Balliu,30,1575.0,2019.0,1575.0,975.21,25.1,CORREGIR
balliu-mesa-exterior-hpl-140-180100-cm-e5e3bb40,Balliu,1,1595.0,1595.0,1595.0,987.56,25.1,OK
balliu-mesa-exterior-hpl-200-260100-cm-23187ea9,Balliu,1,2019.0,2019.0,2019.0,1250.19,25.1,OK
balliu-mesa-exterior-hpl-200-260100-cm-4a63be2f,Balliu,1,2299.0,2299.0,2299.0,1423.37,25.1,OK
balliu-mesa-alta-exterior-hpl-45c511e9,Balliu,1,515.0,515.0,515.0,273.99,35.6,OK
balliu-mesa-alta-exterior-hpl-f99491ce,Balliu,1,525.0,525.0,525.0,279.99,35.5,OK
balliu-mesa-exterior-hpl-451e7ba8,Balliu,1,349.95,349.95,349.95,187.58,35.1,OK
balliu-mesa-exterior-hpl-3adfe773,Balliu,1,387.95,387.95,387.95,208.21,35.1,OK
balliu-mesa-exterior-hpl-65e3ca13,Balliu,1,387.95,387.95,387.95,207.97,35.1,OK
balliu-mesa-exterior-hpl-1b4f3962,Balliu,1,439.95,439.95,439.95,235.95,35.1,OK
balliu-mesa-exterior-aluminio-90-cm-22901f1b,Balliu,2,389.95,442.95,"389.95, 442.95",209.41,35.0,OK
balliu-mesa-exterior-aluminio-7070-cm-724b0db0,Balliu,75,349.95,399.9,"378.95, 399.9, 426.95, 432.95, 535.0, 609.0, 625.0, 669.0",203.29,29.7,CORREGIR
balliu-mesa-alta-exterior-hpl-a3352658,Balliu,1,502.93,502.93,,,,SIN_FUENTE_EXCEL
balliu-mesa-alta-exterior-hpl-94512eab,Balliu,2,449.9,529.0,529.0,283.88,23.7,CORREGIR
balliu-mesa-alta-exterior-hpl-5d74130e,Balliu,1,595.0,595.0,595.0,317.28,35.5,OK
balliu-mesa-exterior-hpl-7070-cm-9d14e31f,Balliu,1,332.95,332.95,332.95,178.35,35.2,OK
balliu-mesa-exterior-hpl-7070-cm-146f72ca,Balliu,1,330.95,330.95,330.95,177.5,35.1,OK
balliu-mesa-exterior-hpl-8080-cm-1a2fe7b5,Balliu,1,348.95,348.95,348.95,186.98,35.2,OK
balliu-mesa-exterior-hpl-8080-cm-96593887,Balliu,1,384.95,384.95,384.95,206.53,35.1,OK
balliu-mesa-exterior-hpl-7070-cm-f6074154,Balliu,1,421.95,421.95,421.95,226.39,35.1,OK
balliu-mesa-exterior-aluminio-7070-cm-1b61e6b6,Balliu,20,421.95,422.95,480.95,258.36,25.9,CORREGIR
balliu-mesa-exterior-aluminio-8080-cm-a05618ad,Balliu,1,422.95,422.95,422.95,226.79,35.1,OK
balliu-mesa-exterior-aluminio-8080-cm-0a3ee957,Balliu,1,481.95,481.95,481.95,258.75,35.0,OK
balliu-mesa-exterior-aluminio-80-cm-50525e0b,Balliu,1,382.95,382.95,382.95,205.19,35.2,OK
balliu-mesa-exterior-aluminio-80-cm-b06218ca,Balliu,1,392.95,392.95,392.95,211.05,35.0,OK
balliu-mesa-exterior-aluminio-12080-cm-bf75a33d,Balliu,1,675.0,675.0,675.0,361.89,35.1,OK
balliu-mesa-exterior-aluminio-75-cm-d7ab6e04,Balliu,1,689.0,689.0,689.0,368.6,35.3,OK
balliu-mesa-exterior-aluminio-75-cm-dd745448,Balliu,2,347.95,347.95,347.95,186.62,35.1,OK
balliu-mesa-exterior-aluminio-75-cm-c0092e17,Balliu,1,505.0,505.0,505.0,270.76,35.1,OK
balliu-mesa-exterior-aluminio-72-cm-72514f40,Balliu,2,224.95,224.95,224.95,120.39,35.2,OK
balliu-sofa-exterior-3-plazas-aluminio-estilo-elegante-62-cm-5e2ef268,Balliu,3,525.0,995.0,"525.0, 665.0, 995.0",279.44,35.6,OK
balliu-mesa-auxiliar-exterior-aluminio-54-cm-19d3d0ee,Balliu,15,227.95,227.95,227.95,122.04,35.2,OK
balliu-mesa-auxiliar-exterior-aluminio-54-cm-9e2a2ecb,Balliu,1,242.95,242.95,242.95,130.35,35.1,OK
balliu-mesa-auxiliar-exterior-aluminio-54-cm-5ad43bf2,Balliu,1,229.95,229.95,229.95,123.32,35.1,OK
balliu-mesa-auxiliar-exterior-aluminio-54-cm-2ad5a2df,Balliu,1,249.9,249.9,249.9,136.79,33.8,OK
balliu-sofa-exterior-3-plazas-aluminio-estilo-contemporaneo-77-cm-674ab9a1,Balliu,3,685.0,1560.0,"685.0, 1139.0, 1560.0",367.06,35.2,OK
balliu-mesa-de-centro-exterior-aluminio-60-cm-510b363e,Balliu,15,349.9,349.9,"349.9, 421.95",194.7,32.7,OK
balliu-parasol-para-terraza-acrilico-236bd5f0,Balliu,24,399.9,399.9,,,,SIN_FUENTE_EXCEL
balliu-parasol-para-terraza-82e48b2d,Balliu,64,384.95,384.95,,,,SIN_FUENTE_EXCEL
balliu-parasol-para-terraza-f1ed8b8b,Balliu,19,299.9,381.95,381.95,204.95,17.3,CORREGIR
balliu-parasol-para-terraza-acrilico-c8dd492d,Balliu,24,398.95,399.9,399.9,222.76,32.4,OK
balliu-parasol-para-terraza-aluminio-300-cm-3b7e77d1,Balliu,3,1049.0,1049.0,1049.0,561.54,35.2,OK
balliu-parasol-para-terraza-aluminio-300-cm-0ceba8e7,Balliu,3,1049.0,1049.0,1049.0,561.54,35.2,OK
balliu-parasol-para-terraza-aluminio-300-cm-6c1e1224,Balliu,3,1899.0,1899.0,1899.0,1019.5,35.0,OK
balliu-accesorio-exterior-resina-da11d420,Balliu,1,89.95,89.95,89.95,48.25,35.1,OK
balliu-accesorio-exterior-resina-df85d2d1,Balliu,1,149.9,149.9,149.9,82.22,33.6,OK
balliu-colchoneta-para-tumbona-0e9a3256,Balliu,6,115.95,190.95,"115.95, 131.95, 190.95",62.07,35.2,OK
balliu-mobiliario-exterior-resina-28-cm-6264905d,Balliu,1,67.95,67.95,67.95,34.61,38.4,OK
balliu-pie-de-parasol-c2147052,Balliu,2,126.95,164.95,164.95,88.17,16.0,CORREGIR
balliu-base-de-parasol-3ee8b72d,Balliu,2,51.95,99.9,99.9,54.88,-27.8,REVISAR_VARIANTES
balliu-funda-protectora-exterior-686cc405,Balliu,3,79.95,329.95,"79.95, 249.9, 329.95",42.82,35.2,OK
balliu-funda-protectora-exterior-acrilico-a1c16324,Balliu,1,36.95,36.95,36.95,19.68,35.6,OK
balliu-funda-protectora-exterior-6f6d4953,Balliu,3,129.95,227.95,"129.95, 186.95, 227.95",69.71,35.1,OK
balliu-funda-protectora-exterior-340b2844,Balliu,1,84.95,84.95,84.95,45.21,35.6,OK
balliu-cojin-exterior-523e5ae9,Balliu,1,53.95,53.95,53.95,28.69,35.7,OK
balliu-limpiador-para-mobiliario-exterior-d0d3fc26,Balliu,1,23.95,23.95,23.95,12.41,37.3,OK
balliu-silla-exterior-con-brazos-resina-estilo-funcional-94b6e5b5-2,Balliu,1,89.95,89.95,"89.95, 197.95",55.51,25.3,OK
balliu-mesa-alta-exterior-hpl-a3352658-2,Balliu,1,449.9,449.9,"449.9, 489.95",245.33,34.0,OK
parasol-cuadrado-200x200,santavila,9,399.9,426.95,,,,SIN_FUENTE_EXCEL
tumbona-carmen-tablillas,santavila,5,199.9,219.95,,,,SIN_FUENTE_EXCEL
tumbona-lola-tablillas,santavila,5,199.9,212.95,,,,SIN_FUENTE_EXCEL
mesa-de-centro-exterior-aluminio-hpl-gd-110x60,santavila,1,421.95,421.95,,,,SIN_FUENTE_EXCEL
mesa-auxiliar-exterior-aluminio-hpl-gd-45x45-etna,santavila,1,175.06,175.06,,,,SIN_FUENTE_EXCEL
mesa-auxiliar-exterior-aluminio-werzalit-60-etna,santavila,1,157.84,157.84,,,,SIN_FUENTE_EXCEL
mesa-exterior-aluminio-hpl-120x80-capri-doble,santavila,15,535.0,535.0,,,,SIN_FUENTE_EXCEL
mesa-exterior-aluminio-hpl-gd-brunei,santavila,4,540.25,1123.45,,,,SIN_FUENTE_EXCEL
mesa-extensible-exterior-aluminio-hpl-gd-java,santavila,2,1593.26,2296.36,,,,SIN_FUENTE_EXCEL
mesa-exterior-aluminio-hpl-gd-capri,santavila,5,387.59,442.82,,,,SIN_FUENTE_EXCEL
mesa-exterior-aluminio-hpl-gd-120x80-capri-doble,santavila,3,605.18,666.49,,,,SIN_FUENTE_EXCEL
mesa-exterior-aluminio-altea-extras,santavila,5,381.97,673.68,,,,SIN_FUENTE_EXCEL
mesa-exterior-aluminio-agata-extras,santavila,2,504.03,686.15,,,,SIN_FUENTE_EXCEL
silla-exterior-resina-bruna-precio-alto-pendiente,santavila,1,197.73,197.73,,,,SIN_FUENTE_EXCEL
