handle,title,status,type,vendor,desc_words,seo_desc,image,variants,variants_sin_gtin
tumbona-carmen-tablillas,Tumbona exterior resina · 75 cm tablillas · Carmen T,ACTIVE,Tumbona,santavila,0,NO,NO,5,5
tumbona-lola-tablillas,Tumbona exterior resina playa · 75 cm tablillas · Lola T,ACTIVE,Tumbona,santavila,0,NO,NO,5,5
mesa-exterior-aluminio-hpl-120x80-capri-doble,Mesa exterior aluminio · HPL 120×80 cm · Capri Doble,ACTIVE,Mesa,santavila,0,NO,NO,15,15
balliu-parasol-para-terraza-acrilico-236bd5f0,Parasol exterior acrílico · Ø200 cm · Pamela acrílico,ACTIVE,Parasol,Balliu,1,sí,sí,24,24
balliu-parasol-para-terraza-82e48b2d,Parasol exterior tela · Ø200 cm · Pamela tela,ACTIVE,Parasol,Balliu,1,sí,sí,64,64
balliu-parasol-para-terraza-f1ed8b8b,Parasol exterior tela · Ø200/Ø250 cm · Ocean tela,ACTIVE,Parasol,Balliu,1,sí,sí,19,19
balliu-parasol-para-terraza-acrilico-c8dd492d,Parasol exterior acrílico · Ø200/Ø250 cm · Ocean acrílico,ACTIVE,Parasol,Balliu,1,sí,sí,24,24
balliu-mesa-exterior-5d0fb586,Mesa auxiliar exterior resina decorativa · 48×48 cm · Mini Prestige,ACTIVE,Mesa,Balliu,2,sí,sí,5,5
balliu-mesa-exterior-140-18090-cm-e4ec7d7c,Mesa extensible exterior aluminio · HPL · Atlanta,ACTIVE,Mesa,Balliu,2,sí,sí,30,30
balliu-mesa-exterior-hpl-140-180100-cm-8e073aab,Mesa extensible exterior aluminio · HPL · Java,ACTIVE,Mesa,Balliu,2,sí,sí,30,30
balliu-colchoneta-para-tumbona-0e9a3256,Colchoneta exterior para tumbona,ACTIVE,Tumbona,Balliu,2,sí,sí,6,6
balliu-funda-protectora-exterior-686cc405,Funda protectora para tumbona exterior,ACTIVE,Funda,Balliu,2,sí,sí,3,3
balliu-funda-protectora-exterior-acrilico-a1c16324,Funda protectora exterior acrílico,ACTIVE,Funda,Balliu,2,sí,sí,1,1
balliu-funda-protectora-exterior-6f6d4953,Funda protectora para sofá exterior,ACTIVE,Funda,Balliu,2,sí,sí,3,3
balliu-funda-protectora-exterior-340b2844,Funda protectora exterior,ACTIVE,Funda,Balliu,2,sí,sí,1,1
balliu-cojin-exterior-523e5ae9,Cojín exterior,ACTIVE,Accesorio,Balliu,2,sí,NO,1,1
balliu-mesa-alta-exterior-hpl-94512eab,Mesa alta exterior · aluminio HPL 110 cm,ACTIVE,Mesa,Balliu,3,sí,sí,2,2
balliu-pie-de-parasol-c2147052,Pie de parasol · 40 kg,ACTIVE,Parasol,Balliu,4,sí,sí,2,2
balliu-base-de-parasol-3ee8b72d,Base de hormigón para parasol,ACTIVE,Parasol,Balliu,4,sí,sí,2,2
balliu-silla-exterior-sin-brazos-estilo-contemporaneo-53-cm-cd07e7d6,Silla exterior resina · Venus,ACTIVE,Silla,Balliu,16,sí,sí,2,2
set-rinconera-exterior-hpl-moderno-sofa-de-esquina-mesa-de-centro,Set rinconera exterior HPL · moderno | sofá de esquina + mesa de centro,ACTIVE,Conjunto rinconera,Hevea,21,sí,sí,1,1
set-jardin-2-plazas-contemporaneo-sofa-2-plazas-2-sillones-mesa-3,Set jardín 2 plazas · contemporáneo | sofá 2 plazas + 2 sillones + mesa 3,ACTIVE,Conjunto sofá,Hevea,22,sí,sí,1,1
set-rinconera-exterior-hpl-elegante-sofa-de-esquina-mesa-de-centro,Set rinconera exterior HPL · elegante | sofá de esquina + mesa de centro,ACTIVE,Conjunto rinconera,Hevea,24,sí,sí,1,1
set-rinconera-exterior-hpl-sofisticado-sofa-de-esquina-mesa-de-centro,Set rinconera exterior HPL · sofisticado | sofá de esquina + mesa de centro | Blanco - Beige,ACTIVE,Conjunto rinconera,Hevea,26,sí,sí,1,1
set-jardin-2-plazas-moderno-sofa-2-plazas-2-sillones-mesa-4,Set jardín 2 plazas · moderno | sofá 2 plazas + 2 sillones + mesa 4,ACTIVE,Conjunto sofá,Hevea,27,sí,sí,1,1
set-jardin-3-plazas-urbano-sofa-3-plazas-2-sillones-mesa,Set jardín 3 plazas · urbano | sofá 3 plazas + 2 sillones + mesa,ACTIVE,Conjunto sofá,Hevea,27,sí,sí,1,1
base-de-parasol-25-kg,Base de parasol 25 kg,ACTIVE,Accesorios,Hevea,27,sí,sí,1,1
set-jardin-2-plazas-contemporaneo-sofa-2-plazas-2-sillones-mesa,Set jardín 2 plazas · contemporáneo | sofá 2 plazas + 2 sillones + mesa,ACTIVE,Conjunto sofá,Hevea,28,sí,sí,1,1
set-jardin-3-plazas-contemporaneo-sofa-3-plazas-2-sillones-mesa-4,Set jardín 3 plazas · contemporáneo | sofá 3 plazas + 2 sillones + mesa 4,ACTIVE,Conjunto sofá,Hevea,28,sí,sí,1,1
set-jardin-2-plazas-moderno-sofa-2-plazas-2-sillones-mesa-3,Set jardín 2 plazas · moderno | sofá 2 plazas + 2 sillones + mesa 3,ACTIVE,Conjunto sofá,Hevea,29,sí,sí,1,1
set-rinconera-exterior-contemporaneo-sofa-de-esquina-mesa-de-centro,Set rinconera exterior · contemporáneo | sofá de esquina + mesa de centro,ACTIVE,Conjunto rinconera,Hevea,29,sí,sí,1,1
set-jardin-2-plazas-moderno-sofa-2-plazas-2-sillones-mesa,Set jardín 2 plazas · moderno | sofá 2 plazas + 2 sillones + mesa,ACTIVE,Conjunto sofá,Hevea,30,sí,sí,1,1
set-jardin-3-plazas-contemporaneo-sofa-3-plazas-2-sillones-mesa,Set jardín 3 plazas · contemporáneo | sofá 3 plazas + 2 sillones + mesa,ACTIVE,Conjunto sofá,Hevea,30,sí,sí,1,1
set-jardin-3-plazas-sofisticado-sofa-3-plazas-2-sillones-mesa-4,Set jardín 3 plazas · sofisticado | sofá 3 plazas + 2 sillones + mesa 4,ACTIVE,Conjunto sofá,Hevea,30,sí,sí,1,1
set-jardin-3-plazas-contemporaneo-sofa-3-plazas-2-sillones-mesa-2,Set jardín 3 plazas · contemporáneo | sofá 3 plazas + 2 sillones + mesa 2,ACTIVE,Conjunto sofá,Hevea,30,sí,sí,1,1
set-jardin-3-plazas-contemporaneo-sofa-3-plazas-2-sillones-mesa-3,Set jardín 3 plazas · contemporáneo | sofá 3 plazas + 2 sillones + mesa 3,ACTIVE,Conjunto sofá,Hevea,30,sí,sí,1,1
set-losas-cemento-para-base-de-parasol,Set losas cemento para base de parasol,ACTIVE,Accesorios,Hevea,30,sí,sí,1,1
set-jardin-2-plazas-elegante-sofa-2-plazas-2-sillones-mesa-3,Set jardín 2 plazas · elegante | sofá 2 plazas + 2 sillones + mesa 3,ACTIVE,Conjunto sofá,Hevea,31,sí,sí,1,1
set-jardin-3-plazas-sofisticado-sofa-3-plazas-2-sillones-mesa-3,Set jardín 3 plazas · sofisticado | sofá 3 plazas + 2 sillones + mesa 3,ACTIVE,Conjunto sofá,Hevea,31,sí,sí,1,1
set-jardin-2-plazas-elegante-sofa-2-plazas-2-sillones-mesa-5,Set jardín 2 plazas · elegante | sofá 2 plazas + 2 sillones + mesa 5,ACTIVE,Conjunto sofá,Hevea,31,sí,sí,1,1
set-jardin-bicolor-3-plazas-bicolor-sofa-3-plazas-2-sillones-mesa,Set jardín bicolor 3 plazas · bicolor | sofá 3 plazas + 2 sillones + mesa,ACTIVE,Conjunto sofá,Hevea,31,sí,sí,1,1
set-jardin-3-plazas-elegante-sofa-3-plazas-2-sillones-mesa-2,Set jardín 3 plazas · elegante | sofá 3 plazas + 2 sillones + mesa 2,ACTIVE,Conjunto sofá,Hevea,32,sí,sí,1,1
set-jardin-3-plazas-sofisticado-sofa-3-plazas-2-sillones-mesa-2,Set jardín 3 plazas · sofisticado | sofá 3 plazas + 2 sillones + mesa 2,ACTIVE,Conjunto sofá,Hevea,33,sí,sí,1,1
set-jardin-2-plazas-elegante-sofa-2-plazas-2-sillones-mesa-4,Set jardín 2 plazas · elegante | sofá 2 plazas + 2 sillones + mesa 4,ACTIVE,Conjunto sofá,Hevea,33,sí,sí,1,1
sillon-exterior-estilo-urbano-6670-cm,Sillón exterior · estilo urbano | 66×70 cm,ACTIVE,Sillón,Hevea,33,sí,sí,1,1
sofa-terraza-2-plazas-estilo-contemporaneo-13370-cm,Sofá terraza 2 plazas · estilo contemporáneo | 133×70 cm,ACTIVE,Sofá,Hevea,33,sí,sí,1,1
banco-de-exterior-150-cm,Banco de exterior 150 cm,ACTIVE,Banco,Hevea,33,sí,sí,1,1
mesa-de-centro-exterior-hpl-70-cm-altura-45-cm,Mesa de centro exterior HPL 70 cm · altura 45 cm,ACTIVE,Mesa centro,Hevea,34,sí,sí,1,1
set-jardin-2-plazas-moderno-sofa-2-plazas-2-sillones-mesa-2,Set jardín 2 plazas · moderno | sofá 2 plazas + 2 sillones + mesa 2,ACTIVE,Conjunto sofá,Hevea,35,sí,sí,1,1
set-jardin-bicolor-2-plazas-bicolor-sofa-2-plazas-2-sillones-mesa,Set jardín bicolor 2 plazas · bicolor | sofá 2 plazas + 2 sillones + mesa,ACTIVE,Conjunto sofá,Hevea,35,sí,sí,1,1
banco-de-exterior-108-cm,Banco de exterior 108 cm,ACTIVE,Banco,Hevea,35,sí,sí,1,1
set-jardin-3-plazas-sofisticado-sofa-3-plazas-2-sillones-mesa,Set jardín 3 plazas · sofisticado | sofá 3 plazas + 2 sillones + mesa,ACTIVE,Conjunto sofá,Hevea,36,sí,sí,1,1
reposapies-exterior-504540-cm,Reposapiés exterior · 50×45×40 cm,ACTIVE,Reposapiés,Hevea,36,sí,sí,1,1
set-jardin-3-plazas-elegante-sofa-3-plazas-2-sillones-mesa,Set jardín 3 plazas · elegante | sofá 3 plazas + 2 sillones + mesa,ACTIVE,Conjunto sofá,Hevea,36,sí,sí,1,1
sillon-exterior-estilo-elegante-80104-cm,Sillón exterior · estilo elegante | 80×104 cm,ACTIVE,Sillón,Hevea,36,sí,sí,1,1
mesa-de-centro-exterior-125-cm-altura-42-cm,Mesa de centro exterior 125 cm · altura 42 cm,ACTIVE,Mesa centro,Hevea,36,sí,sí,1,1
sillon-exterior-estilo-moderno-7085-cm,Sillón exterior · estilo moderno | 70×85 cm,ACTIVE,Sillón,Hevea,36,sí,sí,1,1
sillon-exterior-estilo-versatil-6470-cm,Sillón exterior · estilo versátil | 64×70 cm,ACTIVE,Sillón,Hevea,36,sí,sí,1,1
mesa-de-centro-exterior-hpl-90-cm-altura-40-cm,Mesa de centro exterior HPL 90 cm · altura 40 cm,ACTIVE,Mesa centro,Hevea,36,sí,sí,1,1
sofa-terraza-3-plazas-estilo-moderno-18770-cm,Sofá terraza 3 plazas · estilo moderno | 187×70 cm,ACTIVE,Sofá,Hevea,36,sí,sí,1,1
sofa-terraza-3-plazas-estilo-contemporaneo-18583-cm,Sofá terraza 3 plazas · estilo contemporáneo | 185×83 cm,ACTIVE,Sofá,Hevea,37,sí,sí,1,1
reposapies-exterior-734640-cm,Reposapiés exterior · 73×46×40 cm,ACTIVE,Reposapiés,Hevea,37,sí,sí,1,1
set-jardin-2-plazas-elegante-sofa-2-plazas-2-sillones-mesa-2,Set jardín 2 plazas · elegante | sofá 2 plazas + 2 sillones + mesa 2,ACTIVE,Conjunto sofá,Hevea,37,sí,sí,1,1
sofa-terraza-2-plazas-estilo-contemporaneo-16269-cm,Sofá terraza 2 plazas · estilo contemporáneo | 162×69 cm,ACTIVE,Sofá,Hevea,37,sí,sí,1,1
sofa-terraza-3-plazas-estilo-contemporaneo-215104-cm,Sofá terraza 3 plazas · estilo contemporáneo | 215×104 cm,ACTIVE,Sofá,Hevea,37,sí,sí,1,1
reposapies-exterior-855043-cm-2,Reposapiés exterior · 85×50×43 cm,ACTIVE,Reposapiés,Hevea,37,sí,sí,1,1
sofa-terraza-2-plazas-estilo-elegante-13170-cm,Sofá terraza 2 plazas · estilo elegante | 131×70 cm,ACTIVE,Sofá,Hevea,37,sí,sí,1,1
mesa-de-centro-exterior-hpl-120-cm-altura-40-cm-2,Mesa de centro exterior HPL 120 cm · altura 40 cm 2,ACTIVE,Mesa centro,Hevea,37,sí,sí,1,1
sofa-terraza-2-plazas-estilo-estilizado-14383-cm,Sofá terraza 2 plazas · estilo estilizado | 143×83 cm,ACTIVE,Sofá,Hevea,38,sí,sí,1,1
sofa-terraza-2-plazas-estilo-contemporaneo-15082-cm,Sofá terraza 2 plazas · estilo contemporáneo | 150×82 cm,ACTIVE,Sofá,Hevea,38,sí,sí,1,1
mesa-de-centro-exterior-125-cm-altura-38-cm,Mesa de centro exterior 125 cm · altura 38 cm,ACTIVE,Mesa centro,Hevea,38,sí,sí,1,1
mesa-de-centro-exterior-120-cm-altura-41-cm,Mesa de centro exterior 120 cm · altura 41 cm,ACTIVE,Mesa centro,Hevea,38,sí,sí,1,1
sofa-terraza-2-plazas-estilo-contemporaneo-145100-cm,Sofá terraza 2 plazas · estilo contemporáneo | 145×100 cm,ACTIVE,Sofá,Hevea,38,sí,sí,1,1
sofa-terraza-3-plazas-estilo-sofisticado-212100-cm,Sofá terraza 3 plazas · estilo sofisticado | 212×100 cm,ACTIVE,Sofá,Hevea,38,sí,sí,1,1
sofa-terraza-2-plazas-estilo-contemporaneo-164104-cm,Sofá terraza 2 plazas · estilo contemporáneo | 164×104 cm,ACTIVE,Sofá,Hevea,38,sí,sí,1,1
set-jardin-2-plazas-contemporaneo-sofa-2-plazas-2-sillones-mesa-2,Set jardín 2 plazas · contemporáneo | sofá 2 plazas + 2 sillones + mesa 2,ACTIVE,Conjunto sofá,Hevea,38,sí,sí,1,1
pergola-aluminio-para-jardin-300300250-cm,Pérgola aluminio para jardín · 300×300×250 cm,ACTIVE,Pérgola,Hevea,38,sí,sí,1,1
sofa-terraza-3-plazas-estilo-elegante-22069-cm,Sofá terraza 3 plazas · estilo elegante | 220×69 cm,ACTIVE,Sofá,Hevea,39,sí,sí,1,1
sillon-exterior-estilo-versatil-76100-cm,Sillón exterior · estilo versátil | 76×100 cm,ACTIVE,Sillón,Hevea,39,sí,sí,1,1
sofa-terraza-3-plazas-estilo-contemporaneo-19685-cm,Sofá terraza 3 plazas · estilo contemporáneo | 196×85 cm,ACTIVE,Sofá,Hevea,39,sí,sí,1,1
sofa-terraza-2-plazas-estilo-moderno-128115-cm,Sofá terraza 2 plazas · estilo moderno | 128×115 cm,ACTIVE,Sofá,Hevea,39,sí,sí,1,1
sofa-terraza-3-plazas-estilo-contemporaneo-188115-cm,Sofá terraza 3 plazas · estilo contemporáneo | 188×115 cm,ACTIVE,Sofá,Hevea,39,sí,sí,1,1
silla-exterior-estilo-contemporaneo,Silla exterior · estilo contemporáneo,ACTIVE,Silla,Hevea,39,sí,sí,1,1
set-jardin-2-plazas-elegante-sofa-2-plazas-2-sillones-mesa,Set jardín 2 plazas · elegante | sofá 2 plazas + 2 sillones + mesa,ACTIVE,Conjunto sofá,Hevea,40,sí,sí,1,1
sillon-exterior-estilo-versatil-7783-cm,Sillón exterior · estilo versátil | 77×83 cm,ACTIVE,Sillón,Hevea,40,sí,sí,1,1
sillon-exterior-estilo-envolvente-7582-cm,Sillón exterior · estilo envolvente | 75×82 cm,ACTIVE,Sillón,Hevea,40,sí,sí,1,1
sillon-exterior-estilo-estilizado-7069-cm,Sillón exterior · estilo estilizado | 70×69 cm,ACTIVE,Sillón,Hevea,40,sí,sí,1,1
reposapies-exterior-bicolor-704544-cm,Reposapiés exterior bicolor · 70×45×44 cm,ACTIVE,Reposapiés,Hevea,40,sí,sí,1,1
sofa-terraza-2-plazas-estilo-contemporaneo-13785-cm,Sofá terraza 2 plazas · estilo contemporáneo | 137×85 cm,ACTIVE,Sofá,Hevea,40,sí,sí,1,1
mesa-de-centro-exterior-90-cm-altura-40-cm-2,Mesa de centro exterior 90 cm · altura 40 cm 2,ACTIVE,Mesa centro,Hevea,40,sí,sí,1,1
sofa-terraza-3-plazas-estilo-contemporaneo-18590-cm,Sofá terraza 3 plazas · estilo contemporáneo | 185×90 cm,ACTIVE,Sofá,Hevea,41,sí,sí,1,1
reposapies-exterior-605040-cm,Reposapiés exterior · 60×50×40 cm,ACTIVE,Reposapiés,Hevea,41,sí,sí,1,1
sofa-terraza-3-plazas-estilo-contemporaneo-19882-cm,Sofá terraza 3 plazas · estilo contemporáneo | 198×82 cm,ACTIVE,Sofá,Hevea,41,sí,sí,1,1
mesa-de-centro-exterior-90-cm-altura-41-cm,Mesa de centro exterior 90 cm · altura 41 cm,ACTIVE,Mesa centro,Hevea,41,sí,sí,1,1
reposapies-exterior-855043-cm,Reposapiés exterior · 85×50×43 cm,ACTIVE,Reposapiés,Hevea,41,sí,sí,1,1
mesa-de-centro-exterior-hpl-135-cm-altura-40-cm,Mesa de centro exterior HPL 135 cm · altura 40 cm,ACTIVE,Mesa centro,Hevea,41,sí,sí,1,1
sofa-terraza-3-plazas-estilo-contemporaneo-19085-cm,Sofá terraza 3 plazas · estilo contemporáneo | 190×85 cm,ACTIVE,Sofá,Hevea,41,sí,sí,1,1
mesa-comedor-exterior-hpl-15090-cm,Mesa comedor exterior HPL 150×90 cm,ACTIVE,Mesa comedor,Hevea,41,sí,sí,1,1
balancin-jardin-exterior-148194-cm,Balancín jardín exterior · 148×194 cm,ACTIVE,Balancín,Hevea,41,sí,sí,1,1
banco-jardin-con-mesa-integrada-220-cm,Banco jardín con mesa integrada · 220 cm,ACTIVE,Banco con mesa,Hevea,41,sí,sí,1,1
sofa-terraza-2-plazas-estilo-elegante-15085-cm,Sofá terraza 2 plazas · estilo elegante | 150×85 cm,ACTIVE,Sofá,Hevea,42,sí,sí,1,1
sillon-exterior-estilo-contemporaneo-68115-cm,Sillón exterior · estilo contemporáneo | 68×115 cm,ACTIVE,Sillón,Hevea,42,sí,sí,1,1
silla-exterior-estilo-estilizado,Silla exterior · estilo estilizado,ACTIVE,Silla,Hevea,43,sí,sí,1,1
sillon-exterior-estilo-versatil-58100-cm,Sillón exterior · estilo versátil | 58×100 cm,ACTIVE,Sillón,Hevea,43,sí,sí,1,1
sofa-terraza-3-plazas-estilo-sofisticado-17578-cm,Sofá terraza 3 plazas · estilo sofisticado | 175×78 cm,ACTIVE,Sofá,Hevea,44,sí,sí,1,1
sillon-exterior-estilo-versatil-7685-cm,Sillón exterior · estilo versátil | 76×85 cm,ACTIVE,Sillón,Hevea,44,sí,sí,1,1
sofa-terraza-2-plazas-estilo-contemporaneo-13090-cm,Sofá terraza 2 plazas · estilo contemporáneo | 130×90 cm,ACTIVE,Sofá,Hevea,45,sí,sí,1,1
sofa-terraza-2-plazas-estilo-contemporaneo-12078-cm,Sofá terraza 2 plazas · estilo contemporáneo | 120×78 cm,ACTIVE,Sofá,Hevea,45,sí,sí,1,1
mesa-comedor-exterior-hpl-10090-cm,Mesa comedor exterior HPL 100×90 cm,ACTIVE,Mesa comedor,Hevea,45,sí,sí,1,1
mesa-de-centro-exterior-hpl-120-cm-altura-40-cm,Mesa de centro exterior HPL 120 cm · altura 40 cm,ACTIVE,Mesa centro,Hevea,46,sí,sí,1,1
sillon-exterior-estilo-elegante-6590-cm,Sillón exterior · estilo elegante | 65×90 cm,ACTIVE,Sillón,Hevea,47,sí,sí,1,1
sillon-exterior-estilo-elegante-6578-cm,Sillón exterior · estilo elegante | 65×78 cm,ACTIVE,Sillón,Hevea,47,sí,sí,1,1
mesa-comedor-exterior-hpl-13590-cm,Mesa comedor exterior HPL,ACTIVE,Mesa comedor,Hevea,47,sí,sí,2,2
set-jardin-aluminio-3-plazas-contemporaneo-sofa-3-plazas-2-sillones-mesa,Set jardín aluminio 3 plazas · contemporáneo | sofá 3 plazas + 2 sillones + mesa,ACTIVE,Conjunto sofá,Hevea,48,sí,sí,1,1
mesa-de-centro-exterior-90-cm-altura-40-cm,Mesa de centro exterior 90 cm · altura 40 cm,ACTIVE,Mesa centro,Hevea,48,sí,sí,1,1
sofa-terraza-bicolor-2-plazas-estilo-bicolor-14076-cm,Sofá terraza bicolor 2 plazas · estilo bicolor | 140×76 cm,ACTIVE,Sofá,Hevea,48,sí,sí,1,1
sillon-exterior-bicolor-estilo-bicolor-7376-cm,Sillón exterior bicolor · estilo bicolor | 73×76 cm,ACTIVE,Sillón,Hevea,51,sí,sí,1,1
sofa-terraza-3-plazas-estilo-sofisticado-19475-cm,Sofá terraza 3 plazas · estilo sofisticado | 194×75 cm,ACTIVE,Sofá,Hevea,52,sí,sí,1,1
sofa-terraza-bicolor-3-plazas-estilo-bicolor-20076-cm,Sofá terraza bicolor 3 plazas · estilo bicolor | 200×76 cm,ACTIVE,Sofá,Hevea,52,sí,sí,1,1
parasol-cuadrado-200x200,Parasol cuadrado exterior · aluminio 200×200 cm · Ágora,ACTIVE,Parasol,santavila,55,NO,NO,9,9
set-rinconera-exterior-sofisticado-sofa-de-esquina-mesa-de-centro,Set rinconera exterior · sofisticado | sofá de esquina + mesa de centro,ACTIVE,Conjunto rinconera,Hevea,56,sí,sí,1,1
sofa-terraza-2-plazas-estilo-envolvente-13575-cm,Sofá terraza 2 plazas · estilo envolvente | 135×75 cm,ACTIVE,Sofá,Hevea,57,sí,sí,1,1
sofa-terraza-aluminio-3-plazas-estilo-contemporaneo-22090-cm,Sofá terraza aluminio 3 plazas · estilo contemporáneo | 220×90 cm,ACTIVE,Sofá,Hevea,61,sí,sí,1,1
sillon-exterior-estilo-elegante-7275-cm,Sillón exterior · estilo elegante | 72×75 cm,ACTIVE,Sillón,Hevea,66,sí,sí,1,1
balliu-tumbona-de-exterior-resina-28ff014d,Tumbona exterior resina · Noa,ACTIVE,Tumbona,Balliu,66,sí,sí,80,80
sillon-exterior-aluminio-estilo-envolvente-9890-cm,Sillón exterior aluminio · estilo envolvente | 98×90 cm,ACTIVE,Sillón,Hevea,67,sí,sí,1,1
balliu-tumbona-de-exterior-aluminio-d08586c1,Tumbona exterior aluminio alta · acceso fácil · Etna Alta,ACTIVE,Tumbona,Balliu,69,sí,sí,96,96
mesa-de-centro-exterior-120-cm-altura-40-cm-2,Mesa de centro exterior 120 cm · altura 40 cm 2,ACTIVE,Mesa centro,Hevea,70,sí,sí,1,1
balliu-silla-exterior-sin-brazos-resina-estilo-funcional-daabcdaf,Silla exterior resina · Vera,ACTIVE,Silla,Balliu,70,sí,sí,6,6
sofa-terraza-aluminio-2-plazas-estilo-contemporaneo-16690-cm,Sofá terraza aluminio 2 plazas · estilo contemporáneo | 166×90 cm,ACTIVE,Sofá,Hevea,71,sí,sí,1,1
balliu-mini-tumbona-de-exterior-aluminio-57-cm-98ab84ce,Mini tumbona exterior aluminio apilable · 57 cm · Marina,ACTIVE,Mini tumbona,Balliu,71,sí,sí,32,32
balliu-tumbona-de-exterior-resina-923110d9,Tumbona exterior resina · Ø73 cm tablillas · Eva Pro T,ACTIVE,Tumbona,Balliu,72,sí,sí,5,5
balliu-tumbona-de-exterior-resina-b19af1ea,Tumbona exterior resina · Ø73 cm tela · Eva Pro,ACTIVE,Tumbona,Balliu,72,sí,sí,80,80
balliu-tumbona-de-exterior-sin-ruedas-aluminio-da3f5c24,Tumbona exterior aluminio · con/sin ruedas · Olimpia,ACTIVE,Tumbona,Balliu,73,sí,sí,96,96
balliu-tumbona-de-exterior-aluminio-36870d09,Tumbona exterior aluminio · Etna,ACTIVE,Tumbona,Balliu,75,sí,sí,96,96
balliu-mobiliario-exterior-resina-28-cm-6264905d,Mobiliario exterior resina | 28 cm,ACTIVE,Mobiliario exterior,Balliu,77,sí,sí,1,1
balliu-silla-exterior-resina-estilo-funcional-0b607ec7,Silla exterior resina apilable · Selva,ACTIVE,Silla,Balliu,78,sí,sí,2,2
balliu-mesa-exterior-aluminio-7070-cm-1b61e6b6,Mesa exterior aluminio · HPL · Altea,ACTIVE,Mesa,Balliu,78,sí,sí,20,20
balliu-mesa-exterior-aluminio-75-cm-dd745448,Mesa exterior aluminio · 75×75 cm · Ágata,ACTIVE,Mesa,Balliu,78,sí,sí,2,2
balliu-silla-exterior-resina-estilo-minimalista-484cbea0,Silla exterior resina · estilo minimalista · Duna,ACTIVE,Silla,Balliu,79,sí,sí,3,3
mesa-de-centro-exterior-120-cm-altura-40-cm,Mesa de centro exterior 120 cm · altura 40 cm,ACTIVE,Mesa centro,Hevea,80,sí,sí,1,1
balliu-tumbona-de-exterior-aluminio-68-cm-f7ab4da8,Tumbona exterior aluminio apilable · 68 cm · Marina,ACTIVE,Tumbona,Balliu,81,sí,sí,16,16
balliu-mesa-exterior-aluminio-7070-cm-724b0db0,Mesa exterior aluminio · HPL · Capri,ACTIVE,Mesa,Balliu,82,sí,sí,75,75
balliu-mini-tumbona-de-exterior-aluminio-62-cm-5a6f53eb,Mini tumbona exterior aluminio plegable · 62 cm · Cannes,ACTIVE,Mini tumbona,Balliu,83,sí,sí,48,48
balliu-mesa-exterior-aluminio-72-cm-72514f40,Mesa exterior aluminio · 72×72 cm · Nora,ACTIVE,Mesa,Balliu,83,sí,sí,2,2
balliu-mini-tumbona-de-exterior-madera-59-cm-fa211c70,Mini tumbona exterior madera teca plegable · 59 cm · Bristol,ACTIVE,Mini tumbona,Balliu,84,sí,sí,16,16
sofa-terraza-3-plazas-estilo-moderno-18570-cm,Sofá terraza 3 plazas · estilo moderno | 185×70 cm,ACTIVE,Sofá,Hevea,85,sí,sí,1,1
balliu-mesa-auxiliar-exterior-aluminio-60-cm-9c991818,Mesa auxiliar exterior · aluminio HPL 45×45 cm · Etna,ACTIVE,Mesa,Balliu,87,sí,sí,15,15
balliu-mesa-exterior-resina-70-cm-33ce1613,Mesa exterior resina · Werzalit · Selva,ACTIVE,Mesa,Balliu,87,sí,sí,6,6
balliu-mesa-auxiliar-exterior-aluminio-90b11e5b,Mesa auxiliar exterior aluminio · Ø42 cm · Noa,ACTIVE,Mesa,Balliu,88,sí,sí,5,5
balliu-cama-balinesa-exterior-aluminio-estilo-sofisticado-160-cm-2bd3a7a4,Cama balinesa exterior aluminio · estilo sofisticado | 160 cm,ACTIVE,Cama balinesa,Balliu,89,sí,sí,1,1
balliu-mesa-auxiliar-exterior-resina-48-cm-de421a42,Mesa auxiliar exterior resina · 48×48 cm · Eva Pro Mini,ACTIVE,Mesa,Balliu,89,sí,sí,5,5
balliu-silla-exterior-resina-estilo-clasico-57-cm-8164cc65,Silla exterior resina · estilo clásico · Bimba,ACTIVE,Silla,Balliu,90,sí,sí,3,3
balliu-mesa-de-centro-exterior-aluminio-60-cm-510b363e,Mesa de centro exterior · aluminio HPL 110×60 cm,ACTIVE,Mesa,Balliu,90,sí,sí,15,15
balliu-parasol-para-terraza-aluminio-300-cm-6c1e1224,Parasol lateral exterior · aluminio 300×300 cm · Roma,ACTIVE,Parasol,Balliu,90,sí,sí,3,3
set-jardin-3-plazas-contemporaneo-sofa-3-plazas-2-sillones-mesa-5,Set jardín 3 plazas · contemporáneo | sofá 3 plazas + 2 sillones + mesa 5,ACTIVE,Conjunto sofá,Hevea,91,sí,sí,1,1
balliu-mesa-auxiliar-exterior-resina-48-cm-35554775,Mesa auxiliar exterior resina · 48×48 cm · Eva Pro BCN,ACTIVE,Mesa,Balliu,91,sí,sí,5,5
balliu-mesa-auxiliar-exterior-aluminio-54-cm-6c7a42d9,Mesa auxiliar exterior aluminio · 48×48 cm tejido · Olimpia,ACTIVE,Mesa,Balliu,91,sí,sí,48,48
balliu-mesa-auxiliar-exterior-aluminio-54-cm-19d3d0ee,Mesa de centro exterior · aluminio HPL 74×54 cm · Olimpia Central,ACTIVE,Mesa,Balliu,91,sí,sí,15,15
balliu-tumbona-de-exterior-resina-75-cm-009e68e4,Tumbona exterior resina · 75 cm tela · Carmen,ACTIVE,Tumbona,Balliu,92,sí,sí,80,80
balliu-tumbona-de-exterior-resina-75-cm-aca076ae,Tumbona exterior resina playa · 75 cm tela · Lola,ACTIVE,Tumbona,Balliu,92,sí,sí,80,80
balliu-taburete-exterior-aluminio-estilo-elegante-56-cm-a66b4a0a,Taburete exterior aluminio · tejido Balliu · Etna,ACTIVE,Mobiliario exterior,Balliu,93,sí,sí,48,48
balliu-silla-exterior-con-brazos-aluminio-estilo-elegante-56-cm-5c88bd77,Silla exterior aluminio · tejido Balliu · Etna,ACTIVE,Silla,Balliu,93,sí,sí,48,48
balliu-silla-exterior-con-brazos-aluminio-estilo-elegante-56-cm-eaf4a34a,Silla exterior aluminio alta · tejido Balliu · Etna Alta,ACTIVE,Silla,Balliu,93,sí,sí,48,48
balliu-cama-balinesa-exterior-aluminio-estilo-minimalista-198-cm-dcaf71d8,Cama balinesa exterior aluminio · estilo minimalista | 198 cm,ACTIVE,Cama balinesa,Balliu,94,sí,sí,1,1
balliu-tumbona-de-exterior-resina-73-cm-0648657b,Tumbona exterior resina jardín · 73 cm tablillas · Eva RTG,ACTIVE,Tumbona,Balliu,96,sí,sí,1,1
balliu-silla-exterior-sin-brazos-resina-estilo-contemporaneo-49-cm-af080e9c,Silla exterior resina · Bruna,ACTIVE,Silla,Balliu,97,sí,sí,4,4
balliu-mesa-exterior-aluminio-8080-cm-ef580ae2,Mesa exterior aluminio · HPL · Brunei,ACTIVE,Mesa,Balliu,98,sí,sí,60,60
balliu-tumbona-de-exterior-resina-73-cm-d369d964,Tumbona exterior resina playa · 73 cm tela · Eva RG,ACTIVE,Tumbona,Balliu,99,sí,sí,32,32
balliu-tumbona-de-exterior-con-ruedas-aluminio-58-cm-9064b7b9,Tumbona exterior aluminio · con ruedas 58 cm · Iris,ACTIVE,Tumbona,Balliu,99,sí,sí,16,16
balliu-silla-exterior-con-brazos-aluminio-estilo-elegante-58-cm-bc0c02ec,Silla exterior aluminio · tejido Balliu · Mila,ACTIVE,Silla,Balliu,99,sí,sí,4,4
balliu-parasol-para-terraza-aluminio-300-cm-0ceba8e7,Parasol cuadrado exterior · aluminio 300×300 cm · Brisa,ACTIVE,Parasol,Balliu,99,sí,sí,3,3
balliu-sofa-exterior-3-plazas-aluminio-estilo-elegante-62-cm-5e2ef268,Sofá exterior aluminio · estilo elegante | 62 cm,ACTIVE,Sofa,Balliu,105,sí,sí,3,3
balliu-parasol-para-terraza-aluminio-300-cm-3b7e77d1,Parasol redondo exterior · aluminio Ø300 cm · Garbí,ACTIVE,Parasol,Balliu,114,sí,sí,3,3
balliu-sofa-exterior-3-plazas-aluminio-estilo-contemporaneo-77-cm-674ab9a1,Sofá exterior aluminio · estilo contemporáneo | 77 cm,ACTIVE,Sofa,Balliu,118,sí,sí,3,3
set-jardin-contemporaneo-sofa-2-plazas-2-sillones-mesa,Set jardín · contemporáneo | sofá 2 plazas + 2 sillones + mesa,ACTIVE,Conjunto sofá,Hevea,133,sí,sí,1,1
set-jardin-aluminio-2-plazas-contemporaneo-sofa-2-plazas-2-sillones-mesa,Set jardín aluminio 2 plazas · contemporáneo | sofá 2 plazas + 2 sillones + mesa,ACTIVE,Conjunto sofá,Hevea,141,sí,sí,1,1
mesa-de-centro-exterior-aluminio-hpl-gd-110x60,Mesa de centro exterior · aluminio HPL Gran Densidad 110×60 cm,DRAFT,Mesa,santavila,0,NO,NO,1,1
mesa-auxiliar-exterior-aluminio-hpl-gd-45x45-etna,Mesa auxiliar exterior · aluminio HPL Gran Densidad 45×45 cm · Etna,DRAFT,Mesa,santavila,0,NO,NO,1,1
mesa-auxiliar-exterior-aluminio-werzalit-60-etna,Mesa auxiliar exterior · aluminio Werzalit Ø60 cm · Etna,DRAFT,Mesa,santavila,0,NO,NO,1,1
mesa-exterior-aluminio-hpl-gd-brunei,Mesa exterior aluminio · HPL Gran Densidad · Brunei,DRAFT,Mesa,santavila,0,NO,NO,4,4
mesa-extensible-exterior-aluminio-hpl-gd-java,Mesa extensible exterior aluminio · HPL Gran Densidad · Java,DRAFT,Mesa,santavila,0,NO,NO,2,2
mesa-exterior-aluminio-hpl-gd-capri,Mesa exterior aluminio · HPL Gran Densidad · Capri,DRAFT,Mesa,santavila,0,NO,NO,5,5
mesa-exterior-aluminio-hpl-gd-120x80-capri-doble,Mesa exterior aluminio · HPL GD / pie alto · Capri Doble 120×80,DRAFT,Mesa,santavila,0,NO,NO,3,3
mesa-exterior-aluminio-altea-extras,Mesa exterior aluminio · variantes extras · Altea,DRAFT,Mesa,santavila,0,NO,NO,5,5
mesa-exterior-aluminio-agata-extras,Mesa exterior aluminio · variantes extras · Ágata,DRAFT,Mesa,santavila,0,NO,NO,2,2
silla-exterior-resina-bruna-precio-alto-pendiente,"Silla exterior resina · Bruna (variante 197,73€) — pendiente confirmar",DRAFT,Silla,santavila,0,NO,NO,1,1
balliu-tumbona-de-exterior-20620134,Tumbona Alba (DRAFT — pendiente verificar con proveedor),DRAFT,Tumbona,Balliu,2,sí,NO,1,1
balliu-silla-exterior-aluminio-estilo-contemporaneo-afd89221,Silla exterior aluminio · estilo contemporáneo,DRAFT,Silla,Balliu,2,sí,sí,1,1
balliu-mesa-exterior-aluminio-9e30ca7f,Mesa exterior aluminio,DRAFT,Mesa,Balliu,2,sí,sí,1,1
balliu-mesa-exterior-1cf4d3d5,Mesa exterior,DRAFT,Mesa,Balliu,2,sí,sí,1,1
balliu-mesa-exterior-hpl-24090-cm-78358691,Mesa exterior HPL | 240×90 cm,DRAFT,Mesa,Balliu,2,sí,sí,1,1
balliu-mesa-exterior-hpl-24090-cm-d4e471c5,Mesa exterior HPL | 240×90 cm,DRAFT,Mesa,Balliu,2,sí,sí,1,1
balliu-mesa-exterior-200-260100-cm-9d798e50,Mesa exterior | 200/260×100 cm,DRAFT,Mesa,Balliu,2,sí,sí,1,1
balliu-mesa-exterior-hpl-140-180100-cm-e5e3bb40,Mesa exterior HPL | 140/180×100 cm,DRAFT,Mesa,Balliu,2,sí,sí,1,1
balliu-mesa-exterior-hpl-200-260100-cm-23187ea9,Mesa exterior HPL | 200/260×100 cm,DRAFT,Mesa,Balliu,2,sí,sí,1,1
balliu-mesa-exterior-hpl-200-260100-cm-4a63be2f,Mesa exterior HPL | 200/260×100 cm,DRAFT,Mesa,Balliu,2,sí,sí,1,1
balliu-mesa-exterior-hpl-7070-cm-9d14e31f,Mesa exterior HPL | 70×70 cm,DRAFT,Mesa,Balliu,2,sí,sí,1,1
balliu-mesa-exterior-hpl-7070-cm-146f72ca,Mesa exterior HPL | 70×70 cm,DRAFT,Mesa,Balliu,2,sí,sí,1,1
balliu-mesa-exterior-hpl-8080-cm-1a2fe7b5,Mesa exterior HPL | 80×80 cm,DRAFT,Mesa,Balliu,2,sí,sí,1,1
balliu-mesa-exterior-hpl-8080-cm-96593887,Mesa exterior HPL | 80×80 cm,DRAFT,Mesa,Balliu,2,sí,sí,1,1
balliu-mesa-exterior-hpl-7070-cm-f6074154,Mesa exterior HPL | 70×70 cm,DRAFT,Mesa,Balliu,2,sí,sí,1,1
balliu-accesorio-exterior-resina-df85d2d1,Accesorio exterior resina,DRAFT,Mobiliario exterior,Balliu,2,sí,sí,1,1
balliu-limpiador-para-mobiliario-exterior-d0d3fc26,Limpiador para mobiliario exterior,DRAFT,Accesorio,Balliu,2,sí,sí,1,1
balliu-mesa-exterior-hpl-451e7ba8,Mesa exterior HPL,DRAFT,Mesa,Balliu,3,sí,sí,1,1
balliu-mesa-exterior-hpl-3adfe773,Mesa exterior HPL,DRAFT,Mesa,Balliu,3,sí,sí,1,1
balliu-mesa-exterior-hpl-65e3ca13,Mesa exterior HPL,DRAFT,Mesa,Balliu,3,sí,sí,1,1
balliu-mesa-exterior-hpl-1b4f3962,Mesa exterior HPL,DRAFT,Mesa,Balliu,3,sí,sí,1,1
balliu-mesa-alta-exterior-hpl-a3352658,Mesa alta exterior HPL,DRAFT,Mesa,Balliu,3,sí,sí,1,1
balliu-mesa-alta-exterior-hpl-5d74130e,Mesa alta exterior HPL,DRAFT,Mesa,Balliu,3,sí,sí,1,1
balliu-mesa-alta-exterior-hpl-a3352658-2,Mesa alta exterior HPL,DRAFT,Mesa,Balliu,3,sí,sí,1,1
balliu-mesa-alta-exterior-hpl-45c511e9,Mesa alta exterior HPL,DRAFT,Mesa,Balliu,4,sí,sí,1,1
balliu-mesa-alta-exterior-hpl-f99491ce,Mesa alta exterior HPL,DRAFT,Mesa,Balliu,4,sí,sí,1,1
balliu-accesorio-exterior-resina-da11d420,Accesorio exterior resina,DRAFT,Mobiliario exterior,Balliu,5,sí,sí,1,1
balliu-silla-exterior-con-brazos-estilo-contemporaneo-53-cm-c654c52f,Silla exterior con brazos · estilo contemporáneo | 53 cm,DRAFT,Silla,Balliu,16,sí,sí,1,1
parasol-para-terraza-300-cm-2,Parasol para terraza Ø300 cm 2,DRAFT,Parasol,Hevea,47,sí,sí,1,1
parasol-para-terraza-350-cm,Parasol para terraza Ø350 cm,DRAFT,Parasol,Hevea,50,sí,sí,1,1
parasol-para-terraza-300-cm,Parasol para terraza Ø300 cm,DRAFT,Parasol,Hevea,52,sí,sí,1,1
balliu-tumbona-de-exterior-resina-ddeeef3f,Tumbona de exterior resina,DRAFT,Tumbona,Balliu,72,sí,sí,1,1
tumbona-de-exterior,Tumbona de exterior,DRAFT,Tumbona,Hevea,73,sí,sí,1,1
balliu-mesa-exterior-aluminio-8080-cm-a05618ad,Mesa exterior aluminio | 80×80 cm,DRAFT,Mesa,Balliu,78,sí,sí,1,1
balliu-mesa-exterior-aluminio-8080-cm-0a3ee957,Mesa exterior aluminio | 80×80 cm,DRAFT,Mesa,Balliu,78,sí,sí,1,1
balliu-mesa-exterior-aluminio-80-cm-50525e0b,Mesa exterior aluminio | Ø80 cm,DRAFT,Mesa,Balliu,78,sí,sí,1,1
balliu-mesa-exterior-aluminio-80-cm-b06218ca,Mesa exterior aluminio | Ø80 cm,DRAFT,Mesa,Balliu,78,sí,sí,1,1
balliu-mesa-exterior-aluminio-12080-cm-bf75a33d,Mesa exterior aluminio | 120×80 cm,DRAFT,Mesa,Balliu,78,sí,sí,1,1
balliu-mesa-exterior-aluminio-75-cm-d7ab6e04,Mesa exterior aluminio | 75 cm,DRAFT,Mesa,Balliu,78,sí,sí,1,1
balliu-mesa-exterior-aluminio-75-cm-c0092e17,Mesa exterior aluminio | 75 cm,DRAFT,Mesa,Balliu,78,sí,sí,1,1
balliu-silla-exterior-con-brazos-resina-estilo-funcional-94b6e5b5,Silla exterior con brazos resina · estilo funcional,DRAFT,Silla,Balliu,82,sí,sí,1,1
balliu-mesa-exterior-aluminio-90-cm-22901f1b,Mesa exterior aluminio redonda · Santavila Capri,DRAFT,Mesa,Balliu,82,sí,sí,2,2
balliu-silla-exterior-con-brazos-resina-estilo-funcional-94b6e5b5-2,Silla exterior con brazos resina · estilo funcional,DRAFT,Silla,Balliu,82,sí,sí,1,1
balliu-mesa-exterior-resina-80-cm-eb565c3e,Mesa exterior resina | Ø80 cm,DRAFT,Mesa,Balliu,87,sí,sí,1,1
balliu-mesa-exterior-resina-90-cm-871df608,Mesa exterior resina | Ø90 cm,DRAFT,Mesa,Balliu,87,sí,sí,1,1
balliu-mesa-exterior-resina-7070-cm-7ab14c9a,Mesa exterior resina | 70×70 cm,DRAFT,Mesa,Balliu,87,sí,sí,1,1
balliu-mesa-exterior-resina-8080-cm-1a5a5005,Mesa exterior resina | 80×80 cm,DRAFT,Mesa,Balliu,87,sí,sí,1,1
balliu-mesa-exterior-resina-12080-cm-747885bd,Mesa exterior resina | 120×80 cm,DRAFT,Mesa,Balliu,87,sí,sí,1,1
balliu-tumbona-de-exterior-resina-73-cm-b19af1ea,Tumbona de exterior resina | 73 cm,DRAFT,Tumbona,Balliu,88,sí,sí,1,1
balliu-tumbona-de-exterior-resina-73-cm-32a6c0ea,Tumbona de exterior resina | 73 cm,DRAFT,Tumbona,Balliu,88,sí,sí,1,1
balliu-mesa-auxiliar-exterior-aluminio-27ce9446,Mesa auxiliar exterior aluminio,DRAFT,Mesa,Balliu,88,sí,sí,1,1
balliu-mesa-auxiliar-exterior-resina-48-cm-911a77ba,Mesa auxiliar exterior resina | 48 cm,DRAFT,Mesa,Balliu,89,sí,sí,1,1
balliu-mesa-auxiliar-exterior-resina-48-cm-25cd2ede,Mesa auxiliar exterior resina | 48 cm,DRAFT,Mesa,Balliu,91,sí,sí,1,1
balliu-mesa-auxiliar-exterior-aluminio-54-cm-9e2a2ecb,Mesa auxiliar exterior aluminio | 54 cm,DRAFT,Mesa,Balliu,91,sí,sí,1,1
balliu-mesa-auxiliar-exterior-aluminio-54-cm-5ad43bf2,Mesa auxiliar exterior aluminio | 54 cm,DRAFT,Mesa,Balliu,91,sí,sí,1,1
balliu-mesa-auxiliar-exterior-aluminio-54-cm-2ad5a2df,Mesa auxiliar exterior aluminio | 54 cm,DRAFT,Mesa,Balliu,91,sí,sí,1,1
