Handle,Title,Body (HTML),Vendor,Product Category,Type,Tags,Published,Option1 Name,Option1 Value,Variant SKU,Variant Grams,Variant Inventory Tracker,Variant Inventory Qty,Variant Inventory Policy,Variant Fulfillment Service,Variant Price,Variant Compare At Price,Variant Requires Shipping,Variant Taxable,Image Src,Image Position,Image Alt Text,Gift Card,SEO Title,SEO Description,Status,Cost per item
eva-pro-tumbona,Tumbona de exterior resina,"<p>La Eva Pro es un icono de Balliu y mantiene la esencia de su predecesora Eva RG. Con una estructura de resina de polipropileno reforzada con carga mineral y un elegante acabado mate, ofrece resistencia y durabilidad.</p>
<p>Su diseño con patas en forma de V ofrece estabilidad. Cuenta con refuerzo interno, respaldo regulable en cinco posiciones y ruedas integradas. El tejido sustituible mediante cordón asegura una fácil renovación.</p>
<ul>
  <li>Resina Classic</li>
  <li>Tejido Balliu</li>
</ul>",Balliu,,Tumbona,"balliu, exterior, tumbona, eva, pro",TRUE,Configuracion,Chasis Blanco/Tablillas Mario Eskenazi,BALLIU_EVA_PRO_TUMBONA_CHASIS_BLANCO_TA_923110D9,0,shopify,0,deny,manual,112.55,,TRUE,TRUE,,,,FALSE,Tumbona de exterior resina,"La Eva Pro es un icono de Balliu y mantiene la esencia de su predecesora Eva RG. Con una estructura de resina de polipropileno reforzada con carga mineral y un elegante acabado mate, ofrece resistencia y durabilidad. Su diseño con patas en forma de V ofrece estabilidad. Cuenta con refuerzo interno, respaldo regulable e",active,
eva-pro-tumbona,,,,,,,,Configuracion,Chasis Blanco/Tela Balliu,BALLIU_EVA_PRO_TUMBONA_CHASIS_BLANCO_TE_B19AF1EA,0,shopify,0,deny,manual,117.05,,TRUE,TRUE,,,,FALSE,,,active,
eva-pro-tumbona,,,,,,,,Configuracion,Chasis Prestige/Tela Balliu,BALLIU_EVA_PRO_TUMBONA_CHASIS_PRESTIGE__DDEEEF3F,0,shopify,0,deny,manual,124.07,,TRUE,TRUE,,,,FALSE,,,active,
carmen-tumbona,Tumbona de exterior resina | 75 cm,"<p>Una de las tumbonas más resistentes de Balliu, pero también una de las más estéticamente destacadas. Su estructura monobloque de resina de polipropileno reforzada con carga mineral asegura una gran resistencia, mientras que su diseño elegante se caracteriza por la combinación de líneas rectas y formas curvas, creando un contraste visual único.</p>
<p>Con respaldo regulable en cinco posiciones, reposabrazos y ruedas integradas en la estructura. El tejido sustituible por cordón añade versatilidad.</p>
<ul>
  <li>Resina Classic</li>
  <li>Tejido Balliu</li>
</ul>
<p><strong>Dimensiones:</strong> Largo: 205 cm | Ancho: 75 cm | Alto: 37 cm | Peso: 14.6 kg</p>",Balliu,,Tumbona,"balliu, exterior, tumbona, carmen",TRUE,Configuracion,Chasis Blanco/Tablillas,BALLIU_CARMEN_TUMBONA_CHASIS_BLANCO_TA_ADD04DFC,0,shopify,0,deny,manual,107.10,,TRUE,TRUE,https://www.balliuexport.com/wp-content/uploads/2020/01/carmen-tumbona-blanco-azul-800x614-1.jpg,1,Tumbona de exterior resina | 75 cm,FALSE,Tumbona de exterior resina | 75 cm,"Una de las tumbonas más resistentes de Balliu, pero también una de las más estéticamente destacadas. Su estructura monobloque de resina de polipropileno reforzada con carga mineral asegura una gran resistencia, mientras que su diseño elegante se caracteriza por la combinación de líneas rectas y formas curvas, creando u",active,
carmen-tumbona,,,,,,,,Configuracion,Chasis Prestige/Tablillas,BALLIU_CARMEN_TUMBONA_CHASIS_PRESTIGE__3B908F70,0,shopify,0,deny,manual,112.55,,TRUE,TRUE,,,,FALSE,,,active,
carmen-tumbona,,,,,,,,Configuracion,Chasis Blanco/Tela Balliu,BALLIU_CARMEN_TUMBONA_CHASIS_BLANCO_TE_009E68E4,0,shopify,0,deny,manual,93.89,,TRUE,TRUE,,,,FALSE,,,active,
carmen-tumbona,,,,,,,,Configuracion,Chasis Prestige/Tela Balliu,BALLIU_CARMEN_TUMBONA_CHASIS_PRESTIGE__16A6D4DB,0,shopify,0,deny,manual,96.47,,TRUE,TRUE,,,,FALSE,,,active,
lola-tumbona,Tumbona de exterior resina | 75 cm,"<p>La Lola es una tumbona que resalta por su robustez, resistencia y diseño elegante. Su estructura monobloque de resina de polipropileno reforzada con carga mineral garantiza una gran durabilidad y estabilidad, mientras que sus líneas rectas le otorgan un estilo moderno.</p>
<p>El respaldo es regulable en cinco posiciones, cuenta con ruedas integradas y el tejido es sustituible. Con un diseño que facilita el acceso, Lola ofrece una experiencia de descanso más relajante.</p>
<ul>
  <li>Resina Classic</li>
  <li>Tejido Balliu</li>
</ul>
<p><strong>Dimensiones:</strong> Largo: 205 cm | Ancho: 75 cm | Alto: 95 cm | Peso: 14,4 kg</p>",Balliu,,Tumbona,"balliu, exterior, tumbona, lola",TRUE,Configuracion,Chasis Blanco/Tablillas,BALLIU_LOLA_TUMBONA_CHASIS_BLANCO_TA_3D8CA52F,0,shopify,0,deny,manual,106.97,,TRUE,TRUE,https://www.balliuexport.com/wp-content/uploads/2020/01/lola-tumbona-blanco-azul-800x614-2.jpg,1,Tumbona de exterior resina | 75 cm,FALSE,Tumbona de exterior resina | 75 cm,"La Lola es una tumbona que resalta por su robustez, resistencia y diseño elegante. Su estructura monobloque de resina de polipropileno reforzada con carga mineral garantiza una gran durabilidad y estabilidad, mientras que sus líneas rectas le otorgan un estilo moderno. El respaldo es regulable en cinco posiciones, cuen",active,
lola-tumbona,,,,,,,,Configuracion,Chasis Prestige/Tablillas,BALLIU_LOLA_TUMBONA_CHASIS_PRESTIGE__9F313C12,0,shopify,0,deny,manual,108.81,,TRUE,TRUE,,,,FALSE,,,active,
lola-tumbona,,,,,,,,Configuracion,Chasis Blanco/Tela Balliu,BALLIU_LOLA_TUMBONA_CHASIS_BLANCO_TE_ACA076AE,0,shopify,0,deny,manual,93.34,,TRUE,TRUE,,,,FALSE,,,active,
lola-tumbona,,,,,,,,Configuracion,Chasis Prestige/Tela Balliu,BALLIU_LOLA_TUMBONA_CHASIS_PRESTIGE__B52B3A7F,0,shopify,0,deny,manual,96.20,,TRUE,TRUE,,,,FALSE,,,active,
eva-pro-tumbona,Tumbona de exterior resina | 73 cm,"<p>La Eva Pro es un icono de Balliu y mantiene la esencia de su predecesora Eva RG. Con una estructura de resina de polipropileno reforzada con carga mineral y un elegante acabado mate, ofrece resistencia y durabilidad.</p>
<p>Su diseño con patas en forma de V ofrece estabilidad. Cuenta con refuerzo interno, respaldo regulable en cinco posiciones y ruedas integradas. El tejido sustituible mediante cordón asegura una fácil renovación.</p>
<ul>
  <li>Resina Classic</li>
  <li>Tejido Balliu</li>
</ul>
<p><strong>Dimensiones:</strong> Largo: 205 cm | Ancho: 73 cm | Alto: 37 cm | Peso: 14 kg</p>",Balliu,,Tumbona,"balliu, exterior, tumbona, eva, pro",TRUE,Configuracion,Chasis Blanco/Tela Balliu,BALLIU_EVA_PRO_TUMBONA_CHASIS_BLANCO_TE_B19AF1EA,0,shopify,0,deny,manual,82.85,,TRUE,TRUE,https://www.balliuexport.com/wp-content/uploads/2018/06/eva-pro-blanco-01-00-800x614-1.jpg,1,Tumbona de exterior resina | 73 cm,FALSE,Tumbona de exterior resina | 73 cm,"La Eva Pro es un icono de Balliu y mantiene la esencia de su predecesora Eva RG. Con una estructura de resina de polipropileno reforzada con carga mineral y un elegante acabado mate, ofrece resistencia y durabilidad. Su diseño con patas en forma de V ofrece estabilidad. Cuenta con refuerzo interno, respaldo regulable e",active,
eva-pro-tumbona,Tumbona de exterior resina | 73 cm,"<p>La Eva Pro es un icono de Balliu y mantiene la esencia de su predecesora Eva RG. Con una estructura de resina de polipropileno reforzada con carga mineral y un elegante acabado mate, ofrece resistencia y durabilidad.</p>
<p>Su diseño con patas en forma de V ofrece estabilidad. Cuenta con refuerzo interno, respaldo regulable en cinco posiciones y ruedas integradas. El tejido sustituible mediante cordón asegura una fácil renovación.</p>
<ul>
  <li>Resina Classic</li>
  <li>Tejido Balliu</li>
</ul>
<p><strong>Dimensiones:</strong> Largo: 205 cm | Ancho: 73 cm | Alto: 37 cm | Peso: 14 kg</p>",Balliu,,Tumbona,"balliu, exterior, tumbona, eva, pro",TRUE,Configuracion,Chasis Blanco/Tablillas,BALLIU_EVA_PRO_TUMBONA_CHASIS_BLANCO_TA_32A6C0EA,0,shopify,0,deny,manual,89.39,,TRUE,TRUE,https://www.balliuexport.com/wp-content/uploads/2018/06/eva-pro-blanco-01-00-800x614-1.jpg,1,Tumbona de exterior resina | 73 cm,FALSE,Tumbona de exterior resina | 73 cm,"La Eva Pro es un icono de Balliu y mantiene la esencia de su predecesora Eva RG. Con una estructura de resina de polipropileno reforzada con carga mineral y un elegante acabado mate, ofrece resistencia y durabilidad. Su diseño con patas en forma de V ofrece estabilidad. Cuenta con refuerzo interno, respaldo regulable e",active,
eva-rg-tumbona,Tumbona de exterior resina | 73 cm,"<p>La Eva RG combina robustez y funcionalidad. Su estructura de resina de polipropileno reforzada con carga mineral proporciona gran resistencia y durabilidad. El diseño nerviado incrementa la robustez estructural.</p>
<p>El respaldo regulable en cuatro posiciones se adapta a las necesidades de confort, y su sistema de ajuste por click evita el atrapamiento de manos y dedos. Además, el tejido sustituible por cordón garantiza facilidad de mantenimiento. Una opción ideal para quienes buscan confort y diseño con seguridad y resistencia.</p>
<ul>
  <li>Resina Classic</li>
  <li>Tejido Balliu</li>
</ul>
<p><strong>Dimensiones:</strong> Largo: 205 cm | Ancho: 73 cm | Alto: 37 cm | Peso: 14 kg</p>",Balliu,,Tumbona,"balliu, exterior, tumbona, eva",TRUE,Configuracion,Chasis Blanco/Tela Balliu,BALLIU_EVA_RG_TUMBONA_CHASIS_BLANCO_TE_D369D964,0,shopify,0,deny,manual,94.70,,TRUE,TRUE,https://www.balliuexport.com/wp-content/uploads/2018/06/eva-pro-blanco-01-00-800x614-1.jpg,1,Tumbona de exterior resina | 73 cm,FALSE,Tumbona de exterior resina | 73 cm,"La Eva RG combina robustez y funcionalidad. Su estructura de resina de polipropileno reforzada con carga mineral proporciona gran resistencia y durabilidad. El diseño nerviado incrementa la robustez estructural. El respaldo regulable en cuatro posiciones se adapta a las necesidades de confort, y su sistema de ajuste po",active,
eva-rg-tumbona,,,,,,,,Configuracion,Chasis Arena/Tela Balliu,BALLIU_EVA_RG_TUMBONA_CHASIS_ARENA_TEL_D8285FFB,0,shopify,0,deny,manual,98.52,,TRUE,TRUE,,,,FALSE,,,active,
eva-rtg-tumbona,Tumbona de exterior resina | 73 cm,"<p>La Eva RTG es la tumbona perfecta para grandes espacios, combinando resistencia y funcionalidad. Su estructura de resina de polipropileno reforzada con carga mineral ofrece resistencia, mientras que el diseño nerviado aumenta su robustez.</p>
<p>El respaldo regulable en cuatro posiciones, con un sistema de ajuste por click, ayuda a evitar el atrapamiento de manos y dedos. Además, su sistema de listones modulares permite sustituir las lamas con facilidad. Perfecta también para usar con colchoneta.</p>
<ul>
  <li>Tablillas</li>
  <li>Resina Classic</li>
  <li>Resina Classic T</li>
</ul>
<p><strong>Dimensiones:</strong> Largo: 205 cm | Ancho: 73 cm | Alto: 37 cm | Peso: 14 kg</p>",Balliu,,Tumbona,"balliu, exterior, tumbona, eva, rtg",TRUE,Configuracion,Chasis Blanco/Tablillas,BALLIU_EVA_RTG_TUMBONA_CHASIS_BLANCO_TA_0648657B,0,shopify,0,deny,manual,97.43,,TRUE,TRUE,https://www.balliuexport.com/wp-content/uploads/2018/06/eva-pro-blanco-01-00-800x614-1.jpg,1,Tumbona de exterior resina | 73 cm,FALSE,Tumbona de exterior resina | 73 cm,"La Eva RTG es la tumbona perfecta para grandes espacios, combinando resistencia y funcionalidad. Su estructura de resina de polipropileno reforzada con carga mineral ofrece resistencia, mientras que el diseño nerviado aumenta su robustez. El respaldo regulable en cuatro posiciones, con un sistema de ajuste por click, a",active,
noa-tumbona,Tumbona de exterior resina,"<p>Diseñada para los espacios más exclusivos, la tumbona Noa combina elegancia y funcionalidad. Su estructura de resina de polipropileno reforzada con ﬁbra de vidrio y acabado texturizado garantizan una alta resistencia.</p>
<p>Su refuerzo interno con soporte metálico, respaldo regulable en cinco posiciones, ruedas integradas y tejido sustituible por guías aseguran máxima comodidad y durabilidad.</p>
<ul>
  <li>Resina Classic</li>
  <li>Tejido Balliu</li>
</ul>
<p><strong>Dimensiones:</strong> Largo: 191,2 cm | Peso: N/D kg</p>",Balliu,,Tumbona,"balliu, exterior, tumbona, noa",TRUE,Configuracion,Chasis Blanco/Tela Balliu,BALLIU_NOA_TUMBONA_CHASIS_BLANCO_TE_28FF014D,0,shopify,0,deny,manual,215.24,,TRUE,TRUE,https://www.balliuexport.com/wp-content/uploads/2026/02/Balliu_Noa_Blanco_marron2.jpg,1,Tumbona de exterior resina,FALSE,Tumbona de exterior resina,"Diseñada para los espacios más exclusivos, la tumbona Noa combina elegancia y funcionalidad. Su estructura de resina de polipropileno reforzada con ﬁbra de vidrio y acabado texturizado garantizan una alta resistencia. Su refuerzo interno con soporte metálico, respaldo regulable en cinco posiciones, ruedas integradas y",active,
noa-tumbona,,,,,,,,Configuracion,Chasis Prestige/Tela Balliu,BALLIU_NOA_TUMBONA_CHASIS_PRESTIGE__E5BE2A33,0,shopify,0,deny,manual,225.25,,TRUE,TRUE,,,,FALSE,,,active,
olimpia-tumbona,Tumbona de exterior aluminio,"<p>La Olimpia combina una estructura resistente con un diseño minimalista y elegante. Fabricada con aluminio endurecido y tornillería de acero inoxidable, su estructura reforzada internamente asegura gran resistencia.</p>
<p>Es regulable en cinco posiciones, con un sistema de seguridad para evitar el atrapamiento de manos y dedos. Con ruedas opcionales y tejido sustituible mediante guías, su diseño se caracteriza por líneas rectas y limpias, creando una apariencia plana y elegante.</p>
<ul>
  <li>Tejido Balliu</li>
  <li>Aluminio texturizado</li>
</ul>",Balliu,,Tumbona,"balliu, exterior, tumbona, olimpia",TRUE,Configuracion,Sin Ruedas,BALLIU_OLIMPIA_TUMBONA_SIN_RUEDAS_DA3F5C24,0,shopify,0,deny,manual,287.64,,TRUE,TRUE,,,,FALSE,Tumbona de exterior aluminio,"La Olimpia combina una estructura resistente con un diseño minimalista y elegante. Fabricada con aluminio endurecido y tornillería de acero inoxidable, su estructura reforzada internamente asegura gran resistencia. Es regulable en cinco posiciones, con un sistema de seguridad para evitar el atrapamiento de manos y dedo",active,
olimpia-tumbona,,,,,,,,Configuracion,Con Ruedas,BALLIU_OLIMPIA_TUMBONA_CON_RUEDAS_82D4D0A8,0,shopify,0,deny,manual,315.63,,TRUE,TRUE,,,,FALSE,,,active,
etna-tumbona,Tumbona de exterior aluminio,"<p>La tumbona Etna eleva cualquier espacio exterior con su diseño exclusivo y minimalista. Su estructura de aluminio endurecido, reforzada con nerviado interno y tornillería en acero inoxidable, la convierte en la más resistente de Balliu.</p>
<p>Con respaldo regulable en cinco posiciones, su tejido es sustituible mediante guías. Cuenta con ruedas opcionales en color gris para agregar funcionalidad. Con un perﬁl reﬁnado, es ideal para quienes buscan un diseño sencillo pero soﬁsticado.</p>
<ul>
  <li>Aluminio texturizado</li>
  <li>Tejido Balliu</li>
</ul>",Balliu,,Tumbona,"balliu, exterior, tumbona, etna",TRUE,Configuracion,Tela Balliu,BALLIU_ETNA_TUMBONA_TELA_BALLIU_36870D09,0,shopify,0,deny,manual,229.08,,TRUE,TRUE,,,,FALSE,Tumbona de exterior aluminio,"La tumbona Etna eleva cualquier espacio exterior con su diseño exclusivo y minimalista. Su estructura de aluminio endurecido, reforzada con nerviado interno y tornillería en acero inoxidable, la convierte en la más resistente de Balliu. Con respaldo regulable en cinco posiciones, su tejido es sustituible mediante guías",active,
etna-tumbona,,,,,,,,Configuracion,Tela Balliu con ruedas,BALLIU_ETNA_TUMBONA_TELA_BALLIU_CON__AFBA154C,0,shopify,0,deny,manual,252.74,,TRUE,TRUE,,,,FALSE,,,active,
etna-alta-tumbona-alta,Tumbona de exterior aluminio,"<p>Diseñada con una altura optimizada para facilitar el acceso, la Etna Alta es ideal para quienes buscan comodidad y funcionalidad. Con una estructura de aluminio endurecido y tornillería en acero inoxidable, garantiza una durabilidad excepcional.</p>
<p>Su respaldo regulable en cinco posiciones y tejido sustituible ofrecen versatilidad y comodidad. Disponible con ruedas opcionales, cuenta con un sistema anti-atrapamiento de dedos con refuerzo doble para mayor seguridad.</p>
<ul>
  <li>Aluminio texturizado</li>
  <li>Tejido Balliu</li>
</ul>",Balliu,,Tumbona,"balliu, exterior, tumbona, etna",TRUE,Configuracion,Tela Balliu,BALLIU_ETNA_ALTA_TUMBONA_AL_TELA_BALLIU_D08586C1,0,shopify,0,deny,manual,248.76,,TRUE,TRUE,,,,FALSE,Tumbona de exterior aluminio,"Diseñada con una altura optimizada para facilitar el acceso, la Etna Alta es ideal para quienes buscan comodidad y funcionalidad. Con una estructura de aluminio endurecido y tornillería en acero inoxidable, garantiza una durabilidad excepcional. Su respaldo regulable en cinco posiciones y tejido sustituible ofrecen ver",active,
etna-alta-tumbona-alta,,,,,,,,Configuracion,Tela Balliu con ruedas,BALLIU_ETNA_ALTA_TUMBONA_AL_TELA_BALLIU_CON__9E0F219D,0,shopify,0,deny,manual,266.56,,TRUE,TRUE,,,,FALSE,,,active,
iris-tumbona,Tumbona de exterior aluminio | 58 cm,"<p>La Iris es una tumbona que combina resistencia y diseño elegante. Su estructura de aluminio endurecido, junto con tornillería de acero inoxidable y perﬁl con nervios interiores, asegura una alta durabilidad y resistencia.</p>
<p>El respaldo regulable en cinco posiciones cuenta con un sistema reforzado para evitar el atrapamiento de dedos. Cuenta con ruedas integradas y tejido sustituible mediante guías. Con un diseño ﬁno y minimalista se convierte en la opción perfecta para quienes buscan una tumbona funcional y elegante.</p>
<ul>
  <li>Aluminio texturizado</li>
  <li>Tejido Balliu</li>
</ul>
<p><strong>Dimensiones:</strong> Largo: 203 cm | Ancho: 58 cm | Alto: 96 cm | Peso: N/D kg</p>",Balliu,,Tumbona,"balliu, exterior, tumbona, iris",TRUE,Configuracion,Con Ruedas,BALLIU_IRIS_TUMBONA_CON_RUEDAS_9064B7B9,0,shopify,0,deny,manual,337.77,,TRUE,TRUE,https://www.balliuexport.com/wp-content/uploads/2024/01/iris-blanco-blanco-07-00-800x614-1.jpg,1,Tumbona de exterior aluminio | 58 cm,FALSE,Tumbona de exterior aluminio | 58 cm,"La Iris es una tumbona que combina resistencia y diseño elegante. Su estructura de aluminio endurecido, junto con tornillería de acero inoxidable y perﬁl con nervios interiores, asegura una alta durabilidad y resistencia. El respaldo regulable en cinco posiciones cuenta con un sistema reforzado para evitar el atrapamie",active,
marina-tumbona,Tumbona de exterior aluminio | 68 cm,"<p>La tumbona Marina se caracteriza por su diseño lineal y elegante, ideal para quienes buscan un mobiliario funcional con un diseño limpio y atemporal.</p>
<p>Su estructura de aluminio endurecido y tornillería en acero inoxidable aseguran una gran resistencia y durabilidad, mientras que su ligereza facilita su movimiento. El respaldo es regulable en cinco posiciones y cuenta con tejido sustituible por cordón.</p>
<ul>
  <li>Tejido Balliu</li>
  <li>Aluminio texturizado</li>
</ul>
<p><strong>Dimensiones:</strong> Largo: 205 cm | Ancho: 68 cm | Alto: 36 cm | Peso: 9.4 kg</p>",Balliu,,Tumbona,"balliu, exterior, tumbona, marina",TRUE,Configuracion,Tela Balliu,BALLIU_MARINA_TUMBONA_TELA_BALLIU_F7AB4DA8,0,shopify,0,deny,manual,173.92,,TRUE,TRUE,https://www.balliuexport.com/wp-content/uploads/2026/02/Balliu_Marina_blanco-ceniza_sin-fondo2.jpg,1,Tumbona de exterior aluminio | 68 cm,FALSE,Tumbona de exterior aluminio | 68 cm,"La tumbona Marina se caracteriza por su diseño lineal y elegante, ideal para quienes buscan un mobiliario funcional con un diseño limpio y atemporal. Su estructura de aluminio endurecido y tornillería en acero inoxidable aseguran una gran resistencia y durabilidad, mientras que su ligereza facilita su movimiento. El re",active,
alba-tumbona,Tumbona de exterior,<p>Alba Tumbona</p>,Balliu,,Tumbona,"balliu, exterior, tumbona, alba",TRUE,Configuracion,Tela Balliu,BALLIU_ALBA_TUMBONA_TELA_BALLIU_20620134,0,shopify,0,deny,manual,226.62,,TRUE,TRUE,,,,FALSE,Tumbona de exterior,Alba Tumbona,active,
cannes-mini-tumbona,Mini tumbona de exterior aluminio | 62 cm,"<p>La tumbona Cannes es la opción perfecta para quienes buscan un diseño práctico y moderno. Cuenta con una estructura de aluminio endurecido y tornillería en acero inoxidable para asegurar su durabilidad.</p>
<p>Con respaldo regulable en cuatro posiciones, el tejido es sustituible asegurando su versatilidad. Su diseño plegable facilita su almacenamiento y transporte. Además, ofrece un cojín cosido que añade un extra de confort.</p>
<ul>
  <li>Tejido Balliu</li>
  <li>Aluminio texturizado</li>
</ul>
<p><strong>Dimensiones:</strong> Largo: 103 cm | Ancho: 62 cm | Alto: 105 cm | Peso: 4,8 kg</p>",Balliu,,Mini tumbona,"balliu, exterior, mini tumbona, cannes",TRUE,Configuracion,Mini Tumbona Cannes (Con cojin),BALLIU_CANNES_MINI_TUMBONA_MINI_TUMBONA_CAN_5A6F53EB,0,shopify,0,deny,manual,140.89,,TRUE,TRUE,https://www.balliuexport.com/wp-content/uploads/2023/12/mini-tumbona-cannes-blanco-3800-001.jpg,1,Mini tumbona de exterior aluminio | 62 cm,FALSE,Mini tumbona de exterior aluminio | 62 cm,"La tumbona Cannes es la opción perfecta para quienes buscan un diseño práctico y moderno. Cuenta con una estructura de aluminio endurecido y tornillería en acero inoxidable para asegurar su durabilidad. Con respaldo regulable en cuatro posiciones, el tejido es sustituible asegurando su versatilidad. Su diseño plegable",active,
bristol-mini-tumbona,Mini tumbona de exterior madera | 59 cm,"<p>La tumbona Bristol es la opción perfecta para quienes buscan un diseño simple y funcional. Fabricada en madera Merpauh de gran durabilidad y con tornillería en acero inoxidable, esta tumbona es ideal para disfrutar en cualquier lugar gracias a su diseño plegable.</p>
<p>Con cojín incluido, respaldo regulable en cuatro posiciones y tejido sustituible, ofrece una gran versatilidad. Bristol cuenta con un diseño clásico y atemporal.</p>
<ul>
  <li>Madera</li>
  <li>Tejido Balliu</li>
</ul>
<p><strong>Dimensiones:</strong> Largo: 103 cm | Ancho: 59 cm | Alto: 105 cm | Peso: 6,1 kg</p>",Balliu,,Mini tumbona,"balliu, exterior, mini tumbona, bristol",TRUE,Configuracion,Mini Tumbona Bristol (Con cojín),BALLIU_BRISTOL_MINI_TUMBONA_MINI_TUMBONA_BRI_FA211C70,0,shopify,0,deny,manual,139.67,,TRUE,TRUE,https://www.balliuexport.com/wp-content/uploads/2020/01/bristol-mini-tumbona-madera-0300-800x614-3.jpg,1,Mini tumbona de exterior madera | 59 cm,FALSE,Mini tumbona de exterior madera | 59 cm,"La tumbona Bristol es la opción perfecta para quienes buscan un diseño simple y funcional. Fabricada en madera Merpauh de gran durabilidad y con tornillería en acero inoxidable, esta tumbona es ideal para disfrutar en cualquier lugar gracias a su diseño plegable. Con cojín incluido, respaldo regulable en cuatro posicio",active,
marina-mini-tumbona,Mini tumbona de exterior aluminio | 57 cm,"<p>La tumbona Marina ofrece un diseño sencillo con una estructura más perpendicular. Su estructura de aluminio endurecido y tornillería en acero inoxidable aseguran durabilidad y resistencia.</p>
<p>Con reposabrazos ﬁjos para mayor confort y tejido sustituible que facilita su mantenimiento, la Marina cuenta con patas anchas que aportan mayor estabilidad y soporte.</p>
<ul>
  <li>Tejido Balliu</li>
  <li>Aluminio texturizado</li>
</ul>
<p><strong>Dimensiones:</strong> Largo: 77 cm | Ancho: 57 cm | Alto: 94 cm | Peso: 4,8 kg</p>",Balliu,,Mini tumbona,"balliu, exterior, mini tumbona, marina",TRUE,Configuracion,Mini Tumbona Marina Fija,BALLIU_MARINA_MINI_TUMBONA_MINI_TUMBONA_MAR_98AB84CE,0,shopify,0,deny,manual,114.60,,TRUE,TRUE,https://www.balliuexport.com/wp-content/uploads/2023/12/marina-s-800x614-2.jpg,1,Mini tumbona de exterior aluminio | 57 cm,FALSE,Mini tumbona de exterior aluminio | 57 cm,"La tumbona Marina ofrece un diseño sencillo con una estructura más perpendicular. Su estructura de aluminio endurecido y tornillería en acero inoxidable aseguran durabilidad y resistencia. Con reposabrazos ﬁjos para mayor confort y tejido sustituible que facilita su mantenimiento, la Marina cuenta con patas anchas que",active,
aura-cama-balinesa,Cama balinesa exterior aluminio · estilo sofisticado | 160 cm,"<p>La cama balinesa Aura destaca por su diseño limpio y geométrico, con una estructura cuadrada de aluminio y líneas rectas que aportan un estilo moderno y soﬁsticado.</p>
<p>Cuenta con un respaldo ajustable en cinco posiciones, permitiendo una experiencia de descanso personalizada. Con un colchón de espuma cubierto de tejido náutico, su diseño sin cubierta es una opción ligera perfecta para espacios donde la simplicidad y el confort sean prioridad.</p>
<ul>
  <li>Aluminio mate</li>
  <li>Tejido náutico</li>
</ul>
<p><strong>Dimensiones:</strong> Largo: 190 cm | Ancho: 160 cm | Alto: 32 cm | Peso: 45 kg</p>",Balliu,,Cama balinesa,"balliu, exterior, cama balinesa, aura",TRUE,Configuracion,Tela Nautica,BALLIU_AURA_CAMA_BALINESA_TELA_NAUTICA_2BD3A7A4,0,shopify,0,deny,manual,1073.61,,TRUE,TRUE,https://www.balliuexport.com/wp-content/uploads/2023/12/aura-cama-balinesa-blanco-800x614-2.jpg,1,Cama balinesa exterior aluminio · estilo sofisticado | 160 cm,FALSE,Cama balinesa exterior aluminio · estilo sofisticado | 160 cm,"La cama balinesa Aura destaca por su diseño limpio y geométrico, con una estructura cuadrada de aluminio y líneas rectas que aportan un estilo moderno y soﬁsticado. Cuenta con un respaldo ajustable en cinco posiciones, permitiendo una experiencia de descanso personalizada. Con un colchón de espuma cubierto de tejido ná",active,
alma-cama-balinesa,Cama balinesa exterior aluminio · estilo minimalista | 198 cm,"<p>La cama balinesa Alma cuenta con un diseño minimalista que aporta un aire soﬁsticado a cualquier espacio exterior. Su estructura de aluminio de líneas rectas y depuradas crea una estética moderna y atemporal, ideal para ambientes exclusivos.</p>
<p>Pensada para el máximo confort, cuenta con cubierta integrada y dos respaldos independientes ajustables en cinco posiciones. Su colchón de espuma está disponible con cubierta de tejido náutico o oleﬁna. Disponible en dos combinaciones. Cojines no incluídos.</p>
<ul>
  <li>Conjunto blanco</li>
  <li>Conjunto gris</li>
</ul>
<p><strong>Dimensiones:</strong> Largo: 205 cm | Ancho: 198 cm | Alto: 200 cm | Peso: 77 kg</p>",Balliu,,Cama balinesa,"balliu, exterior, cama balinesa, alma",TRUE,Configuracion,Tela Nautica,BALLIU_ALMA_CAMA_BALINESA_TELA_NAUTICA_DCAF71D8,0,shopify,0,deny,manual,1510.81,,TRUE,TRUE,https://www.balliuexport.com/wp-content/uploads/2021/02/alma-cama-balinesa-blanco-800x614-2.jpg,1,Cama balinesa exterior aluminio · estilo minimalista | 198 cm,FALSE,Cama balinesa exterior aluminio · estilo minimalista | 198 cm,"La cama balinesa Alma cuenta con un diseño minimalista que aporta un aire soﬁsticado a cualquier espacio exterior. Su estructura de aluminio de líneas rectas y depuradas crea una estética moderna y atemporal, ideal para ambientes exclusivos. Pensada para el máximo confort, cuenta con cubierta integrada y dos respaldos",active,
etna-silla,Silla exterior aluminio · estilo elegante | 56 cm,"<p>La silla Etna es un auténtico icono de Balliu, reconocida por su diseño clásico y versátil, que se adapta a cualquier espacio exterior. Su estructura de aluminio endurecido con tornillería en acero inoxidable garantiza una gran resistencia y durabilidad, manteniendo, a la vez, un peso ligero.</p>
<p>Con un estilo elegante y funcional, su diseño de líneas sutilmente curvadas aporta un extra de confort. Incluye reposabrazos integrados para una mejor experiencia y tejido sustituible.</p>
<ul>
  <li>Tejido Balliu</li>
  <li>Aluminio texturizado</li>
</ul>
<p><strong>Dimensiones:</strong> Largo: 53 cm | Ancho: 56 cm | Alto: 100 cm | Peso: N/D kg</p>",Balliu,,Silla,"balliu, exterior, silla, etna",TRUE,Configuracion,Taburete Etna aluminio,BALLIU_ETNA_SILLA_TABURETE_ETNA_AL_A66B4A0A,0,shopify,0,deny,manual,100.25,,TRUE,TRUE,https://www.balliuexport.com/wp-content/uploads/2024/11/silla-etna-800x614-2.jpg,1,Silla exterior aluminio · estilo elegante | 56 cm,FALSE,Silla exterior aluminio · estilo elegante | 56 cm,"La silla Etna es un auténtico icono de Balliu, reconocida por su diseño clásico y versátil, que se adapta a cualquier espacio exterior. Su estructura de aluminio endurecido con tornillería en acero inoxidable garantiza una gran resistencia y durabilidad, manteniendo, a la vez, un peso ligero. Con un estilo elegante y f",active,
etna-silla,,,,,,,,Configuracion,Con Brazos,BALLIU_ETNA_SILLA_CON_BRAZOS_5C88BD77,0,shopify,0,deny,manual,97.71,,TRUE,TRUE,,,,FALSE,,,active,
etna-silla,,,,,,,,Configuracion,Alta Con Brazos,BALLIU_ETNA_SILLA_ALTA_CON_BRAZOS_EAF4A34A,0,shopify,0,deny,manual,102.17,,TRUE,TRUE,,,,FALSE,,,active,
duna-silla,Silla exterior resina · estilo minimalista,"<p>La silla Duna destaca por su diseño minimalista y funcional, adaptándose con facilidad a una gran variedad de espacios. Su estructura de resina de polipropileno, reforzada con ﬁbra de vidrio, le proporciona una excelente resistencia y durabilidad.</p>
<p>Su diseño ligero y apilable facilita su almacenamiento y movilidad, ofreciendo una solución práctica sin renunciar a la estética. Con líneas limpias y elementos mínimos, la Duna combina versatilidad y sencillez, integrándose armoniosamente en cualquier ambiente.</p>
<ul>
  <li>Resina mate</li>
</ul>
<p><strong>Dimensiones:</strong> Peso: N/D kg</p>",Balliu,,Silla,"balliu, exterior, silla, duna",TRUE,Configuracion,Blanca,BALLIU_DUNA_SILLA_BLANCA_484CBEA0,0,shopify,0,deny,manual,41.58,,TRUE,TRUE,https://www.balliuexport.com/wp-content/uploads/2025/03/duna-silla-blanco-800x614-1.jpg,1,Silla exterior resina · estilo minimalista,FALSE,Silla exterior resina · estilo minimalista,"La silla Duna destaca por su diseño minimalista y funcional, adaptándose con facilidad a una gran variedad de espacios. Su estructura de resina de polipropileno, reforzada con ﬁbra de vidrio, le proporciona una excelente resistencia y durabilidad. Su diseño ligero y apilable facilita su almacenamiento y movilidad, ofre",active,
duna-silla,,,,,,,,Configuracion,Color negro / Tortora,BALLIU_DUNA_SILLA_COLOR_NEGRO_TORT_611D28CC,0,shopify,0,deny,manual,43.92,,TRUE,TRUE,,,,FALSE,,,active,
bimba-silla,Silla exterior resina · estilo clásico | 57 cm,"<p>La Bimba destaca por su diseño clásico y funcional, perfecta para cualquier espacio exterior. Su estructura de resina de polipropileno reforzada con ﬁbra de vidrio le otorga resistencia y durabilidad.</p>
<p>Pensada para ofrecer una experiencia cómoda y práctica, cuenta con reposabrazos anchos que mejoran la ergonomía. Su diseño apilable permite optimizar el espacio y gracias a su combinación de simplicidad y resistencia, es la opción ideal para quienes buscan funcionalidad y estilo.</p>
<ul>
  <li>Resina mate</li>
</ul>
<p><strong>Dimensiones:</strong> Largo: 52 cm | Ancho: 57 cm | Alto: 80,5 cm | Peso: N/D kg</p>",Balliu,,Silla,"balliu, exterior, silla, bimba",TRUE,Configuracion,Blanca,BALLIU_BIMBA_SILLA_BLANCA_8164CC65,0,shopify,0,deny,manual,54.81,,TRUE,TRUE,https://www.balliuexport.com/wp-content/uploads/2025/01/silla-bimba-blanco-001.jpg,1,Silla exterior resina · estilo clásico | 57 cm,FALSE,Silla exterior resina · estilo clásico | 57 cm,"La Bimba destaca por su diseño clásico y funcional, perfecta para cualquier espacio exterior. Su estructura de resina de polipropileno reforzada con ﬁbra de vidrio le otorga resistencia y durabilidad. Pensada para ofrecer una experiencia cómoda y práctica, cuenta con reposabrazos anchos que mejoran la ergonomía. Su dis",active,
bimba-silla,,,,,,,,Configuracion,Negra,BALLIU_BIMBA_SILLA_NEGRA_5F329445,0,shopify,0,deny,manual,55.63,,TRUE,TRUE,,,,FALSE,,,active,
selva-silla,Silla exterior resina · estilo funcional,"<p>La silla Selva es la opción ideal para quienes buscan funcionalidad y simplicidad en una pieza clásica y atemporal. Su estructura de resina de polipropileno reforzada con carga mineral la convierte en una opción altamente resistente y duradera.</p>
<p>Con un sistema de drenaje en el respaldo y el asiento, garantiza su rendimiento en todo tipo de condiciones. Apilable y ligera, su diseño ha sido optimizado para ofrecer mayor resistencia en comparación con otros modelos del mercado.</p>
<ul>
  <li>Resina Classic</li>
</ul>",Balliu,,Silla,"balliu, exterior, silla, selva",TRUE,Configuracion,Blanca,BALLIU_SELVA_SILLA_BLANCA_0B607EC7,0,shopify,0,deny,manual,17.17,,TRUE,TRUE,,,,FALSE,Silla exterior resina · estilo funcional,"La silla Selva es la opción ideal para quienes buscan funcionalidad y simplicidad en una pieza clásica y atemporal. Su estructura de resina de polipropileno reforzada con carga mineral la convierte en una opción altamente resistente y duradera. Con un sistema de drenaje en el respaldo y el asiento, garantiza su rendimi",active,
selva-silla,,,,,,,,Configuracion,Color,BALLIU_SELVA_SILLA_COLOR_5FDA60B0,0,shopify,0,deny,manual,20.77,,TRUE,TRUE,,,,FALSE,,,active,
bruna-silla,Silla exterior resina · estilo contemporáneo | 49 cm,"<p>La silla Bruna combina resistencia y diseño en una pieza única y llamativa. Fabricada en resina de polipropileno reforzada con ﬁbra de vidrio, garantiza durabilidad y ligereza.</p>
<p>Su estructura destaca por un entramado de triángulos, creando un efecto de rejilla que aporta frescura y estilo. El respaldo y el asiento forman una sola pieza curva, ofreciendo una silueta ﬂuida que equilibra confort y estética. Además, su diseño apilable la convierte en una opción práctica y versátil para cualquier espacio.</p>
<ul>
  <li>Resina mate</li>
</ul>
<p><strong>Dimensiones:</strong> Largo: 56 cm | Ancho: 49 cm | Alto: 82 cm | Peso: 3,75 kg</p>",Balliu,,Silla,"balliu, exterior, silla, bruna",TRUE,Configuracion,Sin Brazos,BALLIU_BRUNA_SILLA_SIN_BRAZOS_AF080E9C,0,shopify,0,deny,manual,43.89,,TRUE,TRUE,https://www.balliuexport.com/wp-content/uploads/2020/02/bruna-silla-blanco-800x614-2.jpg,1,Silla exterior resina · estilo contemporáneo | 49 cm,FALSE,Silla exterior resina · estilo contemporáneo | 49 cm,"La silla Bruna combina resistencia y diseño en una pieza única y llamativa. Fabricada en resina de polipropileno reforzada con ﬁbra de vidrio, garantiza durabilidad y ligereza. Su estructura destaca por un entramado de triángulos, creando un efecto de rejilla que aporta frescura y estilo. El respaldo y el asiento forma",active,
bruna-silla,,,,,,,,Configuracion,Con Brazos,BALLIU_BRUNA_SILLA_CON_BRAZOS_D52BECC5,0,shopify,0,deny,manual,52.19,,TRUE,TRUE,,,,FALSE,,,active,
vera-silla,Silla exterior resina · estilo funcional,"<p>La silla Vera combina solidez y diseño en una pieza de líneas deﬁnidas y estética moderna. Su estructura de resina de polipropileno reforzada con carga mineral garantiza resistencia, estabilidad y un excelente rendimiento en exteriores.</p>
<p>Su respaldo, con un distintivo entramado de rejillas rectas, aporta ligereza visual y refuerza su carácter dinámico. Apilable y funcional, la Vera es una opción versátil para cualquier espacio.</p>
<ul>
  <li>Resina mate</li>
</ul>
<p><strong>Dimensiones:</strong> Peso: N/D kg</p>",Balliu,,Silla,"balliu, exterior, silla, vera",TRUE,Configuracion,Sin Brazos,BALLIU_VERA_SILLA_SIN_BRAZOS_DAABCDAF,0,shopify,0,deny,manual,48.33,,TRUE,TRUE,https://www.balliuexport.com/wp-content/uploads/2024/03/silla-vera-blanco-800x614-1.jpg,1,Silla exterior resina · estilo funcional,FALSE,Silla exterior resina · estilo funcional,"La silla Vera combina solidez y diseño en una pieza de líneas deﬁnidas y estética moderna. Su estructura de resina de polipropileno reforzada con carga mineral garantiza resistencia, estabilidad y un excelente rendimiento en exteriores. Su respaldo, con un distintivo entramado de rejillas rectas, aporta ligereza visual",active,
vera-silla,,,,,,,,Configuracion,Con Brazos,BALLIU_VERA_SILLA_CON_BRAZOS_75353330,0,shopify,0,deny,manual,49.44,,TRUE,TRUE,,,,FALSE,,,active,
vera-silla,,,,,,,,Configuracion,L Con Brazos,BALLIU_VERA_SILLA_L_CON_BRAZOS_51F30794,0,shopify,0,deny,manual,71.33,,TRUE,TRUE,,,,FALSE,,,active,
silla-venus,Silla exterior · estilo contemporáneo | 53 cm,<p><strong>Dimensiones:</strong> Largo: 59 cm | Ancho: 53 cm | Alto: 36 cm | Peso: 5 kg</p>,Balliu,,Silla,"balliu, exterior, silla, venus",TRUE,Configuracion,Sin Brazos,BALLIU_SILLA_VENUS_SIN_BRAZOS_CD07E7D6,0,shopify,0,deny,manual,40.56,,TRUE,TRUE,https://www.balliuexport.com/wp-content/uploads/2023/03/venus-silla-tortola-800x614-1.jpg,1,Silla exterior · estilo contemporáneo | 53 cm,FALSE,Silla exterior · estilo contemporáneo | 53 cm,Dimensiones: Largo: 59 cm | Ancho: 53 cm | Alto: 36 cm | Peso: 5 kg,active,
silla-venus,,,,,,,,Configuracion,Con Brazos,BALLIU_SILLA_VENUS_CON_BRAZOS_C654C52F,0,shopify,0,deny,manual,43.83,,TRUE,TRUE,,,,FALSE,,,active,
bruna-silla-con-brazos,Silla exterior con brazos resina · estilo funcional,"<p>Esta silla con brazos mantiene la esencia de la Bruna, combinando resistencia y estilo. Su estructura de resina de polipropileno reforzada con ﬁbra de vidrio le otorga resistencia, ligereza y una excelente adaptación a espacios exteriores.</p>
<p>Destaca por su distintivo entramado de triángulos y por su diseño envolvente, donde el respaldo y los reposabrazos se fusionan en una misma pieza curva. Estos añaden un extra de confort, mientras que su diseño apilable la convierte en una opción versátil y funcional.</p>
<ul>
  <li>Resina mate</li>
</ul>",Balliu,,Silla,"balliu, exterior, silla, brazos, bruna",TRUE,Title,Default Title,BALLIU_BRUNA_SILLA_CON_BRAZ_94B6E5B5,0,shopify,0,deny,manual,55.51,,TRUE,TRUE,,,,FALSE,Silla exterior con brazos resina · estilo funcional,"Esta silla con brazos mantiene la esencia de la Bruna, combinando resistencia y estilo. Su estructura de resina de polipropileno reforzada con ﬁbra de vidrio le otorga resistencia, ligereza y una excelente adaptación a espacios exteriores. Destaca por su distintivo entramado de triángulos y por su diseño envolvente, do",active,
mila-silla,Silla exterior aluminio · estilo elegante | 58 cm,"<p>La silla Mila combina simplicidad y funcionalidad en una estructura de aluminio endurecido con un elegante perﬁl circular. Su tornillería en acero inoxidable garantiza resistencia y durabilidad, mientras que sus líneas curvadas aportan un toque de soﬁsticación.</p>
<p>Gracias a su diseño apilable, la Mila es una opción versátil y práctica, ideal para optimizar el espacio sin renunciar al estilo. Sus reposabrazos integrados ofrecen un mayor confort, convirtiéndola en una pieza que equilibra estética, comodidad y utilidad.</p>
<ul>
  <li>Conjunto blanco</li>
  <li>Conjunto gris</li>
  <li>Estructura de aluminio</li>
</ul>
<p><strong>Dimensiones:</strong> Largo: 59 cm | Ancho: 58 cm | Alto: 83 cm | Peso: 3,7 kg</p>",Balliu,,Silla,"balliu, exterior, silla, mila",TRUE,Configuracion,Con Brazos,BALLIU_MILA_SILLA_CON_BRAZOS_BC0C02EC,0,shopify,0,deny,manual,60.67,,TRUE,TRUE,https://www.balliuexport.com/wp-content/uploads/2020/02/mila-silla-blanco-800x614-1.jpg,1,Silla exterior aluminio · estilo elegante | 58 cm,FALSE,Silla exterior aluminio · estilo elegante | 58 cm,"La silla Mila combina simplicidad y funcionalidad en una estructura de aluminio endurecido con un elegante perﬁl circular. Su tornillería en acero inoxidable garantiza resistencia y durabilidad, mientras que sus líneas curvadas aportan un toque de soﬁsticación. Gracias a su diseño apilable, la Mila es una opción versát",active,
bruna-silla-con-brazos,Silla exterior con brazos resina · estilo funcional,"<p>Esta silla con brazos mantiene la esencia de la Bruna, combinando resistencia y estilo. Su estructura de resina de polipropileno reforzada con ﬁbra de vidrio le otorga resistencia, ligereza y una excelente adaptación a espacios exteriores.</p>
<p>Destaca por su distintivo entramado de triángulos y por su diseño envolvente, donde el respaldo y los reposabrazos se fusionan en una misma pieza curva. Estos añaden un extra de confort, mientras que su diseño apilable la convierte en una opción versátil y funcional.</p>
<ul>
  <li>Resina mate</li>
</ul>",Balliu,,Silla,"balliu, exterior, silla, brazos, bruna",TRUE,Title,Default Title,BALLIU_BRUNA_SILLA_CON_BRAZ_94B6E5B5,0,shopify,0,deny,manual,122.56,,TRUE,TRUE,,,,FALSE,Silla exterior con brazos resina · estilo funcional,"Esta silla con brazos mantiene la esencia de la Bruna, combinando resistencia y estilo. Su estructura de resina de polipropileno reforzada con ﬁbra de vidrio le otorga resistencia, ligereza y una excelente adaptación a espacios exteriores. Destaca por su distintivo entramado de triángulos y por su diseño envolvente, do",active,
greta-silla,Silla exterior · estilo contemporáneo,<p>Greta Silla</p>,Balliu,,Silla,"balliu, exterior, silla, greta",TRUE,Configuracion,Aluminio,BALLIU_GRETA_SILLA_ALUMINIO_AFD89221,0,shopify,0,deny,manual,96.11,,TRUE,TRUE,,,,FALSE,Silla exterior · estilo contemporáneo,Greta Silla,active,
greta-mesa,Mesa exterior,<p>Greta Mesa</p>,Balliu,,Mesa,"balliu, exterior, mesa, greta",TRUE,Configuracion,Tablero Aluminio,BALLIU_GRETA_MESA_TABLERO_ALUMINIO_9E30CA7F,0,shopify,0,deny,manual,67.33,,TRUE,TRUE,,,,FALSE,Mesa exterior,Greta Mesa,active,
mini-mesa,Mesa exterior,<p>Mini Mesa</p>,Balliu,,Mesa,"balliu, exterior, mesa",TRUE,Configuracion,Color Blanco,BALLIU_MINI_MESA_COLOR_BLANCO_5D0FB586,0,shopify,0,deny,manual,14.17,,TRUE,TRUE,,,,FALSE,Mesa exterior,Mini Mesa,active,
mini-mesa,,,,,,,,Configuracion,Color Natural/Prestige/Estandar,BALLIU_MINI_MESA_COLOR_NATURAL_PR_1CF4D3D5,0,shopify,0,deny,manual,14.95,,TRUE,TRUE,,,,FALSE,,,active,
eva-pro-mini-mesa-auxiliar,Mesa auxiliar exterior resina | 48 cm,"<p>La mesa auxiliar Eva Pro Mini se caracteriza por su diseño sencillo y funcional. Fabricada en resina de polipropileno reforzada con carga mineral, garantiza durabilidad y resistencia.</p>
<p>Con una superﬁcie plana y bordes redondeados, su acabado texturizado en efecto mate resalta su estética minimalista. Por otro lado, su capacidad apilable añade practicidad. Perfecta para complementar la tumbona Eva Pro, esta mesa es ideal para dar un toque armonioso a cualquier espacio.</p>
<ul>
  <li>Resina Classic</li>
</ul>
<p><strong>Dimensiones:</strong> Largo: 48 cm | Ancho: 48 cm | Alto: 38 cm | Peso: 2.1 kg</p>",Balliu,,Mesa,"balliu, exterior, mesa, eva, pro",TRUE,Configuracion,Color Blanco,BALLIU_EVA_PRO_MINI_MESA_AU_COLOR_BLANCO_DE421A42,0,shopify,0,deny,manual,17.13,,TRUE,TRUE,https://www.balliuexport.com/wp-content/uploads/2026/02/Eva-Pro-Mini_Sin-fondo.jpg,1,Mesa auxiliar exterior resina | 48 cm,FALSE,Mesa auxiliar exterior resina | 48 cm,"La mesa auxiliar Eva Pro Mini se caracteriza por su diseño sencillo y funcional. Fabricada en resina de polipropileno reforzada con carga mineral, garantiza durabilidad y resistencia. Con una superﬁcie plana y bordes redondeados, su acabado texturizado en efecto mate resalta su estética minimalista. Por otro lado, su c",active,
eva-pro-mini-mesa-auxiliar,,,,,,,,Configuracion,Color Natural/Pr Estige,BALLIU_EVA_PRO_MINI_MESA_AU_COLOR_NATURAL_PR_911A77BA,0,shopify,0,deny,manual,17.63,,TRUE,TRUE,,,,FALSE,,,active,
eva-pro-bcn-mesa-auxiliar,Mesa auxiliar exterior resina | 48 cm,"<p>La tumbona Eva Pro BCN, diseñada exclusivamente por Mario Eskenazi, destaca por su estética única. Su estructura de resina de polipropileno reforzada con carga mineral ofrece gran durabilidad, mientras que su base presenta un patrón que le da un toque distintivo y contemporáneo.</p>
<p>Apilable y versátil, la Eva Pro BCN es la pieza perfecta para complementar cualquier espacio exterior, combinando a la perfección con la tumbona Eva Pro BCN de su misma familia.</p>
<ul>
  <li>Resina Classic</li>
</ul>
<p><strong>Dimensiones:</strong> Largo: 48 cm | Ancho: 48 cm | Alto: 38 cm | Peso: 2,1 kg</p>",Balliu,,Mesa,"balliu, exterior, mesa, bcn, eva, pro",TRUE,Configuracion,Color Blanco,BALLIU_EVA_PRO_BCN_MESA_AUX_COLOR_BLANCO_35554775,0,shopify,0,deny,manual,18.44,,TRUE,TRUE,https://www.balliuexport.com/wp-content/uploads/2026/02/Mesita-Eva-Pro-BCN.jpg,1,Mesa auxiliar exterior resina | 48 cm,FALSE,Mesa auxiliar exterior resina | 48 cm,"La tumbona Eva Pro BCN, diseñada exclusivamente por Mario Eskenazi, destaca por su estética única. Su estructura de resina de polipropileno reforzada con carga mineral ofrece gran durabilidad, mientras que su base presenta un patrón que le da un toque distintivo y contemporáneo. Apilable y versátil, la Eva Pro BCN es l",active,
eva-pro-bcn-mesa-auxiliar,,,,,,,,Configuracion,Color Natural/Prestige,BALLIU_EVA_PRO_BCN_MESA_AUX_COLOR_NATURAL_PR_25CD2EDE,0,shopify,0,deny,manual,19.36,,TRUE,TRUE,,,,FALSE,,,active,
olimpia-mesa-auxiliar,Mesa auxiliar exterior aluminio | 54 cm,"<p>La mesa auxiliar Olimpia destaca por su diseño contemporáneo y funcional. Con una estructura monobloque de aluminio endurecido, ofrece gran solidez y durabilidad.</p>
<p>El tablero, fabricado con tejido Balliu personalizable, aporta un toque único, siendo una opción distintiva en cualquier espacio. Su diseño apilable añade practicidad, mientras que sus líneas rectas refuerzan su estética simple y moderna. Perfectamente combinable con la familia Olimpia, es ideal para un estilo limpio y elegante.</p>
<ul>
  <li>Tejido Balliu</li>
  <li>Aluminio texturizado</li>
</ul>
<p><strong>Dimensiones:</strong> Largo: 74 cm | Ancho: 54 cm | Alto: 34 cm | Peso: 7,9 kg</p>",Balliu,,Mesa,"balliu, exterior, mesa, olimpia",TRUE,Configuracion,Tela Balliu,BALLIU_OLIMPIA_MESA_AUXILIA_TELA_BALLIU_6C7A42D9,0,shopify,0,deny,manual,84.68,,TRUE,TRUE,https://www.balliuexport.com/wp-content/uploads/2020/02/olimpia-mesa-central-blanco-800x614-2.jpg,1,Mesa auxiliar exterior aluminio | 54 cm,FALSE,Mesa auxiliar exterior aluminio | 54 cm,"La mesa auxiliar Olimpia destaca por su diseño contemporáneo y funcional. Con una estructura monobloque de aluminio endurecido, ofrece gran solidez y durabilidad. El tablero, fabricado con tejido Balliu personalizable, aporta un toque único, siendo una opción distintiva en cualquier espacio. Su diseño apilable añade pr",active,
noa-mesa-auxiliar,Mesa auxiliar exterior aluminio,"<p>La mesa auxiliar Noa destaca por su diseño moderno y limpio. Con una estructura de aluminio endurecido y tornillería en acero inoxidable, ofrece una excelente resistencia.</p>
<p>Su estructura con doble refuerzo crea una estética distintiva y elegante. Su originalidad y líneas minimalistas la convierten en una pieza diferenciadora. Además, su diseño apilable aporta practicidad sin sacriﬁcar la estética. Combinable con la tumbona Noa, realza el diseño de cualquier espacio.</p>
<ul>
  <li>Aluminio texturizado Classic</li>
</ul>
<p><strong>Dimensiones:</strong> Largo: 42 cm | Alto: 29 cm | Diámetro: 42 cm | Peso: 2,1 kg</p>",Balliu,,Mesa,"balliu, exterior, mesa, noa",TRUE,Configuracion,Color Blanco,BALLIU_NOA_MESA_AUXILIAR_COLOR_BLANCO_90B11E5B,0,shopify,0,deny,manual,69.97,,TRUE,TRUE,https://www.balliuexport.com/wp-content/uploads/2026/02/Mesa-Auxiliar-Noa_blanca_Balliu2.jpg,1,Mesa auxiliar exterior aluminio,FALSE,Mesa auxiliar exterior aluminio,"La mesa auxiliar Noa destaca por su diseño moderno y limpio. Con una estructura de aluminio endurecido y tornillería en acero inoxidable, ofrece una excelente resistencia. Su estructura con doble refuerzo crea una estética distintiva y elegante. Su originalidad y líneas minimalistas la convierten en una pieza diferenci",active,
noa-mesa-auxiliar,,,,,,,,Configuracion,Color Natural/Prestige,BALLIU_NOA_MESA_AUXILIAR_COLOR_NATURAL_PR_27CE9446,0,shopify,0,deny,manual,73.58,,TRUE,TRUE,,,,FALSE,,,active,
etna-mesa-auxiliar,Mesa auxiliar exterior aluminio | 60 cm,"<p>La mesa auxiliar Etna destaca por su diseño soﬁsticado y equilibrado. Su estética moderna se deﬁne por dos marcos curvados, aportando solidez y un estilo distintivo.</p>
<p>Fabricada en aluminio endurecido con tornillería en acero inoxidable, garantiza resistencia y durabilidad. Su tablero de HPL, además de robusto, permite combinaciones versátiles. Siguiendo la línea estética de la familia Etna, esta mesa es el complemento ideal para espacios elegantes y funcionales.</p>
<ul>
  <li>HPL</li>
  <li>Aluminio texturizado</li>
</ul>
<p><strong>Dimensiones:</strong> Largo: 110 cm | Ancho: 60 cm | Alto: 44,5 cm | Peso: N/D kg</p>",Balliu,,Mesa,"balliu, exterior, mesa, etna",TRUE,Configuracion,Tablero Hpl,BALLIU_ETNA_MESA_AUXILIAR_TABLERO_HPL_C5331CE8,0,shopify,0,deny,manual,89.71,,TRUE,TRUE,https://www.balliuexport.com/wp-content/uploads/2026/02/Balliu_MesaCentral-Etna_blanco_Moonwalk2.jpg,1,Mesa auxiliar exterior aluminio | 60 cm,FALSE,Mesa auxiliar exterior aluminio | 60 cm,"La mesa auxiliar Etna destaca por su diseño soﬁsticado y equilibrado. Su estética moderna se deﬁne por dos marcos curvados, aportando solidez y un estilo distintivo. Fabricada en aluminio endurecido con tornillería en acero inoxidable, garantiza resistencia y durabilidad. Su tablero de HPL, además de robusto, permite c",active,
etna-mesa-auxiliar,,,,,,,,Configuracion,Tablero Hpl Gd,BALLIU_ETNA_MESA_AUXILIAR_TABLERO_HPL_GD_7664D255,0,shopify,0,deny,manual,94.05,,TRUE,TRUE,,,,FALSE,,,active,
etna-mesa-auxiliar,,,,,,,,Configuracion,Diametro 60 Werzalit,BALLIU_ETNA_MESA_AUXILIAR_DIAMETRO_60_WERZ_9C991818,0,shopify,0,deny,manual,84.79,,TRUE,TRUE,,,,FALSE,,,active,
selva-mesa,Mesa exterior resina,"<p>La mesa Selva se caracteriza por su estructura de resina de polipropileno reforzada con carga mineral, que le otorga gran resistencia y durabilidad. Su tablero está fabricado en Werzalit, un material altamente resistente ideal para uso en exteriores.</p>
<p>Disponible en formatos redondo y cuadrado y en diversas medidas, ofrece versatilidad en su diseño. Además, sus patas están equipadas con reguladores de estabilidad. La mesa Selva es una opción práctica y resistente para cualquier espacio exterior.</p>
<ul>
  <li>Tablero</li>
  <li>Resina Classic</li>
  <li>Werzalit</li>
</ul>
<p><strong>Dimensiones:</strong> Alto: 71,5 cm | Peso: N/D kg</p>",Balliu,,Mesa,"balliu, exterior, mesa, selva",TRUE,Configuracion,Diametro 70 Werzalit,BALLIU_SELVA_MESA_DIAMETRO_70_WERZ_33CE1613,0,shopify,0,deny,manual,97.55,,TRUE,TRUE,https://www.balliuexport.com/wp-content/uploads/2024/06/thumbnail_selva-mesa-blanco-800x614-1.jpg,1,Mesa exterior resina,FALSE,Mesa exterior resina,"La mesa Selva se caracteriza por su estructura de resina de polipropileno reforzada con carga mineral, que le otorga gran resistencia y durabilidad. Su tablero está fabricado en Werzalit, un material altamente resistente ideal para uso en exteriores. Disponible en formatos redondo y cuadrado y en diversas medidas, ofre",active,
selva-mesa,,,,,,,,Configuracion,Diametro 80 Werzalit,BALLIU_SELVA_MESA_DIAMETRO_80_WERZ_EB565C3E,0,shopify,0,deny,manual,101.49,,TRUE,TRUE,,,,FALSE,,,active,
selva-mesa,,,,,,,,Configuracion,Diametro 90 Werzalit,BALLIU_SELVA_MESA_DIAMETRO_90_WERZ_871DF608,0,shopify,0,deny,manual,118.78,,TRUE,TRUE,,,,FALSE,,,active,
selva-mesa,,,,,,,,Configuracion,70 X 70 Werzalit,BALLIU_SELVA_MESA_70_X_70_WERZALIT_7AB14C9A,0,shopify,0,deny,manual,118.31,,TRUE,TRUE,,,,FALSE,,,active,
selva-mesa,,,,,,,,Configuracion,80 X 80 Werzalit,BALLIU_SELVA_MESA_80_X_80_WERZALIT_1A5A5005,0,shopify,0,deny,manual,131.01,,TRUE,TRUE,,,,FALSE,,,active,
selva-mesa,,,,,,,,Configuracion,120 X 80 Werzalit,BALLIU_SELVA_MESA_120_X_80_WERZALI_747885BD,0,shopify,0,deny,manual,169.64,,TRUE,TRUE,,,,FALSE,,,active,
brunei-mesa,Mesa exterior aluminio,"<p>La mesa Brunei combina resistencia y diseño en una pieza funcional y elegante. Su estructura de aluminio endurecido y tornillería en acero inoxidable garantizan durabilidad y resistencia, mientras que el perﬁl grueso de 2 mm aporta robustez y estabilidad.</p>
<p>El tablero, fabricado en HPL y altamente resiste, está disponible en varias medidas para adaptarse a diferentes necesidades. Además, cuenta con un tapón graduable en las patas, lo que mejora su estabilidad y permite un ajuste preciso en terrenos irregulares.</p>
<ul>
  <li>Tablero</li>
  <li>HPL</li>
  <li>Aluminio texturizado</li>
</ul>
<p><strong>Dimensiones:</strong> Largo: 130, 160, 190, 80 cm | Alto: 73,5 cm | Peso: 15,1 kg</p>",Balliu,,Mesa,"balliu, exterior, mesa, brunei",TRUE,Configuracion,80X80 Tablero Hpl,BALLIU_BRUNEI_MESA_80X80_TABLERO_HP_EF580AE2,0,shopify,0,deny,manual,257.19,,TRUE,TRUE,https://www.balliuexport.com/wp-content/uploads/2023/05/brunei-80-blanco-blanco-800x614-1.jpg,1,Mesa exterior aluminio,FALSE,Mesa exterior aluminio,"La mesa Brunei combina resistencia y diseño en una pieza funcional y elegante. Su estructura de aluminio endurecido y tornillería en acero inoxidable garantizan durabilidad y resistencia, mientras que el perﬁl grueso de 2 mm aporta robustez y estabilidad. El tablero, fabricado en HPL y altamente resiste, está disponibl",active,
brunei-mesa,,,,,,,,Configuracion,80X80 Tablero Hpl Gd,BALLIU_BRUNEI_MESA_80X80_TABLERO_HP_FCE3B8BD,0,shopify,0,deny,manual,290.22,,TRUE,TRUE,,,,FALSE,,,active,
brunei-mesa,,,,,,,,Configuracion,130X80 Tablero Hpl,BALLIU_BRUNEI_MESA_130X80_TABLERO_H_DF7C872B,0,shopify,0,deny,manual,342.68,,TRUE,TRUE,,,,FALSE,,,active,
brunei-mesa,,,,,,,,Configuracion,130X80 Tablero Hpl Gd,BALLIU_BRUNEI_MESA_130X80_TABLERO_H_5068224E,0,shopify,0,deny,manual,396.09,,TRUE,TRUE,,,,FALSE,,,active,
brunei-mesa,,,,,,,,Configuracion,160X90 Tablero Hpl,BALLIU_BRUNEI_MESA_160X90_TABLERO_H_11303F43,0,shopify,0,deny,manual,412.95,,TRUE,TRUE,,,,FALSE,,,active,
brunei-mesa,,,,,,,,Configuracion,160X90 Tablero Hpl Gd,BALLIU_BRUNEI_MESA_160X90_TABLERO_H_C39E3349,0,shopify,0,deny,manual,479.59,,TRUE,TRUE,,,,FALSE,,,active,
brunei-mesa,,,,,,,,Configuracion,190X90 Tablero Hpl,BALLIU_BRUNEI_MESA_190X90_TABLERO_H_4D2D1E60,0,shopify,0,deny,manual,506.65,,TRUE,TRUE,,,,FALSE,,,active,
brunei-mesa,,,,,,,,Configuracion,190X90 Tablero Hpl Gd,BALLIU_BRUNEI_MESA_190X90_TABLERO_H_7FCC116E,0,shopify,0,deny,manual,603.50,,TRUE,TRUE,,,,FALSE,,,active,
atlanta-mesa,Mesa exterior,<p>Atlanta Mesa</p>,Balliu,,Mesa,"balliu, exterior, mesa, atlanta",TRUE,Configuracion,240X90 Tablero Hpl,BALLIU_ATLANTA_MESA_240X90_TABLERO_H_78358691,0,shopify,0,deny,manual,689.00,,TRUE,TRUE,,,,FALSE,Mesa exterior,Atlanta Mesa,active,
atlanta-mesa,,,,,,,,Configuracion,240X90 Tablero Hpl Gd,BALLIU_ATLANTA_MESA_240X90_TABLERO_H_D4E471C5,0,shopify,0,deny,manual,694.04,,TRUE,TRUE,,,,FALSE,,,active,
atlanta-mesa,,,,,,,,Configuracion,140/180X90 Extensible,BALLIU_ATLANTA_MESA_140_180X90_EXTEN_E4EC7D7C,0,shopify,0,deny,manual,789.72,,TRUE,TRUE,,,,FALSE,,,active,
atlanta-mesa,,,,,,,,Configuracion,200/260X100 Extensible,BALLIU_ATLANTA_MESA_200_260X100_EXTE_9D798E50,0,shopify,0,deny,manual,1035.01,,TRUE,TRUE,,,,FALSE,,,active,
mesa-java,Mesa exterior,<p>Mesa Java</p>,Balliu,,Mesa,"balliu, exterior, mesa, java",TRUE,Configuracion,140/180X100 Extensible Hpl,BALLIU_MESA_JAVA_140_180X100_EXTE_8E073AAB,0,shopify,0,deny,manual,975.21,,TRUE,TRUE,,,,FALSE,Mesa exterior,Mesa Java,active,
mesa-java,,,,,,,,Configuracion,140/180X100 Extensible Hpl Gd,BALLIU_MESA_JAVA_140_180X100_EXTE_E5E3BB40,0,shopify,0,deny,manual,987.56,,TRUE,TRUE,,,,FALSE,,,active,
mesa-java,,,,,,,,Configuracion,200/260X100 Extensible Hpl,BALLIU_MESA_JAVA_200_260X100_EXTE_23187EA9,0,shopify,0,deny,manual,1250.19,,TRUE,TRUE,,,,FALSE,,,active,
mesa-java,,,,,,,,Configuracion,200/260X100 Extensible Hpl Gd,BALLIU_MESA_JAVA_200_260X100_EXTE_4A63BE2F,0,shopify,0,deny,manual,1423.37,,TRUE,TRUE,,,,FALSE,,,active,
diam-70-mesa-alta,Mesa alta exterior,<p>Diam. 70 Mesa Alta</p>,Balliu,,Mesa,"balliu, exterior, mesa, diam",TRUE,Configuracion,Tablero Hpl,BALLIU_DIAM_70_MESA_ALTA_TABLERO_HPL_45C511E9,0,shopify,0,deny,manual,273.99,,TRUE,TRUE,,,,FALSE,Mesa alta exterior,Diam. 70 Mesa Alta,active,
diam-70-mesa-alta,,,,,,,,Configuracion,Tablero Hpl Gd,BALLIU_DIAM_70_MESA_ALTA_TABLERO_HPL_GD_F99491CE,0,shopify,0,deny,manual,279.99,,TRUE,TRUE,,,,FALSE,,,active,
diam-70-mesa,Mesa exterior,<p>Diam. 70 Mesa</p>,Balliu,,Mesa,"balliu, exterior, mesa, diam",TRUE,Configuracion,Tablero Hpl,BALLIU_DIAM_70_MESA_TABLERO_HPL_451E7BA8,0,shopify,0,deny,manual,187.58,,TRUE,TRUE,,,,FALSE,Mesa exterior,Diam. 70 Mesa,active,
diam-70-mesa,,,,,,,,Configuracion,Tablero Hpl Gd,BALLIU_DIAM_70_MESA_TABLERO_HPL_GD_3ADFE773,0,shopify,0,deny,manual,208.21,,TRUE,TRUE,,,,FALSE,,,active,
diam-80-mesa,Mesa exterior,<p>Diam. 80 Mesa</p>,Balliu,,Mesa,"balliu, exterior, mesa, diam",TRUE,Configuracion,Tablero Hpl,BALLIU_DIAM_80_MESA_TABLERO_HPL_65E3CA13,0,shopify,0,deny,manual,207.97,,TRUE,TRUE,,,,FALSE,Mesa exterior,Diam. 80 Mesa,active,
diam-80-mesa,,,,,,,,Configuracion,Tablero Hpl Gd,BALLIU_DIAM_80_MESA_TABLERO_HPL_GD_1B4F3962,0,shopify,0,deny,manual,235.95,,TRUE,TRUE,,,,FALSE,,,active,
capri-mesa,Mesa exterior aluminio,"<p>La mesa Capri se caracteriza por su diseño elegante y robusto, con una estructura de aluminio endurecido y tornillería en acero inoxidable, que le conﬁeren durabilidad y resistencia.</p>
<p>El aluminio cepillado aporta un acabado elegante, mientras que el tablero en HPL, asegura una excelente resistencia. Además, cuenta con tapones para mejorar la estabilidad. Disponible también con tablero circular y en varias medidas, la mesa Capri es fácilmente combinable con otros modelos de su familia.</p>
<ul>
  <li>Tablero</li>
  <li>Aluminio cepillado</li>
  <li>HPL</li>
</ul>
<p><strong>Dimensiones:</strong> Peso: 24,7 kg</p>",Balliu,,Mesa,"balliu, exterior, mesa, capri",TRUE,Configuracion,Diam. 90 Table Hpl Table Top,BALLIU_CAPRI_MESA_DIAM_90_TABLE_HP_22901F1B,0,shopify,0,deny,manual,209.41,,TRUE,TRUE,https://www.balliuexport.com/wp-content/uploads/2020/02/capri-mesa-aluminio-800x614-1.jpg,1,Mesa exterior aluminio,FALSE,Mesa exterior aluminio,"La mesa Capri se caracteriza por su diseño elegante y robusto, con una estructura de aluminio endurecido y tornillería en acero inoxidable, que le conﬁeren durabilidad y resistencia. El aluminio cepillado aporta un acabado elegante, mientras que el tablero en HPL, asegura una excelente resistencia. Además, cuenta con t",active,
capri-mesa,,,,,,,,Configuracion,Diam. 90 Table Hpl Table Top Gd,BALLIU_CAPRI_MESA_DIAM_90_TABLE_HP_6C6DFD1C,0,shopify,0,deny,manual,237.88,,TRUE,TRUE,,,,FALSE,,,active,
capri-mesa,,,,,,,,Configuracion,70X70 Pie Simple Tablero Hpl,BALLIU_CAPRI_MESA_70X70_PIE_SIMPLE_724B0DB0,0,shopify,0,deny,manual,203.29,,TRUE,TRUE,,,,FALSE,,,active,
capri-mesa,,,,,,,,Configuracion,70X70 Pie Simple Tablero Hpl Gd,BALLIU_CAPRI_MESA_70X70_PIE_SIMPLE_A0A23F40,0,shopify,0,deny,manual,232.21,,TRUE,TRUE,,,,FALSE,,,active,
capri-mesa,,,,,,,,Configuracion,80X80 Pie Simple Tablero Hpl,BALLIU_CAPRI_MESA_80X80_PIE_SIMPLE_2A80CB3A,0,shopify,0,deny,manual,218.28,,TRUE,TRUE,,,,FALSE,,,active,
capri-mesa,,,,,,,,Configuracion,80X80 Pie Simple Tablero Hpl Gd,BALLIU_CAPRI_MESA_80X80_PIE_SIMPLE_8CA835FF,0,shopify,0,deny,manual,228.90,,TRUE,TRUE,,,,FALSE,,,active,
capri-mesa,,,,,,,,Configuracion,120X80 Pie Doble Tablero Hpl,BALLIU_CAPRI_MESA_120X80_PIE_DOBLE_5C848C82,0,shopify,0,deny,manual,285.53,,TRUE,TRUE,,,,FALSE,,,active,
capri-mesa,,,,,,,,Configuracion,120X80 Pie Doble Tablero Hpl Gd,BALLIU_CAPRI_MESA_120X80_PIE_DOBLE_798DCADF,0,shopify,0,deny,manual,334.63,,TRUE,TRUE,,,,FALSE,,,active,
capri-mesa,,,,,,,,Configuracion,120X80 Pie Doble alto Tablero Hpl,BALLIU_CAPRI_MESA_120X80_PIE_DOBLE_3C3BF077,0,shopify,0,deny,manual,325.10,,TRUE,TRUE,,,,FALSE,,,active,
capri-mesa,,,,,,,,Configuracion,120X80 Pie Doble alto Tablero Hpl Gd,BALLIU_CAPRI_MESA_120X80_PIE_DOBLE_05C442CF,0,shopify,0,deny,manual,358.03,,TRUE,TRUE,,,,FALSE,,,active,
60x60-mesa-alta,Mesa alta exterior,<p>60X60 Mesa Alta</p>,Balliu,,Mesa,"balliu, exterior, mesa, 60x60",TRUE,Configuracion,Tablero Hpl Gd,BALLIU_60X60_MESA_ALTA_TABLERO_HPL_GD_A3352658,0,shopify,0,deny,manual,245.33,,TRUE,TRUE,,,,FALSE,Mesa alta exterior,60X60 Mesa Alta,active,
60x60-mesa-alta,,,,,,,,Configuracion,Tablero Hpl Gd,BALLIU_60X60_MESA_ALTA_TABLERO_HPL_GD_A3352658,0,shopify,0,deny,manual,263.01,,TRUE,TRUE,,,,FALSE,,,active,
70x70-mesa-alta,Mesa alta exterior,<p>70X70 Mesa Alta</p>,Balliu,,Mesa,"balliu, exterior, mesa, 70x70",TRUE,Configuracion,Tablero Hpl,BALLIU_70X70_MESA_ALTA_TABLERO_HPL_94512EAB,0,shopify,0,deny,manual,283.88,,TRUE,TRUE,,,,FALSE,Mesa alta exterior,70X70 Mesa Alta,active,
70x70-mesa-alta,,,,,,,,Configuracion,Tablero Hpl Gd,BALLIU_70X70_MESA_ALTA_TABLERO_HPL_GD_5D74130E,0,shopify,0,deny,manual,317.28,,TRUE,TRUE,,,,FALSE,,,active,
sofia-mesa,Mesa exterior,<p>Sofia Mesa</p>,Balliu,,Mesa,"balliu, exterior, mesa, sofia",TRUE,Configuracion,70X70 Tablero Hpl,BALLIU_SOFIA_MESA_70X70_TABLERO_HP_9D14E31F,0,shopify,0,deny,manual,178.35,,TRUE,TRUE,,,,FALSE,Mesa exterior,Sofia Mesa,active,
sofia-mesa,,,,,,,,Configuracion,70X70 Tablero Hpl Gd,BALLIU_SOFIA_MESA_70X70_TABLERO_HP_146F72CA,0,shopify,0,deny,manual,177.50,,TRUE,TRUE,,,,FALSE,,,active,
sofia-mesa,,,,,,,,Configuracion,80X80 Tablero Hpl,BALLIU_SOFIA_MESA_80X80_TABLERO_HP_1A2FE7B5,0,shopify,0,deny,manual,186.98,,TRUE,TRUE,,,,FALSE,,,active,
sofia-mesa,,,,,,,,Configuracion,80X80 Tablero Hpl Gd,BALLIU_SOFIA_MESA_80X80_TABLERO_HP_96593887,0,shopify,0,deny,manual,206.53,,TRUE,TRUE,,,,FALSE,,,active,
sofia-mesa,,,,,,,,Configuracion,70X70 Hpl,BALLIU_SOFIA_MESA_70X70_HPL_F6074154,0,shopify,0,deny,manual,226.39,,TRUE,TRUE,,,,FALSE,,,active,
altea-mesa,Mesa exterior aluminio,"<p>La mesa Altea destaca por su diseño sencillo y funcional, ideal para optimizar cualquier espacio. Su estructura de aluminio endurecido con base de polipropileno y tornillería en acero inoxidable garantizan resistencia y durabilidad.</p>
<p>El tablero abatible, fabricado en HPL, ofrece una superﬁcie robusta y de alta resistencia. Además, sus cuatro patas incorporan reguladores de estabilidad. Versátil y práctica, la mesa Altea se adapta a cualquier espacio.</p>
<ul>
  <li>Tablero</li>
  <li>HPL</li>
  <li>Aluminio texturizado</li>
</ul>
<p><strong>Dimensiones:</strong> Alto: 74 cm | Peso: N/D kg</p>",Balliu,,Mesa,"balliu, exterior, mesa, altea",TRUE,Configuracion,70 X 70 Hpl Gd,BALLIU_ALTEA_MESA_70_X_70_HPL_GD_1B61E6B6,0,shopify,0,deny,manual,258.36,,TRUE,TRUE,https://www.balliuexport.com/wp-content/uploads/2023/12/altea-mesa-tortola-800x614-1.jpg,1,Mesa exterior aluminio,FALSE,Mesa exterior aluminio,"La mesa Altea destaca por su diseño sencillo y funcional, ideal para optimizar cualquier espacio. Su estructura de aluminio endurecido con base de polipropileno y tornillería en acero inoxidable garantizan resistencia y durabilidad. El tablero abatible, fabricado en HPL, ofrece una superﬁcie robusta y de alta resistenc",active,
altea-mesa,,,,,,,,Configuracion,80 X 80 Hpl,BALLIU_ALTEA_MESA_80_X_80_HPL_A05618AD,0,shopify,0,deny,manual,226.79,,TRUE,TRUE,,,,FALSE,,,active,
altea-mesa,,,,,,,,Configuracion,80 X 80 Hpl Gd,BALLIU_ALTEA_MESA_80_X_80_HPL_GD_0A3EE957,0,shopify,0,deny,manual,258.75,,TRUE,TRUE,,,,FALSE,,,active,
altea-mesa,,,,,,,,Configuracion,Diam. 80 Hpl,BALLIU_ALTEA_MESA_DIAM_80_HPL_50525E0B,0,shopify,0,deny,manual,205.19,,TRUE,TRUE,,,,FALSE,,,active,
altea-mesa,,,,,,,,Configuracion,Diam. 80 Hpl Gd,BALLIU_ALTEA_MESA_DIAM_80_HPL_GD_B06218CA,0,shopify,0,deny,manual,211.05,,TRUE,TRUE,,,,FALSE,,,active,
altea-mesa,,,,,,,,Configuracion,120 X 80 Hpl,BALLIU_ALTEA_MESA_120_X_80_HPL_BF75A33D,0,shopify,0,deny,manual,361.89,,TRUE,TRUE,,,,FALSE,,,active,
agata-mesa,Mesa exterior aluminio | 75 cm,"<p>La mesa Agata destaca por su diseño equilibrado y atemporal. Su estructura de aluminio endurecido y base de acero proporcionan una gran resistencia, mientras que los tapones reguladores permiten ajustar la estabilidad.</p>
<p>El tablero presenta un elegante patrón de rallas, mientras que las esquinas redondeadas suavizan su estética. La estructura cilíndrica complementa el conjunto, brindando un diseño sólido y elegante.</p>
<ul>
  <li>Aluminio texturizado</li>
</ul>
<p><strong>Dimensiones:</strong> Largo: 75 cm | Ancho: 75 cm | Alto: 74 cm | Peso: 20 kg</p>",Balliu,,Mesa,"balliu, exterior, mesa, agata",TRUE,Configuracion,120 X 80 Hpl Gd,BALLIU_AGATA_MESA_120_X_80_HPL_GD_D7AB6E04,0,shopify,0,deny,manual,368.60,,TRUE,TRUE,https://www.balliuexport.com/wp-content/uploads/2020/02/agata-mesa-aluminio-800x614-1.jpg,1,Mesa exterior aluminio | 75 cm,FALSE,Mesa exterior aluminio | 75 cm,"La mesa Agata destaca por su diseño equilibrado y atemporal. Su estructura de aluminio endurecido y base de acero proporcionan una gran resistencia, mientras que los tapones reguladores permiten ajustar la estabilidad. El tablero presenta un elegante patrón de rallas, mientras que las esquinas redondeadas suavizan su e",active,
agata-mesa,,,,,,,,Configuracion,70X70 Encimera aluminio,BALLIU_AGATA_MESA_70X70_ENCIMERA_A_DD745448,0,shopify,0,deny,manual,186.62,,TRUE,TRUE,,,,FALSE,,,active,
agata-mesa,,,,,,,,Configuracion,180 X 90 Encimera aluminio,BALLIU_AGATA_MESA_180_X_90_ENCIMER_C0092E17,0,shopify,0,deny,manual,270.76,,TRUE,TRUE,,,,FALSE,,,active,
nora-mesa,Mesa exterior aluminio | 72 cm,"<p>La mesa Nora se distingue por su diseño simple y orgánico. Fabricada con una estructura y tablero de aluminio endurecido, junto con una base de acero y tornillería en acero inoxidable, ofrece una excelente resistencia y durabilidad.</p>
<p>Su pintura con acabado texturizado resalta el material, añadiendo un toque distintivo. Los tapones graduables en la base mejoran la estabilidad, permitiendo un ajuste preciso en superﬁcies irregulares.</p>
<ul>
  <li>Aluminio texturizado</li>
</ul>
<p><strong>Dimensiones:</strong> Largo: 72 cm | Ancho: 72 cm | Alto: 74 cm | Peso: 17 kg</p>",Balliu,,Mesa,"balliu, exterior, mesa, nora",TRUE,Configuracion,Diametro 70 Aluminio,BALLIU_NORA_MESA_DIAMETRO_70_ALUM_72514F40,0,shopify,0,deny,manual,120.39,,TRUE,TRUE,https://www.balliuexport.com/wp-content/uploads/2020/02/nora-mesa-blanco-800x614-1.jpg,1,Mesa exterior aluminio | 72 cm,FALSE,Mesa exterior aluminio | 72 cm,"La mesa Nora se distingue por su diseño simple y orgánico. Fabricada con una estructura y tablero de aluminio endurecido, junto con una base de acero y tornillería en acero inoxidable, ofrece una excelente resistencia y durabilidad. Su pintura con acabado texturizado resalta el material, añadiendo un toque distintivo.",active,
olimpia-sofa,Sofá exterior 3 plazas aluminio · estilo elegante | 62 cm,"<p>El sofá Olimpia destaca por su diseño atemporal, con líneas rectas que aportan un estilo elegante a cualquier espacio. Su estructura de aluminio endurecido con tornillería en acero inoxidable garantiza máxima resistencia y durabilidad.</p>
<p>Pensado para quienes buscan ﬁrmeza y estabilidad, sus cojines están rellenos de espuma Dryfeel. Esto permite su uso en exteriores sin necesidad de protección, aportando una mayor resistencia a la intemperie. Disponible en versiones de 1, 2 y 3 plazas, se adapta a distintos espacios.</p>
<ul>
  <li>Tejido Balliu</li>
  <li>Aluminio texturizado</li>
</ul>
<p><strong>Dimensiones:</strong> Largo: 62, Doble:126, Triple:184 cm | Ancho: 62 cm | Alto: 73 cm | Peso: 9,5, Doble: 20,7, Triple: 28,8 kg</p>",Balliu,,Sofa,"balliu, exterior, sofa, olimpia",TRUE,Configuracion,Individual Tela Balliu,BALLIU_OLIMPIA_SOFA_INDIVIDUAL_TELA__5E2EF268,0,shopify,0,deny,manual,279.44,,TRUE,TRUE,https://www.balliuexport.com/wp-content/uploads/2020/02/2019_jmf3615_v2.jpg,1,Sofá exterior 3 plazas aluminio · estilo elegante | 62 cm,FALSE,Sofá exterior 3 plazas aluminio · estilo elegante | 62 cm,"El sofá Olimpia destaca por su diseño atemporal, con líneas rectas que aportan un estilo elegante a cualquier espacio. Su estructura de aluminio endurecido con tornillería en acero inoxidable garantiza máxima resistencia y durabilidad. Pensado para quienes buscan ﬁrmeza y estabilidad, sus cojines están rellenos de espu",active,
olimpia-sofa,,,,,,,,Configuracion,Doble Tela Balliu,BALLIU_OLIMPIA_SOFA_DOBLE_TELA_BALLI_4C82D31E,0,shopify,0,deny,manual,356.97,,TRUE,TRUE,,,,FALSE,,,active,
olimpia-sofa,,,,,,,,Configuracion,Triple Tela Balliu,BALLIU_OLIMPIA_SOFA_TRIPLE_TELA_BALL_CACE2317,0,shopify,0,deny,manual,534.41,,TRUE,TRUE,,,,FALSE,,,active,
olimpia-mesa-auxiliar,Mesa auxiliar exterior aluminio | 54 cm,"<p>La mesa auxiliar Olimpia destaca por su diseño contemporáneo y funcional. Con una estructura monobloque de aluminio endurecido, ofrece gran solidez y durabilidad.</p>
<p>El tablero, fabricado con tejido Balliu personalizable, aporta un toque único, siendo una opción distintiva en cualquier espacio. Su diseño apilable añade practicidad, mientras que sus líneas rectas refuerzan su estética simple y moderna. Perfectamente combinable con la familia Olimpia, es ideal para un estilo limpio y elegante.</p>
<ul>
  <li>Tejido Balliu</li>
  <li>Aluminio texturizado</li>
</ul>
<p><strong>Dimensiones:</strong> Largo: 74 cm | Ancho: 54 cm | Alto: 34 cm | Peso: 7,9 kg</p>",Balliu,,Mesa,"balliu, exterior, mesa, olimpia",TRUE,Configuracion,Central tablero Hpl,BALLIU_OLIMPIA_MESA_AUXILIA_CENTRAL_TABLERO__19D3D0EE,0,shopify,0,deny,manual,122.04,,TRUE,TRUE,https://www.balliuexport.com/wp-content/uploads/2020/02/olimpia-mesa-central-blanco-800x614-2.jpg,1,Mesa auxiliar exterior aluminio | 54 cm,FALSE,Mesa auxiliar exterior aluminio | 54 cm,"La mesa auxiliar Olimpia destaca por su diseño contemporáneo y funcional. Con una estructura monobloque de aluminio endurecido, ofrece gran solidez y durabilidad. El tablero, fabricado con tejido Balliu personalizable, aporta un toque único, siendo una opción distintiva en cualquier espacio. Su diseño apilable añade pr",active,
olimpia-mesa-auxiliar,,,,,,,,Configuracion,Central tablero Hpl Gd,BALLIU_OLIMPIA_MESA_AUXILIA_CENTRAL_TABLERO__9E2A2ECB,0,shopify,0,deny,manual,130.35,,TRUE,TRUE,,,,FALSE,,,active,
olimpia-mesa-auxiliar,,,,,,,,Configuracion,Esquinera tablero Hpl,BALLIU_OLIMPIA_MESA_AUXILIA_ESQUINERA_TABLER_5AD43BF2,0,shopify,0,deny,manual,123.32,,TRUE,TRUE,,,,FALSE,,,active,
olimpia-mesa-auxiliar,,,,,,,,Configuracion,Esquinera tablero Hpl Gd,BALLIU_OLIMPIA_MESA_AUXILIA_ESQUINERA_TABLER_2AD5A2DF,0,shopify,0,deny,manual,136.79,,TRUE,TRUE,,,,FALSE,,,active,
etna-sofa,Sofá exterior 3 plazas aluminio · estilo contemporáneo | 77 cm,"<p>El sofá Etna combina elegancia y confort para crear un espacio de descanso al aire libre. Su estructura de aluminio endurecido con tornillería en acero inoxidable garantiza resistencia y durabilidad.</p>
<p>Con reposabrazos integrados, respaldo inclinado y patas traseras inclinadas, ofrece una estética relajada y acogedora. Disponible en 1, 2 y 3 plazas, se adapta a diferentes espacios y necesidades. Además, gracias a su combinación de materiales, el sofá ofrece un extra de confort. Para alargar su vida útil, se recomienda su uso en zonas cubiertas o protegidas de la lluvia.</p>
<ul>
  <li>Tejido acrílico</li>
  <li>Aluminio texturizado</li>
</ul>
<p><strong>Dimensiones:</strong> Largo: 68, Doble: 126, Triple: 184 cm | Ancho: 77 cm | Alto: 96 cm | Peso: 9,5, Doble: 20,7, Triple: 28,8 kg</p>",Balliu,,Sofa,"balliu, exterior, sofa, etna",TRUE,Configuracion,Individual Acrílico,BALLIU_ETNA_SOFA_INDIVIDUAL_ACRIL_674AB9A1,0,shopify,0,deny,manual,367.06,,TRUE,TRUE,https://www.balliuexport.com/wp-content/uploads/2023/07/Balliu-5690-by-mCFalkyphoto-TpSze.jpg,1,Sofá exterior 3 plazas aluminio · estilo contemporáneo | 77 cm,FALSE,Sofá exterior 3 plazas aluminio · estilo contemporáneo | 77 cm,"El sofá Etna combina elegancia y confort para crear un espacio de descanso al aire libre. Su estructura de aluminio endurecido con tornillería en acero inoxidable garantiza resistencia y durabilidad. Con reposabrazos integrados, respaldo inclinado y patas traseras inclinadas, ofrece una estética relajada y acogedora. D",active,
etna-sofa,,,,,,,,Configuracion,Doble Acrílico,BALLIU_ETNA_SOFA_DOBLE_ACRILICO_AED77E2A,0,shopify,0,deny,manual,611.77,,TRUE,TRUE,,,,FALSE,,,active,
etna-sofa,,,,,,,,Configuracion,Triple Acrílico,BALLIU_ETNA_SOFA_TRIPLE_ACRILICO_E58D825A,0,shopify,0,deny,manual,837.52,,TRUE,TRUE,,,,FALSE,,,active,
etna-mesa-central,Mesa de centro exterior aluminio | 60 cm,"<p>La mesa Etna central mantiene la esencia de la familia Etna. Su diseño simple y limpio, con líneas rectas y equilibradas, le aporta un estilo elegante y atemporal.</p>
<p>Fabricada en aluminio endurecido con tornillería en acero inoxidable, garantiza resistencia y estabilidad. Su tablero de HPL, altamente duradero, facilita combinaciones versatiles para cualquier entorno. La Etna central es soﬁsticada y funcional, ideal para combinar con otros elementos de la familia Etna.</p>
<ul>
  <li>Tablero</li>
  <li>HPL</li>
  <li>Aluminio texturizado</li>
</ul>
<p><strong>Dimensiones:</strong> Largo: 110 cm | Ancho: 60 cm | Alto: 44,5 cm | Peso: N/D kg</p>",Balliu,,Mesa,"balliu, exterior, mesa, etna",TRUE,Configuracion,Tablero Hpl,BALLIU_ETNA_MESA_CENTRAL_TABLERO_HPL_510B363E,0,shopify,0,deny,manual,194.70,,TRUE,TRUE,https://www.balliuexport.com/wp-content/uploads/2026/02/Balliu_MesaCentral-Etna_blanco_Moonwalk2.jpg,1,Mesa de centro exterior aluminio | 60 cm,FALSE,Mesa de centro exterior aluminio | 60 cm,"La mesa Etna central mantiene la esencia de la familia Etna. Su diseño simple y limpio, con líneas rectas y equilibradas, le aporta un estilo elegante y atemporal. Fabricada en aluminio endurecido con tornillería en acero inoxidable, garantiza resistencia y estabilidad. Su tablero de HPL, altamente duradero, facilita c",active,
etna-mesa-central,,,,,,,,Configuracion,Tablero Hpl Gd,BALLIU_ETNA_MESA_CENTRAL_TABLERO_HPL_GD_BC53F712,0,shopify,0,deny,manual,226.66,,TRUE,TRUE,,,,FALSE,,,active,
parasol,Parasol para terraza,<p>Parasol</p>,Balliu,,Parasol,"balliu, exterior, parasol",TRUE,Configuracion,tela acrílica,BALLIU_PARASOL_TELA_ACRILICA_236BD5F0,0,shopify,0,deny,manual,221.96,,TRUE,TRUE,,,,FALSE,Parasol para terraza,Parasol,active,
parasol,,,,,,,,Configuracion,tela Balliu,BALLIU_PARASOL_TELA_BALLIU_82E48B2D,0,shopify,0,deny,manual,206.48,,TRUE,TRUE,,,,FALSE,,,active,
parasol,,,,,,,,Configuracion,tela acrílica,BALLIU_PARASOL_TELA_ACRILICA_236BD5F0,0,shopify,0,deny,manual,213.86,,TRUE,TRUE,,,,FALSE,,,active,
parasol,,,,,,,,Configuracion,tela Balliu,BALLIU_PARASOL_TELA_BALLIU_82E48B2D,0,shopify,0,deny,manual,163.38,,TRUE,TRUE,,,,FALSE,,,active,
parasol,,,,,,,,Configuracion,tela Balliu 250 cm.,BALLIU_PARASOL_TELA_BALLIU_250__F1ED8B8B,0,shopify,0,deny,manual,204.95,,TRUE,TRUE,,,,FALSE,,,active,
parasol,,,,,,,,Configuracion,tela acrílica 250 cm.,BALLIU_PARASOL_TELA_ACRILICA_25_C8DD492D,0,shopify,0,deny,manual,222.76,,TRUE,TRUE,,,,FALSE,,,active,
parasol,,,,,,,,Configuracion,tela acrílica,BALLIU_PARASOL_TELA_ACRILICA_236BD5F0,0,shopify,0,deny,manual,228.96,,TRUE,TRUE,,,,FALSE,,,active,
parasol,,,,,,,,Configuracion,tela Balliu,BALLIU_PARASOL_TELA_BALLIU_82E48B2D,0,shopify,0,deny,manual,217.14,,TRUE,TRUE,,,,FALSE,,,active,
garbi-parasol,Parasol para terraza aluminio,"<p>El parasol Garbí es una opción de gran tamaño, ideal para cualquier espacio exterior. Con una estructura de aluminio y varillas con perﬁl rectangular de aluminio, garantiza excelente resistencia. Su tejido Textilene lo convierte en una opción destacada en su categoría. Este material ofrece una gran resistencia y una larga vida útil.</p>
<p>Cuenta con una válvula de liberación de aire incorporada para mayor estabilidad, y su diseño redondo asegura una cobertura óptima. Diseñado para ser usado con base, disponible en nuestro catálogo, el Garbí es ideal para quienes buscan una solución funcional y robusta para grandes áreas exteriores.</p>
<ul>
  <li>Tejido Balliu</li>
  <li>Aluminio mate</li>
</ul>
<p><strong>Dimensiones:</strong> Alto: 275 cm | Diámetro: 300 cm | Peso: 17 kg</p>",Balliu,,Parasol,"balliu, exterior, parasol, garbi",TRUE,Configuracion,Diam. 300 Cm Tela Balliu,BALLIU_GARBI_PARASOL_DIAM_300_CM_TELA_3B7E77D1,0,shopify,0,deny,manual,561.54,,TRUE,TRUE,https://www.balliuexport.com/wp-content/uploads/2025/04/garbi-parasol-800x614-01-1200x921.jpg,1,Parasol para terraza aluminio,FALSE,Parasol para terraza aluminio,"El parasol Garbí es una opción de gran tamaño, ideal para cualquier espacio exterior. Con una estructura de aluminio y varillas con perﬁl rectangular de aluminio, garantiza excelente resistencia. Su tejido Textilene lo convierte en una opción destacada en su categoría. Este material ofrece una gran resistencia y una la",active,
brisa-parasol,Parasol para terraza aluminio | 300 cm,"<p>El parasol Brisa es una opción que combina resistencia, ligereza y funcionalidad en un diseño de gran tamaño. Su estructura y varillas de aluminio garantizan una excelente durabilidad, mientras que su tejido de Textilene lo distingue de otros parasoles. Este material, poco común en su categoría, ofrece una resistencia excepcional.</p>
<p>Su panel cuadrado proporciona una amplia zona de sombra, ideal para cualquier espacio exterior. Incorpora una válvula de liberación de aire para mayor estabilidad y está diseñada para utilizarse con base, disponible en nuestro catálogo.</p>
<ul>
  <li>Tejido Balliu</li>
</ul>
<p><strong>Dimensiones:</strong> Ancho: 300 cm | Alto: 285 cm | Peso: 10 kg</p>",Balliu,,Parasol,"balliu, exterior, parasol, brisa",TRUE,Configuracion,Parasol tela Balliu 300X300 cm.,BALLIU_BRISA_PARASOL_PARASOL_TELA_BAL_0CEBA8E7,0,shopify,0,deny,manual,561.54,,TRUE,TRUE,https://www.balliuexport.com/wp-content/uploads/2023/12/brisa-parasol-avena-800x614-1.jpg,1,Parasol para terraza aluminio | 300 cm,FALSE,Parasol para terraza aluminio | 300 cm,"El parasol Brisa es una opción que combina resistencia, ligereza y funcionalidad en un diseño de gran tamaño. Su estructura y varillas de aluminio garantizan una excelente durabilidad, mientras que su tejido de Textilene lo distingue de otros parasoles. Este material, poco común en su categoría, ofrece una resistencia",active,
roma-parasol,Parasol para terraza aluminio | 300 cm,"<p>El parasol Roma es una opción de gran tamaño, diseñado para ofrecer máxima sombra y confort. Su estructura y varillas de aluminio proporcionan una excelente durabilidad, mientras que la válvula de liberación de aire garantiza mayor estabilidad.</p>
<p>Se abre fácilmente con manivela, permitiendo regular su inclinación. Incluye una cruzeta con rotación de 360º para ser ﬁjada con losas de hormigón, disponibles en nuestro catálogo. Ideal para grandes espacios, el Roma es sinónimo de resistencia y versatilidad.</p>
<ul>
  <li>Tejido acrílico</li>
</ul>
<p><strong>Dimensiones:</strong> Ancho: 300 cm | Alto: 210 cm | Peso: N/D kg</p>",Balliu,,Parasol,"balliu, exterior, parasol, roma",TRUE,Configuracion,300X300 Cm,BALLIU_ROMA_PARASOL_300X300_CM_6C1E1224,0,shopify,0,deny,manual,1019.50,,TRUE,TRUE,https://www.balliuexport.com/wp-content/uploads/2023/12/roma-parasol-gris-oscuro-800x614-1.jpg,1,Parasol para terraza aluminio | 300 cm,FALSE,Parasol para terraza aluminio | 300 cm,"El parasol Roma es una opción de gran tamaño, diseñado para ofrecer máxima sombra y confort. Su estructura y varillas de aluminio proporcionan una excelente durabilidad, mientras que la válvula de liberación de aire garantiza mayor estabilidad. Se abre fácilmente con manivela, permitiendo regular su inclinación. Incluy",active,
pasarela-resina-reciclada-100,Accesorio exterior resina,<p>Pasarela Resina Reciclada 100 %</p>,Balliu,,Accesorio,"balliu, exterior, accesorio, reciclada, resina",TRUE,Configuracion,% Metro Pasarela blanca reciclada 120 cm.,BALLIU_PASARELA_RESINA_RECI_METRO_PASARELA_B_DA11D420,0,shopify,0,deny,manual,48.25,,TRUE,TRUE,,,,FALSE,Accesorio exterior resina,Pasarela Resina Reciclada 100 %,active,
pasarela-resina,Accesorio exterior resina,<p>Pasarela Resina</p>,Balliu,,Accesorio,"balliu, exterior, accesorio, resina",TRUE,Configuracion,Metro Pasarela 120 cm.,BALLIU_PASARELA_RESINA_METRO_PASARELA_1_DF85D2D1,0,shopify,0,deny,manual,82.22,,TRUE,TRUE,,,,FALSE,Accesorio exterior resina,Pasarela Resina,active,
colchoneta-tumbona,Colchoneta para tumbona,<p>Colchoneta Tumbona</p>,Balliu,,Accesorio,"balliu, exterior, accesorio",TRUE,Configuracion,Tejido acrilico,BALLIU_COLCHONETA_TUMBONA_TEJIDO_ACRILICO_26977CB8,0,shopify,0,deny,manual,70.57,,TRUE,TRUE,,,,FALSE,Colchoneta para tumbona,Colchoneta Tumbona,active,
colchoneta-tumbona,,,,,,,,Configuracion,Tela Balliu / Guata,BALLIU_COLCHONETA_TUMBONA_TELA_BALLIU_GUAT_0E9A3256,0,shopify,0,deny,manual,62.07,,TRUE,TRUE,,,,FALSE,,,active,
colchoneta-tumbona,,,,,,,,Configuracion,Tela Balliu / Dryfeel,BALLIU_COLCHONETA_TUMBONA_TELA_BALLIU_DRYF_41269616,0,shopify,0,deny,manual,102.54,,TRUE,TRUE,,,,FALSE,,,active,
weguard-caja-de-seguridad,Mobiliario exterior resina | 28 cm,"<p>La caja de seguridad WeGuard está fabricada con polipropileno de alta resistencia, ofreciendo durabilidad y seguridad. Cuenta con una cerradura de dial numérico y una llave de seguridad para mayor protección.</p>
<p>Su capacidad de 1,6 litros es ideal para guardar objetos pequeños. Compatible exclusivamente con las tumbonas Eva Pro, es una solución perfecta para mantener tus pertenencias a salvo.</p>
<ul>
  <li>Resina Classic</li>
</ul>
<p><strong>Dimensiones:</strong> Largo: 20 cm | Ancho: 28 cm | Alto: 8,5 cm | Peso: N/D kg</p>",Balliu,,Mobiliario exterior,"balliu, exterior, mobiliario exterior, caja, seguridad, weguard",TRUE,Title,Default Title,BALLIU_WEGUARD_CAJA_DE_SEGU_6264905D,0,shopify,0,deny,manual,34.61,,TRUE,TRUE,https://www.balliuexport.com/wp-content/uploads/2024/03/weguard-caja-de-seguridad-blanco-ambiente-800x614-1.jpg,1,Mobiliario exterior resina | 28 cm,FALSE,Mobiliario exterior resina | 28 cm,"La caja de seguridad WeGuard está fabricada con polipropileno de alta resistencia, ofreciendo durabilidad y seguridad. Cuenta con una cerradura de dial numérico y una llave de seguridad para mayor protección. Su capacidad de 1,6 litros es ideal para guardar objetos pequeños. Compatible exclusivamente con las tumbonas E",active,
pie-parasol-40-kg,Pie de parasol,<p>Pie Parasol 40 kg</p>,Balliu,,Accesorio,"balliu, exterior, accesorio, pie",TRUE,Title,Default Title,BALLIU_PIE_PARASOL_40_KG_C2147052,0,shopify,0,deny,manual,88.17,,TRUE,TRUE,,,,FALSE,Pie de parasol,Pie Parasol 40 kg,active,
pie-parasol-40-kg-recubrimiento-plastico,Pie de parasol,<p>Pie Parasol 40 kg Recubrimiento Plastico</p>,Balliu,,Accesorio,"balliu, exterior, accesorio, pie, plastico, recubrimiento",TRUE,Title,Default Title,BALLIU_PIE_PARASOL_40_KG_RE_FAB3CAC6,0,shopify,0,deny,manual,68.16,,TRUE,TRUE,,,,FALSE,Pie de parasol,Pie Parasol 40 kg Recubrimiento Plastico,active,
base-hormigon-25-kg,Base de parasol,<p>Base Hormigón 25 Kg</p>,Balliu,,Accesorio,"balliu, exterior, accesorio",TRUE,Title,Default Title,BALLIU_BASE_HORMIGON_25_KG_3EE8B72D,0,shopify,0,deny,manual,54.88,,TRUE,TRUE,,,,FALSE,Base de parasol,Base Hormigón 25 Kg,active,
base-hormigon-30-kg,Base de parasol,<p>Base Hormigón 30 Kg</p>,Balliu,,Accesorio,"balliu, exterior, accesorio",TRUE,Title,Default Title,BALLIU_BASE_HORMIGON_30_KG_890A4CD4,0,shopify,0,deny,manual,27.52,,TRUE,TRUE,,,,FALSE,Base de parasol,Base Hormigón 30 Kg,active,
funda-tumbona,Funda protectora exterior,<p>Funda Tumbona</p>,Balliu,,Funda,"balliu, exterior, funda",TRUE,Configuracion,12 Unidades,BALLIU_FUNDA_TUMBONA_12_UNIDADES_D7D20AB0,0,shopify,0,deny,manual,137.94,,TRUE,TRUE,,,,FALSE,Funda protectora exterior,Funda Tumbona,active,
funda-tumbona,,,,,,,,Configuracion,24 Unidades,BALLIU_FUNDA_TUMBONA_24_UNIDADES_287BB1C0,0,shopify,0,deny,manual,176.97,,TRUE,TRUE,,,,FALSE,,,active,
funda-tumbona,,,,,,,,Configuracion,2 Unidades,BALLIU_FUNDA_TUMBONA_2_UNIDADES_686CC405,0,shopify,0,deny,manual,42.82,,TRUE,TRUE,,,,FALSE,,,active,
funda-parasol,Funda protectora exterior,<p>Funda Parasol</p>,Balliu,,Funda,"balliu, exterior, funda",TRUE,Configuracion,1 Unidades acrilico,BALLIU_FUNDA_PARASOL_1_UNIDADES_ACRIL_A1C16324,0,shopify,0,deny,manual,19.68,,TRUE,TRUE,,,,FALSE,Funda protectora exterior,Funda Parasol,active,
funda-sofa,Funda protectora exterior,<p>Funda sofá</p>,Balliu,,Funda,"balliu, exterior, funda",TRUE,Configuracion,Sofá individual,BALLIU_FUNDA_SOFA_SOFA_INDIVIDUAL_6F6D4953,0,shopify,0,deny,manual,69.71,,TRUE,TRUE,,,,FALSE,Funda protectora exterior,Funda sofá,active,
funda-sofa,,,,,,,,Configuracion,Sofá doble,BALLIU_FUNDA_SOFA_SOFA_DOBLE_0595C4C0,0,shopify,0,deny,manual,99.95,,TRUE,TRUE,,,,FALSE,,,active,
funda-sofa,,,,,,,,Configuracion,sofá triple,BALLIU_FUNDA_SOFA_SOFA_TRIPLE_852AF1C6,0,shopify,0,deny,manual,122.35,,TRUE,TRUE,,,,FALSE,,,active,
funda-silla,Funda protectora exterior,<p>Funda Silla</p>,Balliu,,Funda,"balliu, exterior, funda",TRUE,Configuracion,6 Unidades,BALLIU_FUNDA_SILLA_6_UNIDADES_340B2844,0,shopify,0,deny,manual,45.21,,TRUE,TRUE,,,,FALSE,Funda protectora exterior,Funda Silla,active,
cojin-40x40,Cojín exterior,<p>Cojin 40X40</p>,Balliu,,Accesorio,"balliu, exterior, accesorio, 40x40",TRUE,Configuracion,Cojin cuadral,BALLIU_COJIN_40X40_COJIN_CUADRAL_523E5AE9,0,shopify,0,deny,manual,28.69,,TRUE,TRUE,,,,FALSE,Cojín exterior,Cojin 40X40,active,
producto-limpiador,Limpiador para mobiliario exterior,<p>Producto Limpiador</p>,Balliu,,Accesorio,"balliu, exterior, accesorio",TRUE,Configuracion,Limpiador Tumbona/Tejido,BALLIU_PRODUCTO_LIMPIADOR_LIMPIADOR_TUMBON_D0D3FC26,0,shopify,0,deny,manual,12.41,,TRUE,TRUE,,,,FALSE,Limpiador para mobiliario exterior,Producto Limpiador,active,
