SKU,Producto,Precio neto exworks sin iva,Precio Venta,Margen €,Margen%,Coste de Envio,Unnamed: 7,PVP Recomendado,Descripción,Ancho (cm),Fondo (cm),Alto (cm),Imagen,Proveedor
557-010881,BRANDON-1 SILLON/ARMCHAIR/FAUTEUIL,"539,00 €","809,92 €","270,92 €","50,26%",0.0,,980 €,"El sillón BRANDON-1 está fabricado íntegramente en aluminio con estructura tubular reforzada y acabado termo-lacado de alta resistencia. Su diseño combina líneas envolventes con cojines de gran volumen, ofreciendo ergonomía y estabilidad en entornos exteriores exigentes. Los cojines incorporan espuma de alta densidad y tapizado técnico para exterior, resistente a la intemperie y de fácil mantenimiento.",98,90.0,90.0,https://hevea.es/mpcrm/imgs/uploads/sill%C3%B3n%20brandon.png,Hevea
557-010882,BRANDON-2 SOFA 2 PLAZAS/SOFA/CANAPÉ,"809,00 €","1.214,88 €","405,88 €","50,17%",0.0,,1.470 €,"El sofá BRANDON-2 de 2 plazas mantiene la estructura de aluminio reforzado con acabado de alta durabilidad, garantizando resistencia frente a humedad y radiación UV. Su diseño equilibrado ofrece confort y presencia estética en espacios exteriores contemporáneos. Incorpora cojines de asiento y respaldo de gran espesor con espuma técnica de alta recuperación, tapizados en tejido exterior preparado para uso intensivo.",166,90.0,90.0,https://hevea.es/mpcrm/imgs/uploads/brandon%202%20plazas.jpg,Hevea
557-010879,BRANDON-3 SOFA 3 PLAZAS/SOFA/CANAPÉ,"1.067,00 €","1.603,31 €","536,31 €","50,26%",0.0,,1.940 €,El sofá BRANDON-3 de 3 plazas amplía la capacidad manteniendo la solidez estructural en aluminio termo-lacado. Su formato lineal permite configuraciones amplias en terrazas y zonas lounge. Los cojines de gran volumen aportan máximo confort y están fabricados con materiales resistentes a la intemperie y diseñados para uso profesional exterior.,220,90.0,90.0,https://hevea.es/mpcrm/imgs/uploads/brandon%203%20plazas.png,Hevea
557-010884,LUNA-44 SET MESAS CENTRO 80 + 60,"240,00 €","359,50 €","119,50 €","49,79%",50.0,,435 €,"El set LUNA-44 incluye dos mesas de centro de 80 y 60 cm fabricadas con estructura metálica robusta y sobres resistentes para exterior. Su diseño modular permite superposición o uso independiente, adaptándose a diferentes composiciones lounge. Materiales preparados para exposición exterior y fácil mantenimiento.",140,,40.0,https://hevea.es/mpcrm/imgs/uploads/mesa%20brandon%20luna.jpg,Hevea
557-010884,BRANDON-7 SET SOFA 2 PLAZAS/SOFA/CANAPÉ,"2.126,00 €","3.194,21 €","1.068,21 €","50,25%",0.0,,3.865 €,"El conjunto BRANDON-7 integra sofá de 2 plazas, sillones y mesas auxiliares en una solución completa para espacios exteriores. Fabricado en aluminio con acabado de alta resistencia, está concebido para uso intensivo en hoteles y proyectos contract. Sus cojines técnicos garantizan confort prolongado y durabilidad frente a condiciones climáticas adversas.",,,,https://hevea.es/mpcrm/imgs/uploads/1739541476_BRANDON-7.jpg,Hevea
557-010885,BRANDON-8 SET SOFA 3 PLAZAS/SOFA/CANAPÉ,"2.385,00 €","3.582,64 €","1.197,64 €","50,22%",0.0,,4.335 €,"El conjunto BRANDON-8 ofrece una configuración de mayor capacidad con sofá de 3 plazas y piezas complementarias, manteniendo la estructura de aluminio reforzado y acabado premium. Diseñado para entornos profesionales exteriores, combina robustez, comodidad y estética contemporánea. Cojines de alta densidad con tejido técnico resistente a la intemperie.",,,,https://hevea.es/mpcrm/imgs/uploads/brandon%208%20(3).png,Hevea
557-010935,DAMASCO-1 SILLON/ARMCHAIR/FAUTEUIL,"361,00 €","541,32 €","180,32 €","49,95%",50.0,,655 €,"El sillón DAMASCO-1 es una pieza elegante y equilibrada para terrazas y jardines. Su diseño contemporáneo y sus cojines amplios ofrecen una experiencia de descanso cómoda y relajada. Fabricado con estructura resistente para exterior, garantiza estabilidad y durabilidad frente al uso diario. Ideal como pieza individual o combinado con el resto de la colección DAMASCO.",72,79.0,75.0,https://hevea.es/mpcrm/imgs/uploads/sillon%20damasco.png,Hevea
557-010936,DAMASCO-2 SOFA 2 PLAZAS/SOFA/CANAPÉ,"531,00 €","797,52 €","266,52 €","50,19%",0.0,,965 €,"El sofá DAMASCO de 2 plazas combina diseño moderno y confort en un formato compacto. Su estructura preparada para exterior aporta resistencia y estabilidad, mientras que sus cojines voluminosos garantizan una sentada cómoda y envolvente. Perfecto para terrazas urbanas o patios que buscan estilo y funcionalidad.",135,79.0,75.0,https://hevea.es/mpcrm/imgs/uploads/damasco%207.png,Hevea
557-010937,DAMASCO-3 SOFA 3 PLAZAS/SOFA/CANAPÉ,"674,00 €","1.012,40 €","338,40 €","50,21%",0.0,,1.225 €,"El sofá DAMASCO de 3 plazas transforma cualquier espacio exterior en un auténtico salón al aire libre. Amplio y sofisticado, ofrece asiento profundo y cojines generosos que invitan al relax. Su estructura robusta asegura durabilidad y estabilidad durante todo el año.",194,79.0,75.0,https://hevea.es/mpcrm/imgs/uploads/damasco%208.png,Hevea
557-1071,UNIVERSAL-80 MESA CENTRO/COFFEE TABLE,"154,00 €","231,40 €","77,40 €","50,26%",0.0,,280 €,"La mesa de centro UNIVERSAL-80 destaca por su diseño minimalista y funcional. Compacta y resistente, está preparada para uso exterior y resulta ideal para apoyar bebidas o elementos decorativos. Se integra perfectamente en conjuntos de terraza modernos.",90,50.0,40.0,https://hevea.es/mpcrm/imgs/uploads/mesa%20universal%20centro%20estandar%2090.png,Hevea
557-1563,UNIVERSAL-120 MESA CENTRO 120/COFFEE TABLE,"215,00 €","322,31 €","107,31 €","49,91%",50.0,,390 €,"La mesa de centro UNIVERSAL-120 ofrece una superficie amplia y práctica para conjuntos de mayor tamaño. Su diseño limpio y estructura resistente la convierten en el complemento ideal para sofás de 3 plazas, aportando funcionalidad y equilibrio visual.",120,60.0,40.0,https://hevea.es/mpcrm/imgs/uploads/mesa%20centro%20120%20estandar.png,Hevea
557-010938,SET DAMASCO 7 / 2 SEATER SOFA SET / SET CANAPÉ 2 PLACES,"1.406,00 €","2.111,57 €","705,57 €","50,18%",0.0,,2.555 €,"El Set DAMASCO 7 incluye sofá de 2 plazas, sillones y mesa de centro, creando un conjunto completo y armonioso para exteriores. Diseñado para ofrecer comodidad y coherencia estética, es perfecto para terrazas que buscan un ambiente acogedor y elegante.",,,,https://hevea.es/mpcrm/imgs/uploads/1739779545_damasco%207.jpg,Hevea
557-010939,SET DAMASCO 8 / 3 SEATER SOFA SET / SET CANAPÉ 3 PLACES,"1.609,00 €","2.417,36 €","808,36 €","50,24%",0.0,,2.925 €,"El Set DAMASCO 8 ofrece un salón exterior amplio y sofisticado con sofá de 3 plazas, sillones y mesa de centro. Sus asientos generosos y diseño contemporáneo garantizan confort y estilo para disfrutar al aire libre.",,,,https://hevea.es/mpcrm/imgs/uploads/1739779545_damasco%208.jpg,Hevea
600-010021,YINA-1 SILLON/ARMCHAIR/FAUTEUIL,"435,00 €","652,89 €","217,89 €","50,09%",50.0,,790 €,El sillón YINA-1 destaca por su diseño ligero y moderno. Su estructura resistente para exterior y su asiento cómodo lo convierten en una pieza versátil ideal para terrazas actuales.,77,72.0,83.0,https://hevea.es/mpcrm/imgs/uploads/yina.jpg,Hevea
600-010022,YINA-2 SOFA 2 PLAZAS/SOFÁ/CANAPÉ,"636,00 €","954,55 €","318,55 €","50,09%",0.0,,1.155 €,El sofá YINA de 2 plazas combina líneas estilizadas y confort en un formato compacto. Perfecto para espacios exteriores de tamaño medio que buscan modernidad y funcionalidad.,143,72.0,83.0,https://hevea.es/mpcrm/imgs/uploads/sof%C3%A1%20yina%202%20plazas.jpg,Hevea
600-010023,YINA-3 SOFA 3 PLAZAS/SOFÁ/CANAPÉ,"806,00 €","1.210,74 €","404,74 €","50,22%",0.0,,1.465 €,El sofá YINA de 3 plazas ofrece amplitud y elegancia en una propuesta contemporánea. Su estructura robusta y cojines confortables garantizan comodidad y resistencia en exterior.,185,72.0,83.0,https://hevea.es/mpcrm/imgs/uploads/sof%C3%A1%20yina%203%20plazas.jpg,Hevea
600-010024,YINA-70 HPL MESA CENTRO/COFFEE TABLE/TABLE CENTRE,"229,00 €","342,98 €","113,98 €","49,77%",50.0,,415 €,La mesa de centro YINA-70 con tablero HPL combina diseño moderno y alta resistencia. Su superficie está preparada para soportar condiciones exteriores manteniendo su estética impecable.,70,,45.0,https://hevea.es/mpcrm/imgs/uploads/mesa%20centro%20yina.jpg,Hevea
600-010025,YINA-5 REPOSAPIES/FOOTSTOOL/REPOSE-PIEDS,"176,00 €","264,46 €","88,46 €","50,26%",50.0,,320 €,"El reposapiés YINA-5 complementa el conjunto aportando mayor comodidad. Puede utilizarse como extensión del asiento o como apoyo auxiliar, manteniendo la coherencia estética de la colección.",73,46.0,40.0,https://hevea.es/mpcrm/imgs/uploads/reposapi%C3%A9s%20yina.jpg,Hevea
600-010026,YINA-7 SET SOFÁ 2 PLAZAS / 2 SEATER SOFA SET / SET CANAPÉ 2 PLACES,"1.736,00 €","2.607,44 €","871,44 €","50,20%",0.0,,3.155 €,"El Set YINA 7 incluye sofá de 2 plazas, sillones y mesa de centro en un conjunto moderno y equilibrado. Ideal para crear un espacio exterior actual, cómodo y funcional.",,,,https://hevea.es/mpcrm/imgs/uploads/1739779626_yina%207.jpg,Hevea
600-010027,YINA-8 SET SOFÁ 3 PLAZAS / 3 SEATER SOFA SET / SET CANAPÉ 3 PLACES,"1.906,00 €","2.863,64 €","957,64 €","50,24%",0.0,,3.465 €,"El Set YINA 8 ofrece una composición amplia con sofá de 3 plazas, sillones y mesa de centro. Diseñado para aportar confort, resistencia y estilo contemporáneo en terrazas y jardines.",,,,https://hevea.es/mpcrm/imgs/uploads/1739779626_yina%208.jpg,Hevea
557-010813,CUPRA-1 SILLÓN/ARMCHAIR/FAUTEUIL,"462,00 €","694,21 €","232,21 €","50,26%",50.0,,840 €,"El sillón CUPRA-1 combina líneas modernas y estructura resistente para crear un asiento elegante y duradero para exterior. Sus proporciones equilibradas y cojines confortables ofrecen una experiencia de descanso cómoda, ideal para terrazas y jardines contemporáneos.",65,75.0,90.0,https://hevea.es/mpcrm/imgs/uploads/sill%C3%B3n%20individual.png,Hevea
557-010814,CUPRA-2 SOFA 2 PLAZAS/SOFA/CANAPÉ,"660,00 €","991,74 €","331,74 €","50,26%",0.0,,1.200 €,"El sofá CUPRA de 2 plazas es perfecto para espacios exteriores de tamaño medio. Su diseño actual y su estructura robusta garantizan estabilidad y durabilidad, mientras que sus cojines amplios aportan confort y estilo.",130,75.0,90.0,https://hevea.es/mpcrm/imgs/uploads/sof%C3%A1%20cupra%202%20plazas.jpg,Hevea
557-010815,CUPRA-3 SOFA 3 PLAZAS/SOFA/CANAPÉ,"836,00 €","1.256,20 €","420,20 €","50,26%",0.0,,1.520 €,"El sofá CUPRA de 3 plazas ofrece amplitud y presencia en cualquier terraza. Su diseño contemporáneo y asiento profundo proporcionan comodidad y elegancia, convirtiéndolo en el centro del espacio exterior.",185,75.0,90.0,https://hevea.es/mpcrm/imgs/uploads/mesa%20120%20est%C3%A1ndar%20cupra.png,Hevea
557-010785,STANDARD-5 REPOSAPIES/FOOTSTOOL/REPOSE-PIEDS,"149,00 €","223,14 €","74,14 €","49,76%",0.0,,270 €,"El reposapiés STANDARD-5 aporta un extra de comodidad al conjunto, permitiendo extender la zona de descanso o utilizarlo como asiento auxiliar. Su diseño coordinado mantiene la armonía del espacio exterior.",60,50.0,40.0,https://hevea.es/mpcrm/imgs/uploads/reposapi%C3%A9s_est%C3%A1ndar.jpg,Hevea
557-010816,CUPRA-7 SET SOFÁ 2 PLAZAS / 2 SEATER SOFA SET / SET CANAPÉ 2 PLACES,"1.738,00 €","2.611,57 €","873,57 €","50,26%",0.0,,3.160 €,"El Set CUPRA 7 incluye sofá de 2 plazas, sillones y mesa de centro, formando un conjunto equilibrado y elegante. Diseñado para ofrecer confort y resistencia en exterior, es ideal para crear un ambiente acogedor y moderno.",,,,https://hevea.es/mpcrm/imgs/uploads/1739542096_CUPRA%207.jpg,Hevea
557-010817,CUPRA-8 SET SOFÁ 3 PLAZAS / 3 SEATER SOFA SET / SET CANAPÉ 3 PLACES,"1.975,00 €","2.966,94 €","991,94 €","50,22%",0.0,,3.590 €,"El Set CUPRA 8 ofrece una composición amplia con sofá de 3 plazas, sillones y mesa de centro. Su diseño contemporáneo y asientos cómodos lo convierten en una solución perfecta para terrazas sofisticadas.",,,,https://hevea.es/mpcrm/imgs/uploads/1739542096_CUPRA%208.jpg,Hevea
557-1089,BELLAGIO-1 SILLÓN/ARMCHAIR/FAUTEUIL,"361,00 €","541,32 €","180,32 €","49,95%",50.0,,655 €,"El sillón BELLAGIO-1 destaca por su diseño elegante y proporciones envolventes. Pensado para exterior, combina estructura resistente y confort en una pieza ideal para crear rincones relajados con estilo.",75,75.0,82.0,https://hevea.es/mpcrm/imgs/uploads/sillon%20bellagio%201.jpg,Hevea
557-1090,BELLAGIO-3 SOFA 3 PLAZAS/SOFA/CANAPÉ,"677,00 €","1.016,53 €","339,53 €","50,15%",0.0,,1.230 €,"El sofá BELLAGIO de 3 plazas aporta amplitud y carácter al espacio exterior. Con asiento profundo y diseño equilibrado, crea un ambiente acogedor ideal para reuniones y momentos de relax.",198,75.0,82.0,https://hevea.es/mpcrm/imgs/uploads/bellagio%203%20plazas.png,Hevea
557-1091,BELLAGIO-2 SOFA 2 PLAZAS/SOFA/CANAPÉ,"479,00 €","719,01 €","240,01 €","50,11%",50.0,,870 €,El sofá BELLAGIO de 2 plazas ofrece una combinación perfecta entre sofisticación y comodidad. Su diseño contemporáneo y cojines generosos aportan elegancia y confort en terrazas modernas.,150,75.0,82.0,https://hevea.es/mpcrm/imgs/uploads/bellagio%202%20plazas.png,Hevea
557-1092,BELLAGIO-4 MESA CENTRO 125,"171,00 €","256,20 €","85,20 €","49,82%",50.0,,310 €,"La mesa de centro BELLAGIO 125 complementa el conjunto con una superficie amplia y diseño armonioso. Resistente y funcional, es perfecta para completar salones exteriores con estilo.",125,60.0,38.0,https://hevea.es/mpcrm/imgs/uploads/mesa%20bellagio%20de%20centro.jpg,Hevea
557-1094,BELLAGIO-7 SET SOFÁ 2 PLAZAS / 2 SEATER SOFA SET / SET CANAPÉ 2 PLACES,"1.370,00 €","2.057,85 €","687,85 €","50,21%",0.0,,2.490 €,"El Set BELLAGIO 7 incluye sofá de 2 plazas, sillones y mesa de centro, creando un espacio exterior elegante y cómodo. Ideal para terrazas que buscan equilibrio entre diseño y funcionalidad.",,,,https://hevea.es/mpcrm/imgs/uploads/1739542760_BELLAGIO_9_N25_IA.jpg,Hevea
557-1095,BELLAGIO-8 SET SOFÁ 3 PLAZAS / 3 SEATER SOFA SET / SET CANAPÉ 3 PLACES,"1.568,00 €","2.355,37 €","787,37 €","50,22%",0.0,,2.850 €,"El Set BELLAGIO 8 ofrece un salón exterior amplio con sofá de 3 plazas, sillones y mesa de centro. Su diseño sofisticado y confortable convierte cualquier terraza en un espacio acogedor.",,,,https://hevea.es/mpcrm/imgs/uploads/1739542760_BELLAGIO_10_025_IA.jpg,Hevea
600-010090,CLOE-1 SILLON/ARMCHAIR/FAUTEUIL,"443,00 €","665,29 €","222,29 €","50,18%",50.0,,805 €,El sillón CLOE-1 combina ligereza visual y comodidad en una pieza moderna para exterior. Su estructura resistente y asiento confortable lo convierten en un complemento perfecto para terrazas actuales.,70,64.0,69.0,https://hevea.es/mpcrm/imgs/uploads/sillon%20individual%20cloe.png,Hevea
600-010091,CLOE SOFA 2 PLAZAS/SOFA/CANAPÉ,"630,00 €","946,28 €","316,28 €","50,20%",0.0,,1.145 €,"El sofá CLOE de 2 plazas ofrece un diseño contemporáneo y acogedor. Ideal para espacios exteriores de tamaño medio, proporciona comodidad y estilo en cualquier terraza.",162,64.0,69.0,https://hevea.es/mpcrm/imgs/uploads/sof%C3%A1%20de%202%20plazas%20cloe.png,Hevea
600-010092,CLOE SOFA 3 PLAZAS/SOFA/CANAPÉ,"872,00 €","1.309,92 €","437,92 €","50,22%",0.0,,1.585 €,El sofá CLOE de 3 plazas destaca por su amplitud y diseño elegante. Sus cojines cómodos y estructura sólida lo convierten en el protagonista perfecto del salón exterior.,220,64.0,69.0,https://hevea.es/mpcrm/imgs/uploads/sofa%20de%203%20plazas%20clone.png,Hevea
600-010093,CLOE-5 REPOSAPIES/FOOTSTOOL/REPOSE-PIEDS,"86,00 €","128,10 €","42,10 €","48,95%",0.0,,155 €,"El reposapiés CLOE-5 añade un extra de confort al conjunto, permitiendo extender la zona de descanso o utilizarlo como asiento auxiliar manteniendo la coherencia estética.",50,45.0,40.0,https://hevea.es/mpcrm/imgs/uploads/reposapi%C3%A9s%20cloe.png,Hevea
557-011090,ODIN-1 SILLON/ARMCHAIR/FAUTEUIL,"234,00 €","351,24 €","117,24 €","50,10%",50.0,,425 €,"El sillón ODIN-1 combina diseño contemporáneo y estructura resistente para crear un asiento cómodo y elegante en exteriores. Sus líneas modernas y cojines confortables ofrecen una experiencia de descanso relajada, ideal para terrazas y jardines actuales.",65,66.0,78.0,https://hevea.es/mpcrm/imgs/uploads/sillon%20odin.jpg,Hevea
557-011091,ODIN-2 SOFA 2 PLAZAS/SOFA/CANAPÉ,"396,00 €","595,04 €","199,04 €","50,26%",50.0,,720 €,"El sofá ODIN de 2 plazas es perfecto para espacios exteriores de tamaño medio. Su diseño equilibrado y su estructura robusta garantizan estabilidad y durabilidad, mientras que sus cojines amplios aportan confort y estilo.",120,66.0,78.0,https://hevea.es/mpcrm/imgs/uploads/odin%202%20plazas.jpg,Hevea
557-011092,ODIN-3 SOFA 3 PLAZAS/SOFA/CANAPÉ,"520,00 €","780,99 €","260,99 €","50,19%",0.0,,945 €,El sofá ODIN de 3 plazas aporta amplitud y presencia en cualquier terraza. Su asiento profundo y diseño moderno lo convierten en el protagonista ideal para crear un salón exterior cómodo y sofisticado.,175,66.0,78.0,https://hevea.es/mpcrm/imgs/uploads/odin%203%20plazas.jpg,Hevea
557-011075,SAIPROS-90 MESA CENTRO 90/COFFEE TABLE/TABLE CENTRE,"154,00 €","231,40 €","77,40 €","50,26%",0.0,,280 €,"La mesa de centro SAIPROS-90 destaca por su formato compacto y funcional. Resistente y preparada para exterior, es ideal para completar conjuntos modernos aportando superficie de apoyo práctica y elegante.",90,50.0,41.0,https://hevea.es/mpcrm/imgs/uploads/mesa%20saipros%2090.jpg,Hevea
557-011076,SAIPROS-120 MESA CENTRO 120/COFFEE TABLE/TABLE CENTRE,"215,00 €","322,31 €","107,31 €","49,91%",50.0,,390 €,La mesa SAIPROS-120 ofrece una superficie amplia perfecta para conjuntos de mayor tamaño. Su diseño limpio y estructura sólida garantizan resistencia y armonía estética en terrazas contemporáneas.,120,60.0,41.0,https://hevea.es/mpcrm/imgs/uploads/mesa%20120%20odin.jpg,Hevea
557-011094,ODIN-7 SET SOFÁ 2 PLAZAS / 2 SEATER SOFA SET / SET CANAPÉ 2 PLACES,"1.018,00 €","1.528,93 €","510,93 €","50,19%",0.0,,1.850 €,"El Set ODIN 7 incluye sofá de 2 plazas, sillones y mesa de centro, creando un conjunto completo y equilibrado. Diseñado para aportar comodidad y estilo en exterior, es ideal para terrazas acogedoras y modernas.",,,,https://hevea.es/mpcrm/imgs/uploads/odin%207.png,Hevea
557-011095,ODIN-8 SET SOFÁ 3 PLAZAS / 3 SEATER SOFA SET / SET CANAPÉ 3 PLACES,"1.202,00 €","1.805,79 €","603,79 €","50,23%",0.0,,2.185 €,"El Set ODIN 8 ofrece una composición amplia con sofá de 3 plazas, sillones y mesa de centro. Su diseño contemporáneo y asientos cómodos lo convierten en una solución perfecta para crear un salón exterior elegante.",,,,https://hevea.es/mpcrm/imgs/uploads/set%20odin%208.png,Hevea
557-010726,ALBANIA-1 SILLON/ARMCHAIR/FAUTEUIL,"273,00 €","409,09 €","136,09 €","49,85%",50.0,,495 €,"El sillón ALBANIA-1 destaca por su diseño actual y líneas definidas. Fabricado para uso exterior, combina resistencia estructural y comodidad en una pieza versátil ideal para terrazas modernas.",76,70.0,100.0,https://hevea.es/mpcrm/imgs/uploads/sillon%20albania.jpg,Hevea
557-010727,ALBANIA-2 SOFA 2 PLAZAS/SOFA/CANAPÉ,"432,00 €","648,76 €","216,76 €","50,18%",50.0,,785 €,El sofá ALBANIA de 2 plazas ofrece confort y estilo en un formato compacto. Su estructura sólida y cojines confortables garantizan una experiencia agradable al aire libre.,145,70.0,100.0,https://hevea.es/mpcrm/imgs/uploads/albania%20%20(2).jpg,Hevea
557-010728,ALBANIA-3 SOFA 3 PLAZAS/SOFA/CANAPÉ,"548,00 €","822,31 €","274,31 €","50,06%",0.0,,995 €,"El sofá ALBANIA de 3 plazas aporta amplitud y elegancia al espacio exterior. Con asiento profundo y diseño equilibrado, es ideal para crear ambientes acogedores y sofisticados.",212,70.0,100.0,https://hevea.es/mpcrm/imgs/uploads/albania%20%20(1).jpg,Hevea
557-010729,ALBANIA-7 SET SOFÁ 2 PLAZAS / 2 SEATER SOFA SET / SET CANAPÉ 2 PLACES,"1.279,00 €","1.921,49 €","642,49 €","50,23%",0.0,,2.325 €,"El Set ALBANIA 7 incluye sofá de 2 plazas, sillones y mesa de centro, formando un conjunto armonioso y funcional. Ideal para crear terrazas elegantes con un equilibrio perfecto entre diseño y comodidad.",,,,https://hevea.es/mpcrm/imgs/uploads/1739535555_ALBANIA_09.jpg,Hevea
557-010730,ALBANIA-8 SET SOFÁ 3 PLAZAS / 3 SEATER SOFA SET / SET CANAPÉ 3 PLACES,"1.428,00 €","2.144,63 €","716,63 €","50,18%",0.0,,2.595 €,"El Set ALBANIA 8 ofrece un salón exterior amplio y sofisticado con sofá de 3 plazas, sillones y mesa de centro. Diseñado para disfrutar del aire libre con máximo confort.",,,,https://hevea.es/mpcrm/imgs/uploads/1739535555_ALBANIA-10.jpg,Hevea
557-0185,STANDARD 55-XL STANDARD XL REPOSAPIES,"163,00 €","243,80 €","80,80 €","49,57%",0.0,,295 €,"El reposapiés STANDARD-XL añade un extra de confort al conjunto, permitiendo extender la zona de descanso o utilizarlo como asiento auxiliar. Su diseño mantiene la coherencia estética del espacio exterior.",85,50.0,43.0,https://hevea.es/mpcrm/imgs/uploads/sillon%20albania.jpg,Hevea
557-010478,BOLONIA XL-1 SILLÓN/ARMCHAIR/CANAPÉ,"462,00 €","694,21 €","232,21 €","50,26%",50.0,,840 €,"El sillón BOLONIA XL-1 destaca por su formato generoso y diseño moderno. Pensado para exterior, combina resistencia y comodidad en una pieza elegante y versátil.",80,84.0,104.0,https://hevea.es/mpcrm/imgs/uploads/bolonia%20xl%20(3).jpg,Hevea
557-010479,BOLONIA XL-2 SOFA 2 PLAZAS/SOFA/CANAPÉ,"718,00 €","1.078,51 €","360,51 €","50,21%",0.0,,1.305 €,El sofá BOLONIA XL de 2 plazas ofrece una sentada amplia y confortable con un diseño contemporáneo. Ideal para terrazas que buscan equilibrio entre estilo y funcionalidad.,164,84.0,104.0,https://hevea.es/mpcrm/imgs/uploads/bolonia%20xl.jpg,Hevea
557-010480,BOLONIA XL-3 SOFA 3 PLAZAS/SOFA/CANAPÉ,"957,00 €","1.438,02 €","481,02 €","50,26%",0.0,,1.740 €,El sofá BOLONIA XL de 3 plazas aporta amplitud y presencia al espacio exterior. Sus cojines confortables y estructura sólida garantizan una experiencia de descanso superior.,215,84.0,104.0,https://hevea.es/mpcrm/imgs/uploads/bolonia%20xl%20(2).jpg,Hevea
557-0008,BOLONIA-4 MESA CENTRO-125X65X42,"259,00 €","388,43 €","129,43 €","49,97%",50.0,,470 €,La mesa de centro BOLONIA 125x65x42 combina diseño moderno y funcionalidad. Su tamaño amplio la convierte en el complemento ideal para conjuntos de gran formato.,125,65.0,42.0,https://hevea.es/mpcrm/imgs/uploads/mesa%20bolonia%20centro.png,Hevea
557-010482,STANDARD-XL REPOSAPIES/FOOTSTOOL/REPOSE-PIEDS,"187,00 €","280,99 €","93,99 €","50,26%",50.0,,340 €,El reposapiés STANDARD-XL complementa el conjunto aportando mayor comodidad y versatilidad. Puede utilizarse como extensión del asiento o como apoyo auxiliar manteniendo la estética del conjunto.,85,50.0,43.0,https://hevea.es/mpcrm/imgs/uploads/bolonia%20xl%20(3).jpg,Hevea
557-0793,BOLONIA XL-7 SET SOFA 2 PLAZAS/SOFA/CANAPÉ,"1.898,00 €","2.851,24 €","953,24 €","50,22%",0.0,,3.450 €,"El Set BOLONIA XL 7 incluye sofá de 2 plazas, sillones y mesa de centro, creando un espacio exterior amplio y elegante. Perfecto para terrazas modernas que buscan confort y diseño.",,,,https://hevea.es/mpcrm/imgs/uploads/bolonia%20xl%20%20(2).png,Hevea
557-010483,BOLONIA XL-8 SET SOFA 3 PLAZAS/SOFA/CANAPÉ,"2.140,00 €","3.214,88 €","1.074,88 €","50,23%",0.0,,3.890 €,"El Set BOLONIA XL 8 ofrece una composición completa con sofá de 3 plazas, sillones y mesa de centro. Diseñado para aportar amplitud, resistencia y sofisticación en jardines y terrazas.",,,,https://hevea.es/mpcrm/imgs/uploads/bolonia%20xl%20%20(1).png,Hevea
558-0051,DIVA-1 BICOLOR SILLON/ARMCHAIR/FAUTEUIL,"429,00 €","644,63 €","215,63 €","50,26%",50.0,,780 €,"El sillón DIVA-1 Bicolor destaca por su diseño contemporáneo con acabado en doble tonalidad que aporta personalidad y sofisticación al espacio exterior. Su estructura resistente y cojines confortables ofrecen estabilidad y una experiencia de descanso cómoda, ideal para terrazas modernas.",73,70.0,76.0,https://hevea.es/mpcrm/imgs/uploads/sillon%20bicolor%20diva.jpg,Hevea
558-0070,DIVA-2 BICOLOR SOFA 2 PLAZAS/SOFA/CANAPÉ,"619,00 €","929,75 €","310,75 €","50,20%",0.0,,1.125 €,"El sofá DIVA Bicolor de 2 plazas combina elegancia y contraste cromático en una pieza moderna y equilibrada. Perfecto para terrazas de tamaño medio, ofrece comodidad gracias a sus cojines amplios y estructura sólida preparada para exterior.",140,70.0,76.0,https://hevea.es/mpcrm/imgs/uploads/sofa%20diva%20bicolor.jpg,Hevea
558-0052,DIVA-3 BICOLOR SOFA 3 PLAZAS/SOFA/CANAPÉ,"765,00 €","1.148,76 €","383,76 €","50,16%",0.0,,1.390 €,"El sofá DIVA Bicolor de 3 plazas aporta amplitud y estilo al salón exterior. Su diseño en doble color crea un efecto visual sofisticado, mientras que su asiento profundo y confortable invita al relax y a largas reuniones al aire libre.",200,70.0,76.0,https://hevea.es/mpcrm/imgs/uploads/sofa%20diva%203%20plazas.jpg,Hevea
558-0033,BICOLOR MESA CENTRO 120/COFFEE TABLE/TABLE CENTRE HPL,"325,00 €","487,60 €","162,60 €","50,03%",50.0,,590 €,"La mesa de centro Bicolor 120 con tablero HPL combina resistencia y diseño moderno. Su superficie amplia y duradera está preparada para uso exterior, ofreciendo funcionalidad y un acabado elegante que complementa el conjunto DIVA.",120,60.0,40.0,https://hevea.es/mpcrm/imgs/uploads/mesa%20de%20centro%20diva%20120.png,Hevea
558-0039,BICOLOR MESA CENTRO 135/COFFEE TABLE/TABLE CENTRE HPL,"380,00 €","570,25 €","190,25 €","50,07%",50.0,,690 €,"La mesa de centro Bicolor 135 HPL destaca por su mayor superficie y presencia visual. Ideal para conjuntos amplios, aporta estabilidad, resistencia y un diseño actual perfecto para terrazas sofisticadas.",135,60.0,40.0,https://hevea.es/mpcrm/imgs/uploads/mesa%20de%20centro%20diva%20135.jpg,Hevea
558-0049,BICOLOR STANDARD-55 REPOSAPIES/FOOTSTOOL/REPOSE-PIEDS,"231,00 €","347,11 €","116,11 €","50,26%",50.0,,420 €,El reposapiés Bicolor STANDARD-55 complementa el conjunto aportando mayor comodidad y versatilidad. Puede utilizarse como extensión del asiento o como apoyo auxiliar manteniendo la coherencia estética del diseño bicolor.,70,45.0,44.0,https://hevea.es/mpcrm/imgs/uploads/sillon%20bicolor%20diva.jpg,Hevea
558-0066,DIVA-7 BICOLOR SET SOFA 2 PLAZAS/SOFA/CANAPÉ,"1.802,00 €","2.706,61 €","904,61 €","50,20%",0.0,,3.275 €,"El Set DIVA 7 Bicolor incluye sofá de 2 plazas, sillones y mesa de centro, formando una composición moderna y equilibrada. Su diseño en doble tonalidad aporta personalidad mientras garantiza confort y resistencia en exterior.",,,,https://hevea.es/mpcrm/imgs/uploads/1739540503_DIVA-7.jpg,Hevea
558-0050,DIVA-8 BICOLOR SET SOFA 3 PLAZAS/SOFA/CANAPÉ,"2.002,00 €","3.008,26 €","1.006,26 €","50,26%",0.0,,3.640 €,"El Set DIVA 8 Bicolor ofrece una solución completa con sofá de 3 plazas, sillones y mesa de centro. Amplio, elegante y confortable, transforma cualquier terraza en un espacio exterior sofisticado.",,,,https://hevea.es/mpcrm/imgs/uploads/1739540503_DIVA_N24.jpg,Hevea
557-010716,LEISA-1 SILLON/ARMCHAIR/FAUTEUIL,"292,00 €","438,02 €","146,02 €","50,01%",50.0,,530 €,El sillón LEISA-1 combina líneas modernas y confort en una pieza ligera y versátil. Su estructura resistente y asiento cómodo lo convierten en una opción ideal para crear rincones acogedores en exteriores actuales.,76,80.0,85.0,https://hevea.es/mpcrm/imgs/uploads/leisa%20sillon.jpg,Hevea
557-010717,LEISA-2 SOFA 2 PLAZAS/SOFA/CANAPÉ,"413,00 €","619,83 €","206,83 €","50,08%",50.0,,750 €,"El sofá LEISA de 2 plazas ofrece equilibrio entre diseño y funcionalidad. Perfecto para terrazas de tamaño medio, proporciona comodidad y una estética contemporánea preparada para el uso exterior.",137,80.0,85.0,https://hevea.es/mpcrm/imgs/uploads/leisa%202%20plazas.jpg,Hevea
557-010718,LEISA-3 SOFA 3 PLAZAS/SOFA/CANAPÉ,"534,00 €","801,65 €","267,65 €","50,12%",0.0,,970 €,El sofá LEISA de 3 plazas aporta amplitud y elegancia al espacio exterior. Sus cojines confortables y su estructura sólida garantizan una experiencia de descanso cómoda y duradera.,196,80.0,85.0,https://hevea.es/mpcrm/imgs/uploads/leisa%20sofa%203%20plazas.jpg,Hevea
557-010719,LEISA-7 SET SOFA 2 PLAZAS/SOFA/CANAPÉ,"1.153,00 €","1.731,40 €","578,40 €","50,17%",0.0,,2.095 €,"El Set LEISA 7 incluye sofá de 2 plazas, sillones y mesa de centro en una composición armoniosa y moderna. Ideal para crear terrazas acogedoras con diseño contemporáneo.",,,,https://hevea.es/mpcrm/imgs/uploads/1739541782_leisa%207.jpg,Hevea
557-010720,LEISA-8 SET SOFA 3 PLAZAS/SOFA/CANAPÉ,"1.318,00 €","1.979,34 €","661,34 €","50,18%",0.0,,2.395 €,"El Set LEISA 8 ofrece un conjunto amplio con sofá de 3 plazas, sillones y mesa de centro. Diseñado para aportar confort, resistencia y estilo en jardines y terrazas actuales.",,,,https://hevea.es/mpcrm/imgs/uploads/1739541782_LEISA_8.jpg,Hevea
557-010103,DOUNVIL-1 SILLON,"264,00 €","396,69 €","132,69 €","50,26%",50.0,,480 €,"El sillón DOUNVIL-1 destaca por su diseño actual y confortable, ideal para espacios exteriores modernos. Su estructura resistente y asiento acogedor proporcionan estabilidad y comodidad.",70,80.0,85.0,https://hevea.es/mpcrm/imgs/uploads/dounvil%20sillon.jpg,Hevea
557-010104,DOUNVIL-2 SOFA 2 PLAZAS,"413,00 €","619,83 €","206,83 €","50,08%",50.0,,750 €,El sofá DOUNVIL de 2 plazas ofrece una solución compacta y elegante para terrazas de tamaño medio. Sus líneas limpias y cojines cómodos lo convierten en una opción funcional y atractiva.,150,80.0,85.0,https://hevea.es/mpcrm/imgs/uploads/dounvil%202%20plazas.jpg,Hevea
557-010105,DOUNVIL-3 SOFA 3 PLAZAS,"534,00 €","801,65 €","267,65 €","50,12%",0.0,,970 €,El sofá DOUNVIL de 3 plazas aporta amplitud y presencia en el salón exterior. Su diseño equilibrado y confortable crea un ambiente relajado perfecto para compartir momentos al aire libre.,190,80.0,85.0,https://hevea.es/mpcrm/imgs/uploads/dounvil%203%20plazas.jpg,Hevea
557-010106,DOUNVIL-7 SET SOFA 2 PLAZAS,"1.092,00 €","1.640,50 €","548,50 €","50,23%",0.0,,1.985 €,"El Set DOUNVIL 7 incluye sofá de 2 plazas, sillones y mesa de centro en una composición equilibrada y moderna. Diseñado para aportar confort y resistencia en exteriores, es ideal para crear terrazas acogedoras con un estilo contemporáneo.",,,,https://hevea.es/mpcrm/imgs/uploads/1739543239_dounvil%207.jpg,Hevea
557-010107,DOUNVIL-8 SET SOFA 3 PLAZAS,"1.263,00 €","1.896,69 €","633,69 €","50,17%",0.0,,2.295 €,"El Set DOUNVIL 8 ofrece una solución amplia y elegante con sofá de 3 plazas, sillones y mesa de centro. Perfecto para quienes buscan un salón exterior cómodo, funcional y con presencia.",,,,https://hevea.es/mpcrm/imgs/uploads/1739543239_dounvil%208.jpg,Hevea
557-1070,MESA CENTRO 90,"152,00 €","227,27 €","75,27 €","49,52%",0.0,,275 €,La mesa de centro 90 combina funcionalidad y diseño moderno en un formato compacto. Ideal para acompañar sofás y sillones de exterior aportando superficie práctica sin sobrecargar el espacio.,90,50.0,40.0,https://hevea.es/mpcrm/imgs/uploads/dounvil%202%20plazas.jpg,Hevea
557-1563,MESA CENTRO 120,"201,00 €","301,65 €","100,65 €","50,08%",50.0,,365 €,La mesa de centro 120 ofrece una superficie amplia y resistente para completar conjuntos de exterior. Su diseño sencillo y contemporáneo aporta equilibrio y funcionalidad al espacio.,120,60.0,40.0,https://hevea.es/mpcrm/imgs/uploads/dounvil%203%20plazas.jpg,Hevea
557-0794,HASTON-1 SILLÓN / ARMCHAIR / FAUTEUIL,"253,00 €","380,17 €","127,17 €","50,26%",50.0,,460 €,"El sillón HASTON-1 destaca por su diseño actual y confortable, ideal para crear rincones relajados en terrazas y jardines. Su estructura resistente y cojines acogedores garantizan estabilidad y comodidad en exterior.",68,62.0,115.0,https://hevea.es/mpcrm/imgs/uploads/reposapies%20haston.jpg,Hevea
557-0795,HASTON-2 SOFÁ 2 PLAZAS / 2 SEATER SOFA / CANAPÉ 2 PLACES,"413,00 €","619,83 €","206,83 €","50,08%",50.0,,750 €,"El sofá HASTON de 2 plazas combina líneas modernas y confort en un formato compacto. Ideal para espacios exteriores de tamaño medio, ofrece una sentada cómoda y duradera.",128,62.0,115.0,https://hevea.es/mpcrm/imgs/uploads/sofa%20dos%20plazas%20haston.jpg,Hevea
557-0796,HASTON-3 SOFÁ 3 PLAZAS / 3 SEATER SOFA / CANAPÉ 3 PLACES,"545,00 €","818,18 €","273,18 €","50,13%",0.0,,990 €,El sofá HASTON de 3 plazas aporta amplitud y elegancia al salón exterior. Sus cojines generosos y diseño equilibrado invitan a disfrutar de largas reuniones al aire libre.,188,62.0,115.0,https://hevea.es/mpcrm/imgs/uploads/haston%203%20plazas.jpg,Hevea
557-0798,HASTON-7 SET SOFÁ 2 PLAZAS / 2 SEATER SOFA SET / SET CANAPÉ 2 PLACES,"1.070,00 €","1.607,44 €","537,44 €","50,23%",0.0,,1.945 €,"El Set HASTON 7 incluye sofá de 2 plazas, sillones y mesa de centro, formando un conjunto moderno y funcional. Perfecto para crear un ambiente exterior acogedor y armonioso.",,,,https://hevea.es/mpcrm/imgs/uploads/1739543115_haston%207.jpg,Hevea
557-0799,HASTON-8 SET SOFÁ 3 PLAZAS / 3 SEATER SOFA SET / SET CANAPÉ 3 PLACES,"1.252,00 €","1.880,17 €","628,17 €","50,17%",0.0,,2.275 €,"El Set HASTON 8 ofrece una composición amplia con sofá de 3 plazas, sillones y mesa de centro. Diseñado para aportar confort, resistencia y estilo en terrazas actuales.",,,,https://hevea.es/mpcrm/imgs/uploads/1739543115_haston%208.jpg,Hevea
557-010146,ACAPULCO-1 SILLÓN / ARMCHAIR / FAUTEUIL,"267,00 €","400,83 €","133,83 €","50,12%",50.0,,485 €,El sillón ACAPULCO-1 combina diseño contemporáneo y comodidad en una pieza versátil para exteriores. Ideal como asiento independiente o complemento dentro de un conjunto moderno.,64,66.0,70.0,https://hevea.es/mpcrm/imgs/uploads/Dise%C3%B1o%20sin%20t%C3%ADtulo%20(82).jpg,Hevea
557-010148,ACAPULCO-2 SOFÁ 2 PLAZAS / 2 SEATER SOFA / CANAPÉ 2 PLACES,"383,00 €","574,38 €","191,38 €","49,97%",50.0,,695 €,"El sofá ACAPULCO de 2 plazas aporta equilibrio entre diseño y funcionalidad. Compacto y elegante, es perfecto para terrazas que buscan confort sin renunciar al estilo.",131,66.0,70.0,https://hevea.es/mpcrm/imgs/uploads/sofa%20acapulco%20(2).jpg,Hevea
557-010147,ACAPULCO-3 SOFÁ 3 PLAZAS / 3 SEATER SOFA / CANAPÉ 3 PLACES,"523,00 €","785,12 €","262,12 €","50,12%",0.0,,950 €,El sofá ACAPULCO de 3 plazas ofrece amplitud y presencia visual en el espacio exterior. Su diseño moderno y asiento confortable lo convierten en el centro del conjunto.,185,66.0,70.0,https://hevea.es/mpcrm/imgs/uploads/sofa%20acapulco%20(1).jpg,Hevea
557-010153,MESA CENTRO 90 HPL UNIVERSAL / 90 HPL COFFEE TABLE / TABLE BASSE 90 HPL,"152,00 €","227,27 €","75,27 €","49,52%",0.0,,275 €,La mesa de centro 90 HPL combina resistencia y diseño minimalista. Su tablero HPL está preparado para soportar las condiciones exteriores manteniendo una estética impecable.,90,50.0,40.0,https://hevea.es/mpcrm/imgs/uploads/mesa%20acapulco%20estandar%20(2).jpg,Hevea
557-010154,MESA CENTRO 120 HPL UNIVERSAL / 120 HPL COFFEE TABLE / TABLE BASSE 120 HPL,"201,00 €","301,65 €","100,65 €","50,08%",50.0,,365 €,La mesa de centro 120 HPL ofrece una superficie amplia y duradera ideal para conjuntos exteriores. Su diseño limpio y materiales resistentes garantizan funcionalidad y estilo.,120,60.0,40.0,https://hevea.es/mpcrm/imgs/uploads/mesa%20acapulco%20estandar%20(1).jpg,Hevea
557-010149,ACAPULCO-7 SET SOFÁ 2 PLAZAS / 2 SEATER SOFA SET / SET CANAPÉ 2 PLACES,"1.067,00 €","1.603,31 €","536,31 €","50,26%",0.0,,1.940 €,"El Set ACAPULCO 7 incluye sofá de 2 plazas, sillones y mesa de centro en una composición equilibrada y moderna. Perfecto para crear terrazas acogedoras y funcionales.",,,,https://hevea.es/mpcrm/imgs/uploads/1739543673_ACAPULCO%207.jpg,Hevea
557-010147,ACAPULCO-8 SET SOFÁ 3 PLAZAS / 3 SEATER SOFA SET / SET CANAPÉ 3 PLACES,"1.257,00 €","1.888,43 €","631,43 €","50,23%",0.0,,2.285 €,"El Set ACAPULCO 8 ofrece un conjunto amplio con sofá de 3 plazas, sillones y mesa de centro. Diseñado para disfrutar del exterior con comodidad y estilo.",,,,https://hevea.es/mpcrm/imgs/uploads/1739543673_ACAPULCO%208.jpg,Hevea
557-0919,PÉRGOLA VENECIA / VENECIA PERGOLA / PERGOLA VENECIA,"930,00 €","1.396,69 €","466,69 €","50,18%",0.0,,1.690 €,"La Pérgola VENECIA crea un espacio protegido y elegante en jardines y terrazas. Su estructura robusta y diseño moderno aportan sombra, confort y sofisticación al ambiente exterior.",300,300.0,250.0,https://hevea.es/mpcrm/imgs/uploads/1739809400_P%C3%89RGOLA%20VENECIA%20-4X3%20BLANCO.jpg,Hevea
557-01951,MANHATAN-1 SILLÓN / ARMCHAIR / FAUTEUIL,"212,00 €","318,18 €","106,18 €","50,09%",50.0,,385 €,"El sillón MANHATAN-1 destaca por su diseño urbano y contemporáneo. Ideal para terrazas modernas, combina comodidad y resistencia en una pieza elegante.",66,66.0,70.0,https://hevea.es/mpcrm/imgs/uploads/manhatan%20(3).jpg,Hevea
557-01952,MANHATAN-2 SOFÁ 2 PLAZAS / 2 SEATER SOFA / CANAPÉ 2 PLACES,"325,00 €","487,60 €","162,60 €","50,03%",50.0,,590 €,"El sofá MANHATAN de 2 plazas ofrece equilibrio entre estilo y funcionalidad. Compacto y confortable, es perfecto para crear espacios exteriores actuales.",133,66.0,70.0,https://hevea.es/mpcrm/imgs/uploads/manhatan%20(1).jpg,Hevea
557-01953,MANHATAN-3 SOFÁ 3 PLAZAS / 3 SEATER SOFA / CANAPÉ 3 PLACES,"468,00 €","702,48 €","234,48 €","50,10%",50.0,,850 €,El sofá MANHATAN de 3 plazas aporta amplitud y carácter al salón exterior. Su diseño moderno y cojines confortables invitan al descanso y la convivencia.,187,66.0,70.0,https://hevea.es/mpcrm/imgs/uploads/manhatan%20(2).jpg,Hevea
557-01954,MANHATAN-7 SET SOFÁ 2 PLAZAS / 2 SEATER SOFA SET / SET CANAPÉ 2 PLACES,"905,00 €","1.359,50 €","454,50 €","50,22%",0.0,,1.645 €,"El Set MANHATAN 7 incluye sofá de 2 plazas, sillones y mesa de centro, formando un conjunto equilibrado ideal para terrazas contemporáneas.",,,,https://hevea.es/mpcrm/imgs/uploads/1739544586_MANHATAN-07.jpg,Hevea
557-01955,MANHATAN-8 SET SOFÁ 3 PLAZAS / 3 SEATER SOFA SET / SET CANAPÉ 3 PLACES,"1.092,00 €","1.640,50 €","548,50 €","50,23%",0.0,,1.985 €,"El Set MANHATAN 8 ofrece una solución amplia con sofá de 3 plazas, sillones y mesa de centro. Diseñado para aportar estilo urbano y confort en exterior.",,,,https://hevea.es/mpcrm/imgs/uploads/1739544586_MANHATAN_8.jpg,Hevea
557-010705,LOIRA-7 HPL SET SOFA RINCONERA / CORNER SET / SET CANAPÉ D’ANGLE,"1.318,00 €","1.979,34 €","661,34 €","50,18%",0.0,,2.395 €,"El Set LOIRA-7 HPL es una rinconera moderna con tablero HPL resistente. Perfecta para optimizar el espacio exterior y crear un ambiente amplio, cómodo y sofisticado.",,,,https://hevea.es/mpcrm/imgs/uploads/1739795165_loira%20rinconera%207.jpg,Hevea
557-010026,LOIRA-8 HPL SET SOFÁ RINCONERA / HPL CORNER SOFA SET / SET CANAPÉ D’ANGLE HPL,"1.725,00 €","2.590,91 €","865,91 €","50,20%",0.0,,3.135 €,El Set LOIRA-8 HPL ofrece una composición de esquina amplia y elegante. Su diseño contemporáneo y materiales resistentes garantizan durabilidad y confort en exteriores.,,,,https://hevea.es/mpcrm/imgs/uploads/1739795165_rinconera%20loira%208.jpg,Hevea
557-010123,LOIRA-30 HPL SET SOFÁ RINCONERA / HPL CORNER SOFA SET / SET CANAPÉ D’ANGLE HPL,"1.920,00 €","2.884,30 €","964,30 €","50,22%",0.0,,3.490 €,"El Set LOIRA-30 HPL destaca por su gran formato y estilo moderno. Ideal para terrazas espaciosas, combina amplitud, funcionalidad y resistencia.",,,,https://hevea.es/mpcrm/imgs/uploads/1739805444_loira%2030.jpg,Hevea
557-1164,ADEL-7 SET SOFÁ RINCONERA / CORNER SOFA SET / SET CANAPÉ D’ANGLE,"1.172,00 €","1.760,33 €","588,33 €","50,20%",0.0,,2.130 €,El Set ADEL-7 es una rinconera diseñada para crear un salón exterior amplio y acogedor. Su estructura resistente y diseño contemporáneo ofrecen comodidad y elegancia en jardines y terrazas.,,,,https://hevea.es/mpcrm/imgs/uploads/1739805512_adel%207.jpg,Hevea
557-010048,ADEL-30 SET SOFÁ RINCONERA / CORNER SOFA SET / SET CANAPÉ D’ANGLE,"1.736,00 €","2.607,44 €","871,44 €","50,20%",0.0,,3.155 €,"El Set ADEL-30 es una rinconera de gran formato diseñada para crear un auténtico salón exterior amplio y sofisticado. Su distribución en esquina optimiza el espacio y favorece la conversación, convirtiéndose en el punto central de terrazas y jardines. Su estructura resistente y cojines confortables garantizan durabilidad y una experiencia de descanso superior al aire libre.",,,,https://hevea.es/mpcrm/imgs/uploads/1739806050_adel%2030.jpg,Hevea
557-010177,CORCEGA-135x90 HPL MESA COMEDOR / HPL DINING TABLE 135x90 / TABLE À MANGER HPL 135x90,"300,00 €","450,41 €","150,41 €","50,14%",50.0,,545 €,"La mesa comedor CÓRCEGA 135x90 HPL combina diseño moderno y alta resistencia para exteriores. Su tablero HPL ofrece gran durabilidad frente a la intemperie y fácil mantenimiento, mientras que su formato rectangular es ideal para reuniones cómodas en terrazas y jardines.",135,90.0,90.0,https://hevea.es/mpcrm/imgs/uploads/mesa%20corcega.png,Hevea
123-0017,CORCEGA-160x90 HPL MESA COMEDOR / HPL DINING TABLE 160x90 / TABLE À MANGER HPL 160x90,"328,00 €","491,74 €","163,74 €","49,92%",50.0,,595 €,"La mesa CÓRCEGA 160x90 HPL amplía el espacio de comedor exterior con una superficie generosa y resistente. Su tablero HPL garantiza durabilidad y estabilidad, perfecta para disfrutar de comidas al aire libre con familia y amigos.",160,90.0,90.0,https://hevea.es/mpcrm/imgs/uploads/corcega%20set.jpeg,Hevea
123-0002,SILLA JANEIRO 3 / JANEIRO CHAIR 3 / CHAISE JANEIRO 3,"91,00 €","136,36 €","45,36 €","49,85%",0.0,,165 €,"La silla JANEIRO 3 destaca por su diseño contemporáneo y estructura resistente para uso exterior. Cómoda y estilizada, es ideal para completar conjuntos de comedor aportando equilibrio entre funcionalidad y estética moderna.",55,50.0,107.0,https://hevea.es/mpcrm/imgs/uploads/1740126347_sillon-janeiro-3-antracita-ALTA.png,Hevea
123-0001,SILLA CÓRCEGA 3 / CORCEGA CHAIR 3 / CHAISE CORSE 3,"80,00 €","119,83 €","39,83 €","49,79%",0.0,,145 €,"La silla CÓRCEGA 3 combina líneas limpias y resistencia estructural. Diseñada para exteriores, ofrece una sentada cómoda y estable, perfecta para acompañar mesas de comedor en terrazas actuales.",55,50.0,90.0,https://hevea.es/mpcrm/imgs/uploads/1740126338_sillon-corcega-3-antracita_ALTA_SF.png,Hevea
123-0013,MESA HPL MUNDRA Ø100 x 76H / HPL MUNDRA TABLE Ø100 x 76H / TABLE HPL MUNDRA Ø100 x 76H,"264,00 €","396,69 €","132,69 €","50,26%",50.0,,480 €,"La mesa MUNDRA Ø100 HPL aporta un diseño redondo y acogedor al comedor exterior. Su tablero HPL resistente y su estructura sólida garantizan durabilidad, siendo ideal para espacios más compactos sin renunciar al estilo.",100,90.0,76.0,https://hevea.es/mpcrm/imgs/uploads/1739982011_mundra%20100.jpg,Hevea
557-011019,HPL MUNDRA 150 MESA / HPL MUNDRA 150 TABLE / TABLE HPL MUNDRA 150,"303,00 €","454,55 €","151,55 €","50,02%",50.0,,550 €,La mesa MUNDRA 150 HPL ofrece una superficie amplia y resistente para comedores exteriores. Su diseño moderno y materiales preparados para exterior la convierten en una opción práctica y elegante.,150,90.0,76.0,https://hevea.es/mpcrm/imgs/uploads/1739982968_mundra%20hpl%20150.jpg,Hevea
123-0011,SILLÓN AVALON-3 / AVALON-3 ARMCHAIR / FAUTEUIL AVALON-3,"53,00 €","78,51 €","25,51 €","48,14%",0.0,,95 €,El sillón AVALON-3 combina comodidad y diseño contemporáneo en una pieza versátil para exterior. Su estructura resistente y asiento confortable lo convierten en el complemento perfecto para zonas de comedor o relax.,58,57.0,100.0,https://hevea.es/mpcrm/imgs/uploads/sillon%20avalon.png,Hevea
123-0038,BRESCIA-12 TUMBONA / SUNBED / BAIN DE SOLEIL,"88,00 €","132,23 €","44,23 €","50,26%",0.0,,160 €,La tumbona BRESCIA-12 está diseñada para ofrecer máximo confort bajo el sol. Su estructura resistente y diseño ergonómico permiten disfrutar de largas jornadas de descanso en jardines y zonas de piscina.,53,136.0,105.0,https://hevea.es/mpcrm/imgs/uploads/tumbona%20brescia.jpg,Hevea
928-0016,PARASOL VIENA 300 / VIENNA PARASOL 300 / PARASOL VIENNE 300,"165,00 €","247,93 €","82,93 €","50,26%",0.0,,300 €,El parasol VIENA 300 proporciona amplia sombra y protección solar en terrazas y jardines. Su diseño elegante y estructura sólida lo convierten en un complemento funcional y decorativo.,300Ø,,,https://hevea.es/mpcrm/imgs/uploads/1739790589_VIENA%20300.jpg,Hevea
557-1682,PARASOL SAMSON Ø350 / SAMSON PARASOL / PARASOL SAMSON,"490,00 €","735,54 €","245,54 €","50,11%",50.0,,890 €,"El parasol SAMSON Ø350 ofrece gran cobertura gracias a su amplio diámetro. Ideal para proteger zonas de comedor o descanso, combina resistencia y diseño moderno.",350Ø,,,https://hevea.es/mpcrm/imgs/uploads/1739789862_samson%20350.jpg,Hevea
928-0010,PARASOL CARACAS 300 / CARACAS PARASOL 300 / PARASOL CARACAS 300,"75,00 €","111,57 €","36,57 €","48,76%",0.0,,135 €,"El parasol CARACAS 300 aporta color y funcionalidad al espacio exterior. Diseñado para proporcionar sombra efectiva, es perfecto para terrazas dinámicas y modernas.",300Ø,,,https://hevea.es/mpcrm/imgs/uploads/1739790899_CARACAS%20250%20-%20300%20NARANJA.jpg,Hevea
921-0026,BASE DE PARASOL 25KG,"36,00 €","53,72 €","17,72 €","49,22%",0.0,,65 €,"La base de parasol 25kg garantiza estabilidad y seguridad para sombrillas de exterior. Compacta y resistente, es el complemento esencial para asegurar el parasol en todo momento.",,,,https://hevea.es/mpcrm/imgs/uploads/1739791182_base%2025-40.png,Hevea
921-0009,JUEGO 4 LOSAS CEMENTO BASE PARASOL GRANITE,"99,00 €","148,76 €","49,76 €","50,26%",0.0,,180 €,"El juego de 4 losas de cemento GRANITE proporciona el peso necesario para bases de parasol de gran formato. Diseñadas para máxima estabilidad, aseguran firmeza incluso en condiciones exteriores exigentes.",,,,https://hevea.es/mpcrm/imgs/uploads/1739790529_granite%20SAMSON-02.jpg,Hevea
557-010143,BALANCÍN SIDNEY,"820,00 €","1.231,40 €","411,40 €","50,17%",0.0,,1.490 €,El balancín SIDNEY ofrece una experiencia de relax única en jardines y terrazas. Su diseño cómodo y estructura resistente lo convierten en el lugar perfecto para desconectar al aire libre.,148,194.0,207.0,https://hevea.es/mpcrm/imgs/uploads/1739806848_sidney.jpg,Hevea
557-010947,YULIEN BANCO CON MESA / YULIEN BENCH WITH TABLE / BANC YULIEN AVEC TABLE,"1.318,00 €","1.979,34 €","661,34 €","50,18%",0.0,,2.395 €,"El banco YULIEN con mesa integrada es una solución práctica y funcional para exteriores. Ideal para zonas de picnic o jardines familiares, combina comodidad y utilidad en una sola pieza.",220,150.0,75.0,https://hevea.es/mpcrm/imgs/uploads/yulien%20banco%20picnic.png,Hevea
557-010016,GULLIVER BANCO / GULLIVER BENCH / BANC GULLIVER,"193,00 €","289,26 €","96,26 €","49,87%",50.0,,350 €,"El banco GULLIVER destaca por su diseño sencillo y resistente. Perfecto para jardines y espacios públicos o privados, aporta funcionalidad y durabilidad.",150,49.0,90.0,https://hevea.es/mpcrm/imgs/uploads/1739809440_gullivert.png,Hevea
557-011350,SEVILLA BANCO / SEVILLA BENCH / BANC SEVILLA,"174,00 €","260,33 €","86,33 €","49,62%",50.0,,315 €,"El banco SEVILLA combina líneas clásicas y resistencia estructural. Ideal para crear zonas de descanso en exteriores, ofrece comodidad y estabilidad en cualquier entorno.",108,42.0,88.0,https://hevea.es/mpcrm/imgs/uploads/banco%20sevilla.png,Hevea
,,,,"360,10 €",,,,1.304 €,,,,,,Hevea
