SKU;Producto;Precio neto exworks sin iva;Precio Venta;Margen €;Margen%;Coste de Envio;;PVP Recomendado;Descripción;Ancho (cm);Fondo (cm);Alto (cm);Imagen;Proveedor;Match %;Color Match;Detalle Match
BALLIU_EVA_PRO_TUMBONA_CHASIS_BLANCO_TA_923110D9;Tumbona de exterior resina;112,55 €;230,73 €;64,10 €;56,95 %;;;230,73 €;"La Eva Pro es un icono de Balliu y mantiene la esencia de su predecesora Eva RG. Con una estructura de resina de polipropileno reforzada con carga mineral y un elegante acabado mate, ofrece resistencia y durabilidad.
Su diseño con patas en forma de V ofrece estabilidad. Cuenta con refuerzo interno, respaldo regulable en cinco posiciones y ruedas integradas. El tejido sustituible mediante cordón asegura una fácil renovación.
Resina Classic
Tejido Balliu";;;;;Balliu;79;Amarillo;Solo catalogo
BALLIU_EVA_PRO_TUMBONA_CHASIS_BLANCO_TE_B19AF1EA;Tumbona de exterior resina;117,05 €;239,95 €;66,66 €;56,95 %;;;239,95 €;"La Eva Pro es un icono de Balliu y mantiene la esencia de su predecesora Eva RG. Con una estructura de resina de polipropileno reforzada con carga mineral y un elegante acabado mate, ofrece resistencia y durabilidad.
Su diseño con patas en forma de V ofrece estabilidad. Cuenta con refuerzo interno, respaldo regulable en cinco posiciones y ruedas integradas. El tejido sustituible mediante cordón asegura una fácil renovación.
Resina Classic
Tejido Balliu";;;;;Balliu;79;Amarillo;Solo catalogo
BALLIU_EVA_PRO_TUMBONA_CHASIS_PRESTIGE__DDEEEF3F;Tumbona de exterior resina;124,07 €;254,34 €;70,66 €;56,95 %;;;254,34 €;"La Eva Pro es un icono de Balliu y mantiene la esencia de su predecesora Eva RG. Con una estructura de resina de polipropileno reforzada con carga mineral y un elegante acabado mate, ofrece resistencia y durabilidad.
Su diseño con patas en forma de V ofrece estabilidad. Cuenta con refuerzo interno, respaldo regulable en cinco posiciones y ruedas integradas. El tejido sustituible mediante cordón asegura una fácil renovación.
Resina Classic
Tejido Balliu";;;;;Balliu;79;Amarillo;Solo catalogo
BALLIU_CARMEN_TUMBONA_CHASIS_BLANCO_TA_ADD04DFC;Tumbona de exterior resina | 75 cm;107,10 €;219,56 €;60,99 €;56,95 %;;;219,56 €;"Una de las tumbonas más resistentes de Balliu, pero también una de las más estéticamente destacadas. Su estructura monobloque de resina de polipropileno reforzada con carga mineral asegura una gran resistencia, mientras que su diseño elegante se caracteriza por la combinación de líneas rectas y formas curvas, creando un contraste visual único.
Con respaldo regulable en cinco posiciones, reposabrazos y ruedas integradas en la estructura. El tejido sustituible por cordón añade versatilidad.
Resina Classic
Tejido Balliu
Dimensiones: Largo: 205 cm | Ancho: 75 cm | Alto: 37 cm | Peso: 14.6 kg";75;;37;https://www.balliuexport.com/wp-content/uploads/2020/01/carmen-tumbona-blanco-azul-800x614-1.jpg;Balliu;100;Verde;Catalogo + web
BALLIU_CARMEN_TUMBONA_CHASIS_PRESTIGE__3B908F70;Tumbona de exterior resina | 75 cm;112,55 €;230,73 €;64,10 €;56,95 %;;;230,73 €;"Una de las tumbonas más resistentes de Balliu, pero también una de las más estéticamente destacadas. Su estructura monobloque de resina de polipropileno reforzada con carga mineral asegura una gran resistencia, mientras que su diseño elegante se caracteriza por la combinación de líneas rectas y formas curvas, creando un contraste visual único.
Con respaldo regulable en cinco posiciones, reposabrazos y ruedas integradas en la estructura. El tejido sustituible por cordón añade versatilidad.
Resina Classic
Tejido Balliu
Dimensiones: Largo: 205 cm | Ancho: 75 cm | Alto: 37 cm | Peso: 14.6 kg";75;;37;https://www.balliuexport.com/wp-content/uploads/2020/01/carmen-tumbona-blanco-azul-800x614-1.jpg;Balliu;100;Verde;Catalogo + web
BALLIU_CARMEN_TUMBONA_CHASIS_BLANCO_TE_009E68E4;Tumbona de exterior resina | 75 cm;93,89 €;192,47 €;53,47 €;56,95 %;;;192,47 €;"Una de las tumbonas más resistentes de Balliu, pero también una de las más estéticamente destacadas. Su estructura monobloque de resina de polipropileno reforzada con carga mineral asegura una gran resistencia, mientras que su diseño elegante se caracteriza por la combinación de líneas rectas y formas curvas, creando un contraste visual único.
Con respaldo regulable en cinco posiciones, reposabrazos y ruedas integradas en la estructura. El tejido sustituible por cordón añade versatilidad.
Resina Classic
Tejido Balliu
Dimensiones: Largo: 205 cm | Ancho: 75 cm | Alto: 37 cm | Peso: 14.6 kg";75;;37;https://www.balliuexport.com/wp-content/uploads/2020/01/carmen-tumbona-blanco-azul-800x614-1.jpg;Balliu;100;Verde;Catalogo + web
BALLIU_CARMEN_TUMBONA_CHASIS_PRESTIGE__16A6D4DB;Tumbona de exterior resina | 75 cm;96,47 €;197,76 €;54,94 €;56,95 %;;;197,76 €;"Una de las tumbonas más resistentes de Balliu, pero también una de las más estéticamente destacadas. Su estructura monobloque de resina de polipropileno reforzada con carga mineral asegura una gran resistencia, mientras que su diseño elegante se caracteriza por la combinación de líneas rectas y formas curvas, creando un contraste visual único.
Con respaldo regulable en cinco posiciones, reposabrazos y ruedas integradas en la estructura. El tejido sustituible por cordón añade versatilidad.
Resina Classic
Tejido Balliu
Dimensiones: Largo: 205 cm | Ancho: 75 cm | Alto: 37 cm | Peso: 14.6 kg";75;;37;https://www.balliuexport.com/wp-content/uploads/2020/01/carmen-tumbona-blanco-azul-800x614-1.jpg;Balliu;100;Verde;Catalogo + web
BALLIU_LOLA_TUMBONA_CHASIS_BLANCO_TA_3D8CA52F;Tumbona de exterior resina | 75 cm;106,97 €;219,29 €;60,92 €;56,95 %;;;219,29 €;"La Lola es una tumbona que resalta por su robustez, resistencia y diseño elegante. Su estructura monobloque de resina de polipropileno reforzada con carga mineral garantiza una gran durabilidad y estabilidad, mientras que sus líneas rectas le otorgan un estilo moderno.
El respaldo es regulable en cinco posiciones, cuenta con ruedas integradas y el tejido es sustituible. Con un diseño que facilita el acceso, Lola ofrece una experiencia de descanso más relajante.
Resina Classic
Tejido Balliu
Dimensiones: Largo: 205 cm | Ancho: 75 cm | Alto: 95 cm | Peso: 14,4 kg";75;;95;https://www.balliuexport.com/wp-content/uploads/2020/01/lola-tumbona-blanco-azul-800x614-2.jpg;Balliu;100;Verde;Catalogo + web
BALLIU_LOLA_TUMBONA_CHASIS_PRESTIGE__9F313C12;Tumbona de exterior resina | 75 cm;108,81 €;223,06 €;61,97 €;56,95 %;;;223,06 €;"La Lola es una tumbona que resalta por su robustez, resistencia y diseño elegante. Su estructura monobloque de resina de polipropileno reforzada con carga mineral garantiza una gran durabilidad y estabilidad, mientras que sus líneas rectas le otorgan un estilo moderno.
El respaldo es regulable en cinco posiciones, cuenta con ruedas integradas y el tejido es sustituible. Con un diseño que facilita el acceso, Lola ofrece una experiencia de descanso más relajante.
Resina Classic
Tejido Balliu
Dimensiones: Largo: 205 cm | Ancho: 75 cm | Alto: 95 cm | Peso: 14,4 kg";75;;95;https://www.balliuexport.com/wp-content/uploads/2020/01/lola-tumbona-blanco-azul-800x614-2.jpg;Balliu;100;Verde;Catalogo + web
BALLIU_LOLA_TUMBONA_CHASIS_BLANCO_TE_ACA076AE;Tumbona de exterior resina | 75 cm;93,34 €;191,35 €;53,16 €;56,95 %;;;191,35 €;"La Lola es una tumbona que resalta por su robustez, resistencia y diseño elegante. Su estructura monobloque de resina de polipropileno reforzada con carga mineral garantiza una gran durabilidad y estabilidad, mientras que sus líneas rectas le otorgan un estilo moderno.
El respaldo es regulable en cinco posiciones, cuenta con ruedas integradas y el tejido es sustituible. Con un diseño que facilita el acceso, Lola ofrece una experiencia de descanso más relajante.
Resina Classic
Tejido Balliu
Dimensiones: Largo: 205 cm | Ancho: 75 cm | Alto: 95 cm | Peso: 14,4 kg";75;;95;https://www.balliuexport.com/wp-content/uploads/2020/01/lola-tumbona-blanco-azul-800x614-2.jpg;Balliu;100;Verde;Catalogo + web
BALLIU_LOLA_TUMBONA_CHASIS_PRESTIGE__B52B3A7F;Tumbona de exterior resina | 75 cm;96,20 €;197,21 €;54,79 €;56,95 %;;;197,21 €;"La Lola es una tumbona que resalta por su robustez, resistencia y diseño elegante. Su estructura monobloque de resina de polipropileno reforzada con carga mineral garantiza una gran durabilidad y estabilidad, mientras que sus líneas rectas le otorgan un estilo moderno.
El respaldo es regulable en cinco posiciones, cuenta con ruedas integradas y el tejido es sustituible. Con un diseño que facilita el acceso, Lola ofrece una experiencia de descanso más relajante.
Resina Classic
Tejido Balliu
Dimensiones: Largo: 205 cm | Ancho: 75 cm | Alto: 95 cm | Peso: 14,4 kg";75;;95;https://www.balliuexport.com/wp-content/uploads/2020/01/lola-tumbona-blanco-azul-800x614-2.jpg;Balliu;100;Verde;Catalogo + web
BALLIU_EVA_PRO_TUMBONA_CHASIS_BLANCO_TE_B19AF1EA;Tumbona de exterior resina | 73 cm;82,85 €;169,84 €;47,18 €;56,95 %;;;169,84 €;"La Eva Pro es un icono de Balliu y mantiene la esencia de su predecesora Eva RG. Con una estructura de resina de polipropileno reforzada con carga mineral y un elegante acabado mate, ofrece resistencia y durabilidad.
Su diseño con patas en forma de V ofrece estabilidad. Cuenta con refuerzo interno, respaldo regulable en cinco posiciones y ruedas integradas. El tejido sustituible mediante cordón asegura una fácil renovación.
Resina Classic
Tejido Balliu
Dimensiones: Largo: 205 cm | Ancho: 73 cm | Alto: 37 cm | Peso: 14 kg";73;;37;https://www.balliuexport.com/wp-content/uploads/2018/06/eva-pro-blanco-01-00-800x614-1.jpg;Balliu;70;Amarillo;Catalogo + web
BALLIU_EVA_PRO_TUMBONA_CHASIS_BLANCO_TA_32A6C0EA;Tumbona de exterior resina | 73 cm;89,39 €;183,25 €;50,91 €;56,95 %;;;183,25 €;"La Eva Pro es un icono de Balliu y mantiene la esencia de su predecesora Eva RG. Con una estructura de resina de polipropileno reforzada con carga mineral y un elegante acabado mate, ofrece resistencia y durabilidad.
Su diseño con patas en forma de V ofrece estabilidad. Cuenta con refuerzo interno, respaldo regulable en cinco posiciones y ruedas integradas. El tejido sustituible mediante cordón asegura una fácil renovación.
Resina Classic
Tejido Balliu
Dimensiones: Largo: 205 cm | Ancho: 73 cm | Alto: 37 cm | Peso: 14 kg";73;;37;https://www.balliuexport.com/wp-content/uploads/2018/06/eva-pro-blanco-01-00-800x614-1.jpg;Balliu;70;Amarillo;Catalogo + web
BALLIU_EVA_RG_TUMBONA_CHASIS_BLANCO_TE_D369D964;Tumbona de exterior resina | 73 cm;94,70 €;194,14 €;53,93 €;56,95 %;;;194,14 €;"La Eva RG combina robustez y funcionalidad. Su estructura de resina de polipropileno reforzada con carga mineral proporciona gran resistencia y durabilidad. El diseño nerviado incrementa la robustez estructural.
El respaldo regulable en cuatro posiciones se adapta a las necesidades de confort, y su sistema de ajuste por click evita el atrapamiento de manos y dedos. Además, el tejido sustituible por cordón garantiza facilidad de mantenimiento. Una opción ideal para quienes buscan confort y diseño con seguridad y resistencia.
Resina Classic
Tejido Balliu
Dimensiones: Largo: 205 cm | Ancho: 73 cm | Alto: 37 cm | Peso: 14 kg";73;;37;https://www.balliuexport.com/wp-content/uploads/2018/06/eva-pro-blanco-01-00-800x614-1.jpg;Balliu;70;Amarillo;Catalogo + web
BALLIU_EVA_RG_TUMBONA_CHASIS_ARENA_TEL_D8285FFB;Tumbona de exterior resina | 73 cm;98,52 €;201,97 €;56,11 €;56,95 %;;;201,97 €;"La Eva RG combina robustez y funcionalidad. Su estructura de resina de polipropileno reforzada con carga mineral proporciona gran resistencia y durabilidad. El diseño nerviado incrementa la robustez estructural.
El respaldo regulable en cuatro posiciones se adapta a las necesidades de confort, y su sistema de ajuste por click evita el atrapamiento de manos y dedos. Además, el tejido sustituible por cordón garantiza facilidad de mantenimiento. Una opción ideal para quienes buscan confort y diseño con seguridad y resistencia.
Resina Classic
Tejido Balliu
Dimensiones: Largo: 205 cm | Ancho: 73 cm | Alto: 37 cm | Peso: 14 kg";73;;37;https://www.balliuexport.com/wp-content/uploads/2018/06/eva-pro-blanco-01-00-800x614-1.jpg;Balliu;70;Amarillo;Catalogo + web
BALLIU_EVA_RTG_TUMBONA_CHASIS_BLANCO_TA_0648657B;Tumbona de exterior resina | 73 cm;97,43 €;199,73 €;55,49 €;56,95 %;;;199,73 €;"La Eva RTG es la tumbona perfecta para grandes espacios, combinando resistencia y funcionalidad. Su estructura de resina de polipropileno reforzada con carga mineral ofrece resistencia, mientras que el diseño nerviado aumenta su robustez.
El respaldo regulable en cuatro posiciones, con un sistema de ajuste por click, ayuda a evitar el atrapamiento de manos y dedos. Además, su sistema de listones modulares permite sustituir las lamas con facilidad. Perfecta también para usar con colchoneta.
Tablillas
Resina Classic
Resina Classic T
Dimensiones: Largo: 205 cm | Ancho: 73 cm | Alto: 37 cm | Peso: 14 kg";73;;37;https://www.balliuexport.com/wp-content/uploads/2018/06/eva-pro-blanco-01-00-800x614-1.jpg;Balliu;70;Amarillo;Catalogo + web
BALLIU_NOA_TUMBONA_CHASIS_BLANCO_TE_28FF014D;Tumbona de exterior resina;215,24 €;441,24 €;122,58 €;56,95 %;;;441,24 €;"Diseñada para los espacios más exclusivos, la tumbona Noa combina elegancia y funcionalidad. Su estructura de resina de polipropileno reforzada con ﬁbra de vidrio y acabado texturizado garantizan una alta resistencia.
Su refuerzo interno con soporte metálico, respaldo regulable en cinco posiciones, ruedas integradas y tejido sustituible por guías aseguran máxima comodidad y durabilidad.
Resina Classic
Tejido Balliu
Dimensiones: Largo: 191,2 cm | Peso: N/D kg";;;;https://www.balliuexport.com/wp-content/uploads/2026/02/Balliu_Noa_Blanco_marron2.jpg;Balliu;100;Verde;Catalogo + web
BALLIU_NOA_TUMBONA_CHASIS_PRESTIGE__E5BE2A33;Tumbona de exterior resina;225,25 €;461,76 €;128,28 €;56,95 %;;;461,76 €;"Diseñada para los espacios más exclusivos, la tumbona Noa combina elegancia y funcionalidad. Su estructura de resina de polipropileno reforzada con ﬁbra de vidrio y acabado texturizado garantizan una alta resistencia.
Su refuerzo interno con soporte metálico, respaldo regulable en cinco posiciones, ruedas integradas y tejido sustituible por guías aseguran máxima comodidad y durabilidad.
Resina Classic
Tejido Balliu
Dimensiones: Largo: 191,2 cm | Peso: N/D kg";;;;https://www.balliuexport.com/wp-content/uploads/2026/02/Balliu_Noa_Blanco_marron2.jpg;Balliu;100;Verde;Catalogo + web
BALLIU_OLIMPIA_TUMBONA_SIN_RUEDAS_DA3F5C24;Tumbona de exterior sin ruedas aluminio;287,64 €;589,66 €;163,81 €;56,95 %;;;589,66 €;"La Olimpia combina una estructura resistente con un diseño minimalista y elegante. Fabricada con aluminio endurecido y tornillería de acero inoxidable, su estructura reforzada internamente asegura gran resistencia.
Es regulable en cinco posiciones, con un sistema de seguridad para evitar el atrapamiento de manos y dedos. Con ruedas opcionales y tejido sustituible mediante guías, su diseño se caracteriza por líneas rectas y limpias, creando una apariencia plana y elegante.
Tejido Balliu
Aluminio texturizado";;;;;Balliu;60;Amarillo;Solo catalogo
BALLIU_OLIMPIA_TUMBONA_CON_RUEDAS_82D4D0A8;Tumbona de exterior con ruedas aluminio;315,63 €;647,04 €;179,75 €;56,95 %;;;647,04 €;"La Olimpia combina una estructura resistente con un diseño minimalista y elegante. Fabricada con aluminio endurecido y tornillería de acero inoxidable, su estructura reforzada internamente asegura gran resistencia.
Es regulable en cinco posiciones, con un sistema de seguridad para evitar el atrapamiento de manos y dedos. Con ruedas opcionales y tejido sustituible mediante guías, su diseño se caracteriza por líneas rectas y limpias, creando una apariencia plana y elegante.
Tejido Balliu
Aluminio texturizado";;;;;Balliu;60;Amarillo;Solo catalogo
BALLIU_ETNA_TUMBONA_TELA_BALLIU_36870D09;Tumbona de exterior aluminio;229,08 €;469,61 €;130,46 €;56,95 %;;;469,61 €;"La tumbona Etna eleva cualquier espacio exterior con su diseño exclusivo y minimalista. Su estructura de aluminio endurecido, reforzada con nerviado interno y tornillería en acero inoxidable, la convierte en la más resistente de Balliu.
Con respaldo regulable en cinco posiciones, su tejido es sustituible mediante guías. Cuenta con ruedas opcionales en color gris para agregar funcionalidad. Con un perﬁl reﬁnado, es ideal para quienes buscan un diseño sencillo pero soﬁsticado.
Aluminio texturizado
Tejido Balliu";;;;;Balliu;79;Amarillo;Solo catalogo
BALLIU_ETNA_TUMBONA_TELA_BALLIU_CON__AFBA154C;Tumbona de exterior con ruedas aluminio;252,74 €;518,12 €;143,93 €;56,95 %;;;518,12 €;"La tumbona Etna eleva cualquier espacio exterior con su diseño exclusivo y minimalista. Su estructura de aluminio endurecido, reforzada con nerviado interno y tornillería en acero inoxidable, la convierte en la más resistente de Balliu.
Con respaldo regulable en cinco posiciones, su tejido es sustituible mediante guías. Cuenta con ruedas opcionales en color gris para agregar funcionalidad. Con un perﬁl reﬁnado, es ideal para quienes buscan un diseño sencillo pero soﬁsticado.
Aluminio texturizado
Tejido Balliu";;;;;Balliu;79;Amarillo;Solo catalogo
BALLIU_ETNA_ALTA_TUMBONA_AL_TELA_BALLIU_D08586C1;Tumbona de exterior aluminio;248,76 €;509,96 €;141,67 €;56,95 %;;;509,96 €;"Diseñada con una altura optimizada para facilitar el acceso, la Etna Alta es ideal para quienes buscan comodidad y funcionalidad. Con una estructura de aluminio endurecido y tornillería en acero inoxidable, garantiza una durabilidad excepcional.
Su respaldo regulable en cinco posiciones y tejido sustituible ofrecen versatilidad y comodidad. Disponible con ruedas opcionales, cuenta con un sistema anti-atrapamiento de dedos con refuerzo doble para mayor seguridad.
Aluminio texturizado
Tejido Balliu";;;;;Balliu;79;Amarillo;Solo catalogo
BALLIU_ETNA_ALTA_TUMBONA_AL_TELA_BALLIU_CON__9E0F219D;Tumbona de exterior con ruedas aluminio;266,56 €;546,45 €;151,81 €;56,95 %;;;546,45 €;"Diseñada con una altura optimizada para facilitar el acceso, la Etna Alta es ideal para quienes buscan comodidad y funcionalidad. Con una estructura de aluminio endurecido y tornillería en acero inoxidable, garantiza una durabilidad excepcional.
Su respaldo regulable en cinco posiciones y tejido sustituible ofrecen versatilidad y comodidad. Disponible con ruedas opcionales, cuenta con un sistema anti-atrapamiento de dedos con refuerzo doble para mayor seguridad.
Aluminio texturizado
Tejido Balliu";;;;;Balliu;79;Amarillo;Solo catalogo
BALLIU_IRIS_TUMBONA_CON_RUEDAS_9064B7B9;Tumbona de exterior con ruedas aluminio | 58 cm;337,77 €;692,43 €;192,36 €;56,95 %;;;692,43 €;"La Iris es una tumbona que combina resistencia y diseño elegante. Su estructura de aluminio endurecido, junto con tornillería de acero inoxidable y perﬁl con nervios interiores, asegura una alta durabilidad y resistencia.
El respaldo regulable en cinco posiciones cuenta con un sistema reforzado para evitar el atrapamiento de dedos. Cuenta con ruedas integradas y tejido sustituible mediante guías. Con un diseño ﬁno y minimalista se convierte en la opción perfecta para quienes buscan una tumbona funcional y elegante.
Aluminio texturizado
Tejido Balliu
Dimensiones: Largo: 203 cm | Ancho: 58 cm | Alto: 96 cm | Peso: N/D kg";58;;96;https://www.balliuexport.com/wp-content/uploads/2024/01/iris-blanco-blanco-07-00-800x614-1.jpg;Balliu;100;Verde;Catalogo + web
BALLIU_MARINA_TUMBONA_TELA_BALLIU_F7AB4DA8;Tumbona de exterior aluminio | 68 cm;173,92 €;356,54 €;99,05 €;56,95 %;;;356,54 €;"La tumbona Marina se caracteriza por su diseño lineal y elegante, ideal para quienes buscan un mobiliario funcional con un diseño limpio y atemporal.
Su estructura de aluminio endurecido y tornillería en acero inoxidable aseguran una gran resistencia y durabilidad, mientras que su ligereza facilita su movimiento. El respaldo es regulable en cinco posiciones y cuenta con tejido sustituible por cordón.
Tejido Balliu
Aluminio texturizado
Dimensiones: Largo: 205 cm | Ancho: 68 cm | Alto: 36 cm | Peso: 9.4 kg";68;;36;https://www.balliuexport.com/wp-content/uploads/2026/02/Balliu_Marina_blanco-ceniza_sin-fondo2.jpg;Balliu;100;Verde;Catalogo + web
BALLIU_ALBA_TUMBONA_TELA_BALLIU_20620134;Tumbona de exterior;226,62 €;464,57 €;129,06 €;56,95 %;;;464,57 €;Alba Tumbona;;;;;Balliu;0;Rojo;Sin match fiable
BALLIU_CANNES_MINI_TUMBONA_MINI_TUMBONA_CAN_5A6F53EB;Mini tumbona de exterior aluminio | 62 cm;140,89 €;288,82 €;80,24 €;56,95 %;;;288,82 €;"La tumbona Cannes es la opción perfecta para quienes buscan un diseño práctico y moderno. Cuenta con una estructura de aluminio endurecido y tornillería en acero inoxidable para asegurar su durabilidad.
Con respaldo regulable en cuatro posiciones, el tejido es sustituible asegurando su versatilidad. Su diseño plegable facilita su almacenamiento y transporte. Además, ofrece un cojín cosido que añade un extra de confort.
Tejido Balliu
Aluminio texturizado
Dimensiones: Largo: 103 cm | Ancho: 62 cm | Alto: 105 cm | Peso: 4,8 kg";62;;105;https://www.balliuexport.com/wp-content/uploads/2023/12/mini-tumbona-cannes-blanco-3800-001.jpg;Balliu;100;Verde;Catalogo + web
BALLIU_BRISTOL_MINI_TUMBONA_MINI_TUMBONA_BRI_FA211C70;Mini tumbona de exterior madera | 59 cm;139,67 €;286,32 €;79,54 €;56,95 %;;;286,32 €;"La tumbona Bristol es la opción perfecta para quienes buscan un diseño simple y funcional. Fabricada en madera Merpauh de gran durabilidad y con tornillería en acero inoxidable, esta tumbona es ideal para disfrutar en cualquier lugar gracias a su diseño plegable.
Con cojín incluido, respaldo regulable en cuatro posiciones y tejido sustituible, ofrece una gran versatilidad. Bristol cuenta con un diseño clásico y atemporal.
Madera
Tejido Balliu
Dimensiones: Largo: 103 cm | Ancho: 59 cm | Alto: 105 cm | Peso: 6,1 kg";59;;105;https://www.balliuexport.com/wp-content/uploads/2020/01/bristol-mini-tumbona-madera-0300-800x614-3.jpg;Balliu;100;Verde;Catalogo + web
BALLIU_MARINA_MINI_TUMBONA_MINI_TUMBONA_MAR_98AB84CE;Mini tumbona de exterior aluminio | 57 cm;114,60 €;234,93 €;65,26 €;56,95 %;;;234,93 €;"La tumbona Marina ofrece un diseño sencillo con una estructura más perpendicular. Su estructura de aluminio endurecido y tornillería en acero inoxidable aseguran durabilidad y resistencia.
Con reposabrazos ﬁjos para mayor confort y tejido sustituible que facilita su mantenimiento, la Marina cuenta con patas anchas que aportan mayor estabilidad y soporte.
Tejido Balliu
Aluminio texturizado
Dimensiones: Largo: 77 cm | Ancho: 57 cm | Alto: 94 cm | Peso: 4,8 kg";57;;94;https://www.balliuexport.com/wp-content/uploads/2023/12/marina-s-800x614-2.jpg;Balliu;100;Verde;Catalogo + web
BALLIU_AURA_CAMA_BALINESA_TELA_NAUTICA_2BD3A7A4;Cama balinesa exterior aluminio · estilo sofisticado | 160 cm;1.073,61 €;2.200,90 €;611,42 €;56,95 %;;;2.200,90 €;"La cama balinesa Aura destaca por su diseño limpio y geométrico, con una estructura cuadrada de aluminio y líneas rectas que aportan un estilo moderno y soﬁsticado.
Cuenta con un respaldo ajustable en cinco posiciones, permitiendo una experiencia de descanso personalizada. Con un colchón de espuma cubierto de tejido náutico, su diseño sin cubierta es una opción ligera perfecta para espacios donde la simplicidad y el confort sean prioridad.
Aluminio mate
Tejido náutico
Dimensiones: Largo: 190 cm | Ancho: 160 cm | Alto: 32 cm | Peso: 45 kg";160;;32;https://www.balliuexport.com/wp-content/uploads/2023/12/aura-cama-balinesa-blanco-800x614-2.jpg;Balliu;100;Verde;Catalogo + web
BALLIU_ALMA_CAMA_BALINESA_TELA_NAUTICA_DCAF71D8;Cama balinesa exterior aluminio · estilo minimalista | 198 cm;1.510,81 €;3.097,16 €;860,41 €;56,95 %;;;3.097,16 €;"La cama balinesa Alma cuenta con un diseño minimalista que aporta un aire soﬁsticado a cualquier espacio exterior. Su estructura de aluminio de líneas rectas y depuradas crea una estética moderna y atemporal, ideal para ambientes exclusivos.
Pensada para el máximo confort, cuenta con cubierta integrada y dos respaldos independientes ajustables en cinco posiciones. Su colchón de espuma está disponible con cubierta de tejido náutico o oleﬁna. Disponible en dos combinaciones. Cojines no incluídos.
Conjunto blanco
Conjunto gris
Dimensiones: Largo: 205 cm | Ancho: 198 cm | Alto: 200 cm | Peso: 77 kg";198;;200;https://www.balliuexport.com/wp-content/uploads/2021/02/alma-cama-balinesa-blanco-800x614-2.jpg;Balliu;100;Verde;Catalogo + web
BALLIU_ETNA_SILLA_TABURETE_ETNA_AL_A66B4A0A;Taburete exterior aluminio · estilo elegante | 56 cm;100,25 €;205,51 €;57,09 €;56,95 %;;;205,51 €;"La silla Etna es un auténtico icono de Balliu, reconocida por su diseño clásico y versátil, que se adapta a cualquier espacio exterior. Su estructura de aluminio endurecido con tornillería en acero inoxidable garantiza una gran resistencia y durabilidad, manteniendo, a la vez, un peso ligero.
Con un estilo elegante y funcional, su diseño de líneas sutilmente curvadas aporta un extra de confort. Incluye reposabrazos integrados para una mejor experiencia y tejido sustituible.
Tejido Balliu
Aluminio texturizado
Dimensiones: Largo: 53 cm | Ancho: 56 cm | Alto: 100 cm | Peso: N/D kg";56;;100;https://www.balliuexport.com/wp-content/uploads/2024/11/silla-etna-800x614-2.jpg;Balliu;100;Verde;Catalogo + web
BALLIU_ETNA_SILLA_CON_BRAZOS_5C88BD77;Silla exterior con brazos aluminio · estilo elegante | 56 cm;97,71 €;200,31 €;55,64 €;56,95 %;;;200,31 €;"La silla Etna es un auténtico icono de Balliu, reconocida por su diseño clásico y versátil, que se adapta a cualquier espacio exterior. Su estructura de aluminio endurecido con tornillería en acero inoxidable garantiza una gran resistencia y durabilidad, manteniendo, a la vez, un peso ligero.
Con un estilo elegante y funcional, su diseño de líneas sutilmente curvadas aporta un extra de confort. Incluye reposabrazos integrados para una mejor experiencia y tejido sustituible.
Tejido Balliu
Aluminio texturizado
Dimensiones: Largo: 53 cm | Ancho: 56 cm | Alto: 100 cm | Peso: N/D kg";56;;100;https://www.balliuexport.com/wp-content/uploads/2024/11/silla-etna-800x614-2.jpg;Balliu;100;Verde;Catalogo + web
BALLIU_ETNA_SILLA_ALTA_CON_BRAZOS_EAF4A34A;Silla exterior con brazos aluminio · estilo elegante | 56 cm;102,17 €;209,45 €;58,19 €;56,95 %;;;209,45 €;"La silla Etna es un auténtico icono de Balliu, reconocida por su diseño clásico y versátil, que se adapta a cualquier espacio exterior. Su estructura de aluminio endurecido con tornillería en acero inoxidable garantiza una gran resistencia y durabilidad, manteniendo, a la vez, un peso ligero.
Con un estilo elegante y funcional, su diseño de líneas sutilmente curvadas aporta un extra de confort. Incluye reposabrazos integrados para una mejor experiencia y tejido sustituible.
Tejido Balliu
Aluminio texturizado
Dimensiones: Largo: 53 cm | Ancho: 56 cm | Alto: 100 cm | Peso: N/D kg";56;;100;https://www.balliuexport.com/wp-content/uploads/2024/11/silla-etna-800x614-2.jpg;Balliu;100;Verde;Catalogo + web
BALLIU_DUNA_SILLA_BLANCA_484CBEA0;Silla exterior resina · estilo minimalista;41,58 €;85,24 €;23,68 €;56,95 %;;;85,24 €;"La silla Duna destaca por su diseño minimalista y funcional, adaptándose con facilidad a una gran variedad de espacios. Su estructura de resina de polipropileno, reforzada con ﬁbra de vidrio, le proporciona una excelente resistencia y durabilidad.
Su diseño ligero y apilable facilita su almacenamiento y movilidad, ofreciendo una solución práctica sin renunciar a la estética. Con líneas limpias y elementos mínimos, la Duna combina versatilidad y sencillez, integrándose armoniosamente en cualquier ambiente.
Resina mate
Dimensiones: Peso: N/D kg";;;;https://www.balliuexport.com/wp-content/uploads/2025/03/duna-silla-blanco-800x614-1.jpg;Balliu;100;Verde;Catalogo + web
BALLIU_DUNA_SILLA_COLOR_NEGRO_TORT_611D28CC;Silla exterior resina · estilo minimalista;43,92 €;90,04 €;25,01 €;56,95 %;;;90,04 €;"La silla Duna destaca por su diseño minimalista y funcional, adaptándose con facilidad a una gran variedad de espacios. Su estructura de resina de polipropileno, reforzada con ﬁbra de vidrio, le proporciona una excelente resistencia y durabilidad.
Su diseño ligero y apilable facilita su almacenamiento y movilidad, ofreciendo una solución práctica sin renunciar a la estética. Con líneas limpias y elementos mínimos, la Duna combina versatilidad y sencillez, integrándose armoniosamente en cualquier ambiente.
Resina mate
Dimensiones: Peso: N/D kg";;;;https://www.balliuexport.com/wp-content/uploads/2025/03/duna-silla-blanco-800x614-1.jpg;Balliu;100;Verde;Catalogo + web
BALLIU_BIMBA_SILLA_BLANCA_8164CC65;Silla exterior resina · estilo clásico | 57 cm;54,81 €;112,36 €;31,21 €;56,95 %;;;112,36 €;"La Bimba destaca por su diseño clásico y funcional, perfecta para cualquier espacio exterior. Su estructura de resina de polipropileno reforzada con ﬁbra de vidrio le otorga resistencia y durabilidad.
Pensada para ofrecer una experiencia cómoda y práctica, cuenta con reposabrazos anchos que mejoran la ergonomía. Su diseño apilable permite optimizar el espacio y gracias a su combinación de simplicidad y resistencia, es la opción ideal para quienes buscan funcionalidad y estilo.
Resina mate
Dimensiones: Largo: 52 cm | Ancho: 57 cm | Alto: 80,5 cm | Peso: N/D kg";57;;80,5;https://www.balliuexport.com/wp-content/uploads/2025/01/silla-bimba-blanco-001.jpg;Balliu;100;Verde;Catalogo + web
BALLIU_BIMBA_SILLA_NEGRA_5F329445;Silla exterior resina · estilo clásico | 57 cm;55,63 €;114,04 €;31,68 €;56,95 %;;;114,04 €;"La Bimba destaca por su diseño clásico y funcional, perfecta para cualquier espacio exterior. Su estructura de resina de polipropileno reforzada con ﬁbra de vidrio le otorga resistencia y durabilidad.
Pensada para ofrecer una experiencia cómoda y práctica, cuenta con reposabrazos anchos que mejoran la ergonomía. Su diseño apilable permite optimizar el espacio y gracias a su combinación de simplicidad y resistencia, es la opción ideal para quienes buscan funcionalidad y estilo.
Resina mate
Dimensiones: Largo: 52 cm | Ancho: 57 cm | Alto: 80,5 cm | Peso: N/D kg";57;;80,5;https://www.balliuexport.com/wp-content/uploads/2025/01/silla-bimba-blanco-001.jpg;Balliu;100;Verde;Catalogo + web
BALLIU_SELVA_SILLA_BLANCA_0B607EC7;Silla exterior resina · estilo funcional;17,17 €;35,20 €;9,78 €;56,95 %;;;35,20 €;"La silla Selva es la opción ideal para quienes buscan funcionalidad y simplicidad en una pieza clásica y atemporal. Su estructura de resina de polipropileno reforzada con carga mineral la convierte en una opción altamente resistente y duradera.
Con un sistema de drenaje en el respaldo y el asiento, garantiza su rendimiento en todo tipo de condiciones. Apilable y ligera, su diseño ha sido optimizado para ofrecer mayor resistencia en comparación con otros modelos del mercado.
Resina Classic";;;;;Balliu;79;Amarillo;Solo catalogo
BALLIU_SELVA_SILLA_COLOR_5FDA60B0;Silla exterior resina · estilo funcional;20,77 €;42,58 €;11,83 €;56,95 %;;;42,58 €;"La silla Selva es la opción ideal para quienes buscan funcionalidad y simplicidad en una pieza clásica y atemporal. Su estructura de resina de polipropileno reforzada con carga mineral la convierte en una opción altamente resistente y duradera.
Con un sistema de drenaje en el respaldo y el asiento, garantiza su rendimiento en todo tipo de condiciones. Apilable y ligera, su diseño ha sido optimizado para ofrecer mayor resistencia en comparación con otros modelos del mercado.
Resina Classic";;;;;Balliu;79;Amarillo;Solo catalogo
BALLIU_BRUNA_SILLA_SIN_BRAZOS_AF080E9C;Silla exterior sin brazos resina · estilo contemporáneo | 49 cm;43,89 €;89,97 €;25,00 €;56,95 %;;;89,97 €;"La silla Bruna combina resistencia y diseño en una pieza única y llamativa. Fabricada en resina de polipropileno reforzada con ﬁbra de vidrio, garantiza durabilidad y ligereza.
Su estructura destaca por un entramado de triángulos, creando un efecto de rejilla que aporta frescura y estilo. El respaldo y el asiento forman una sola pieza curva, ofreciendo una silueta ﬂuida que equilibra confort y estética. Además, su diseño apilable la convierte en una opción práctica y versátil para cualquier espacio.
Resina mate
Dimensiones: Largo: 56 cm | Ancho: 49 cm | Alto: 82 cm | Peso: 3,75 kg";49;;82;https://www.balliuexport.com/wp-content/uploads/2020/02/bruna-silla-blanco-800x614-2.jpg;Balliu;100;Verde;Catalogo + web
BALLIU_BRUNA_SILLA_CON_BRAZOS_D52BECC5;Silla exterior con brazos resina · estilo contemporáneo | 49 cm;52,19 €;106,99 €;29,72 €;56,95 %;;;106,99 €;"La silla Bruna combina resistencia y diseño en una pieza única y llamativa. Fabricada en resina de polipropileno reforzada con ﬁbra de vidrio, garantiza durabilidad y ligereza.
Su estructura destaca por un entramado de triángulos, creando un efecto de rejilla que aporta frescura y estilo. El respaldo y el asiento forman una sola pieza curva, ofreciendo una silueta ﬂuida que equilibra confort y estética. Además, su diseño apilable la convierte en una opción práctica y versátil para cualquier espacio.
Resina mate
Dimensiones: Largo: 56 cm | Ancho: 49 cm | Alto: 82 cm | Peso: 3,75 kg";49;;82;https://www.balliuexport.com/wp-content/uploads/2020/02/bruna-silla-blanco-800x614-2.jpg;Balliu;100;Verde;Catalogo + web
BALLIU_VERA_SILLA_SIN_BRAZOS_DAABCDAF;Silla exterior sin brazos resina · estilo funcional;48,33 €;99,08 €;27,52 €;56,95 %;;;99,08 €;"La silla Vera combina solidez y diseño en una pieza de líneas deﬁnidas y estética moderna. Su estructura de resina de polipropileno reforzada con carga mineral garantiza resistencia, estabilidad y un excelente rendimiento en exteriores.
Su respaldo, con un distintivo entramado de rejillas rectas, aporta ligereza visual y refuerza su carácter dinámico. Apilable y funcional, la Vera es una opción versátil para cualquier espacio.
Resina mate
Dimensiones: Peso: N/D kg";;;;https://www.balliuexport.com/wp-content/uploads/2024/03/silla-vera-blanco-800x614-1.jpg;Balliu;100;Verde;Catalogo + web
BALLIU_VERA_SILLA_CON_BRAZOS_75353330;Silla exterior con brazos resina · estilo funcional;49,44 €;101,35 €;28,16 €;56,95 %;;;101,35 €;"La silla Vera combina solidez y diseño en una pieza de líneas deﬁnidas y estética moderna. Su estructura de resina de polipropileno reforzada con carga mineral garantiza resistencia, estabilidad y un excelente rendimiento en exteriores.
Su respaldo, con un distintivo entramado de rejillas rectas, aporta ligereza visual y refuerza su carácter dinámico. Apilable y funcional, la Vera es una opción versátil para cualquier espacio.
Resina mate
Dimensiones: Peso: N/D kg";;;;https://www.balliuexport.com/wp-content/uploads/2024/03/silla-vera-blanco-800x614-1.jpg;Balliu;100;Verde;Catalogo + web
BALLIU_VERA_SILLA_L_CON_BRAZOS_51F30794;Silla exterior con brazos resina · estilo funcional;71,33 €;146,23 €;40,62 €;56,95 %;;;146,23 €;"La silla Vera combina solidez y diseño en una pieza de líneas deﬁnidas y estética moderna. Su estructura de resina de polipropileno reforzada con carga mineral garantiza resistencia, estabilidad y un excelente rendimiento en exteriores.
Su respaldo, con un distintivo entramado de rejillas rectas, aporta ligereza visual y refuerza su carácter dinámico. Apilable y funcional, la Vera es una opción versátil para cualquier espacio.
Resina mate
Dimensiones: Peso: N/D kg";;;;https://www.balliuexport.com/wp-content/uploads/2024/03/silla-vera-blanco-800x614-1.jpg;Balliu;100;Verde;Catalogo + web
BALLIU_SILLA_VENUS_SIN_BRAZOS_CD07E7D6;Silla exterior sin brazos · estilo contemporáneo | 53 cm;40,56 €;83,15 €;23,10 €;56,95 %;;;83,15 €;Dimensiones: Largo: 59 cm | Ancho: 53 cm | Alto: 36 cm | Peso: 5 kg;53;;36;https://www.balliuexport.com/wp-content/uploads/2023/03/venus-silla-tortola-800x614-1.jpg;Balliu;79;Amarillo;Solo web
BALLIU_SILLA_VENUS_CON_BRAZOS_C654C52F;Silla exterior con brazos · estilo contemporáneo | 53 cm;43,83 €;89,85 €;24,96 €;56,95 %;;;89,85 €;Dimensiones: Largo: 59 cm | Ancho: 53 cm | Alto: 36 cm | Peso: 5 kg;53;;36;https://www.balliuexport.com/wp-content/uploads/2023/03/venus-silla-tortola-800x614-1.jpg;Balliu;79;Amarillo;Solo web
BALLIU_BRUNA_SILLA_CON_BRAZ_94B6E5B5;Silla exterior con brazos resina · estilo funcional;55,51 €;113,80 €;31,61 €;56,95 %;;;113,80 €;"Esta silla con brazos mantiene la esencia de la Bruna, combinando resistencia y estilo. Su estructura de resina de polipropileno reforzada con ﬁbra de vidrio le otorga resistencia, ligereza y una excelente adaptación a espacios exteriores.
Destaca por su distintivo entramado de triángulos y por su diseño envolvente, donde el respaldo y los reposabrazos se fusionan en una misma pieza curva. Estos añaden un extra de confort, mientras que su diseño apilable la convierte en una opción versátil y funcional.
Resina mate";;;;;Balliu;43;Rojo;Solo catalogo
BALLIU_MILA_SILLA_CON_BRAZOS_BC0C02EC;Silla exterior con brazos aluminio · estilo elegante | 58 cm;60,67 €;124,37 €;34,55 €;56,95 %;;;124,37 €;"La silla Mila combina simplicidad y funcionalidad en una estructura de aluminio endurecido con un elegante perﬁl circular. Su tornillería en acero inoxidable garantiza resistencia y durabilidad, mientras que sus líneas curvadas aportan un toque de soﬁsticación.
Gracias a su diseño apilable, la Mila es una opción versátil y práctica, ideal para optimizar el espacio sin renunciar al estilo. Sus reposabrazos integrados ofrecen un mayor confort, convirtiéndola en una pieza que equilibra estética, comodidad y utilidad.
Conjunto blanco
Conjunto gris
Estructura de aluminio
Dimensiones: Largo: 59 cm | Ancho: 58 cm | Alto: 83 cm | Peso: 3,7 kg";58;;83;https://www.balliuexport.com/wp-content/uploads/2020/02/mila-silla-blanco-800x614-1.jpg;Balliu;100;Verde;Catalogo + web
BALLIU_BRUNA_SILLA_CON_BRAZ_94B6E5B5;Silla exterior con brazos resina · estilo funcional;122,56 €;251,25 €;69,80 €;56,95 %;;;251,25 €;"Esta silla con brazos mantiene la esencia de la Bruna, combinando resistencia y estilo. Su estructura de resina de polipropileno reforzada con ﬁbra de vidrio le otorga resistencia, ligereza y una excelente adaptación a espacios exteriores.
Destaca por su distintivo entramado de triángulos y por su diseño envolvente, donde el respaldo y los reposabrazos se fusionan en una misma pieza curva. Estos añaden un extra de confort, mientras que su diseño apilable la convierte en una opción versátil y funcional.
Resina mate";;;;;Balliu;43;Rojo;Solo catalogo
BALLIU_GRETA_SILLA_ALUMINIO_AFD89221;Silla exterior aluminio · estilo contemporáneo;96,11 €;197,03 €;54,73 €;56,95 %;;;197,03 €;Greta Silla;;;;;Balliu;0;Rojo;Sin match fiable
BALLIU_GRETA_MESA_TABLERO_ALUMINIO_9E30CA7F;Mesa exterior aluminio;67,33 €;138,03 €;38,34 €;56,95 %;;;138,03 €;Greta Mesa;;;;;Balliu;0;Rojo;Sin match fiable
BALLIU_MINI_MESA_COLOR_BLANCO_5D0FB586;Mesa exterior;14,17 €;29,05 €;8,07 €;56,95 %;;;29,05 €;Mini Mesa;;;;;Balliu;0;Rojo;Sin match fiable
BALLIU_MINI_MESA_COLOR_NATURAL_PR_1CF4D3D5;Mesa exterior;14,95 €;30,65 €;8,51 €;56,95 %;;;30,65 €;Mini Mesa;;;;;Balliu;0;Rojo;Sin match fiable
BALLIU_EVA_PRO_MINI_MESA_AU_COLOR_BLANCO_DE421A42;Mesa auxiliar exterior resina | 48 cm;17,13 €;35,12 €;9,75 €;56,95 %;;;35,12 €;"La mesa auxiliar Eva Pro Mini se caracteriza por su diseño sencillo y funcional. Fabricada en resina de polipropileno reforzada con carga mineral, garantiza durabilidad y resistencia.
Con una superﬁcie plana y bordes redondeados, su acabado texturizado en efecto mate resalta su estética minimalista. Por otro lado, su capacidad apilable añade practicidad. Perfecta para complementar la tumbona Eva Pro, esta mesa es ideal para dar un toque armonioso a cualquier espacio.
Resina Classic
Dimensiones: Largo: 48 cm | Ancho: 48 cm | Alto: 38 cm | Peso: 2.1 kg";48;;38;https://www.balliuexport.com/wp-content/uploads/2026/02/Eva-Pro-Mini_Sin-fondo.jpg;Balliu;100;Verde;Catalogo + web
BALLIU_EVA_PRO_MINI_MESA_AU_COLOR_NATURAL_PR_911A77BA;Mesa auxiliar exterior resina | 48 cm;17,63 €;36,14 €;10,04 €;56,95 %;;;36,14 €;"La mesa auxiliar Eva Pro Mini se caracteriza por su diseño sencillo y funcional. Fabricada en resina de polipropileno reforzada con carga mineral, garantiza durabilidad y resistencia.
Con una superﬁcie plana y bordes redondeados, su acabado texturizado en efecto mate resalta su estética minimalista. Por otro lado, su capacidad apilable añade practicidad. Perfecta para complementar la tumbona Eva Pro, esta mesa es ideal para dar un toque armonioso a cualquier espacio.
Resina Classic
Dimensiones: Largo: 48 cm | Ancho: 48 cm | Alto: 38 cm | Peso: 2.1 kg";48;;38;https://www.balliuexport.com/wp-content/uploads/2026/02/Eva-Pro-Mini_Sin-fondo.jpg;Balliu;100;Verde;Catalogo + web
BALLIU_EVA_PRO_BCN_MESA_AUX_COLOR_BLANCO_35554775;Mesa auxiliar exterior resina | 48 cm;18,44 €;37,80 €;10,50 €;56,95 %;;;37,80 €;"La tumbona Eva Pro BCN, diseñada exclusivamente por Mario Eskenazi, destaca por su estética única. Su estructura de resina de polipropileno reforzada con carga mineral ofrece gran durabilidad, mientras que su base presenta un patrón que le da un toque distintivo y contemporáneo.
Apilable y versátil, la Eva Pro BCN es la pieza perfecta para complementar cualquier espacio exterior, combinando a la perfección con la tumbona Eva Pro BCN de su misma familia.
Resina Classic
Dimensiones: Largo: 48 cm | Ancho: 48 cm | Alto: 38 cm | Peso: 2,1 kg";48;;38;https://www.balliuexport.com/wp-content/uploads/2026/02/Mesita-Eva-Pro-BCN.jpg;Balliu;74;Amarillo;Catalogo + web
BALLIU_EVA_PRO_BCN_MESA_AUX_COLOR_NATURAL_PR_25CD2EDE;Mesa auxiliar exterior resina | 48 cm;19,36 €;39,69 €;11,03 €;56,95 %;;;39,69 €;"La tumbona Eva Pro BCN, diseñada exclusivamente por Mario Eskenazi, destaca por su estética única. Su estructura de resina de polipropileno reforzada con carga mineral ofrece gran durabilidad, mientras que su base presenta un patrón que le da un toque distintivo y contemporáneo.
Apilable y versátil, la Eva Pro BCN es la pieza perfecta para complementar cualquier espacio exterior, combinando a la perfección con la tumbona Eva Pro BCN de su misma familia.
Resina Classic
Dimensiones: Largo: 48 cm | Ancho: 48 cm | Alto: 38 cm | Peso: 2,1 kg";48;;38;https://www.balliuexport.com/wp-content/uploads/2026/02/Mesita-Eva-Pro-BCN.jpg;Balliu;74;Amarillo;Catalogo + web
BALLIU_OLIMPIA_MESA_AUXILIA_TELA_BALLIU_6C7A42D9;Mesa auxiliar exterior aluminio | 54 cm;84,68 €;173,59 €;48,23 €;56,95 %;;;173,59 €;"La mesa auxiliar Olimpia destaca por su diseño contemporáneo y funcional. Con una estructura monobloque de aluminio endurecido, ofrece gran solidez y durabilidad.
El tablero, fabricado con tejido Balliu personalizable, aporta un toque único, siendo una opción distintiva en cualquier espacio. Su diseño apilable añade practicidad, mientras que sus líneas rectas refuerzan su estética simple y moderna. Perfectamente combinable con la familia Olimpia, es ideal para un estilo limpio y elegante.
Tejido Balliu
Aluminio texturizado
Dimensiones: Largo: 74 cm | Ancho: 54 cm | Alto: 34 cm | Peso: 7,9 kg";54;;34;https://www.balliuexport.com/wp-content/uploads/2020/02/olimpia-mesa-central-blanco-800x614-2.jpg;Balliu;100;Verde;Catalogo + web
BALLIU_NOA_MESA_AUXILIAR_COLOR_BLANCO_90B11E5B;Mesa auxiliar exterior aluminio;69,97 €;143,44 €;39,85 €;56,95 %;;;143,44 €;"La mesa auxiliar Noa destaca por su diseño moderno y limpio. Con una estructura de aluminio endurecido y tornillería en acero inoxidable, ofrece una excelente resistencia.
Su estructura con doble refuerzo crea una estética distintiva y elegante. Su originalidad y líneas minimalistas la convierten en una pieza diferenciadora. Además, su diseño apilable aporta practicidad sin sacriﬁcar la estética. Combinable con la tumbona Noa, realza el diseño de cualquier espacio.
Aluminio texturizado Classic
Dimensiones: Largo: 42 cm | Alto: 29 cm | Diámetro: 42 cm | Peso: 2,1 kg";;;29;https://www.balliuexport.com/wp-content/uploads/2026/02/Mesa-Auxiliar-Noa_blanca_Balliu2.jpg;Balliu;100;Verde;Catalogo + web
BALLIU_NOA_MESA_AUXILIAR_COLOR_NATURAL_PR_27CE9446;Mesa auxiliar exterior aluminio;73,58 €;150,84 €;41,90 €;56,95 %;;;150,84 €;"La mesa auxiliar Noa destaca por su diseño moderno y limpio. Con una estructura de aluminio endurecido y tornillería en acero inoxidable, ofrece una excelente resistencia.
Su estructura con doble refuerzo crea una estética distintiva y elegante. Su originalidad y líneas minimalistas la convierten en una pieza diferenciadora. Además, su diseño apilable aporta practicidad sin sacriﬁcar la estética. Combinable con la tumbona Noa, realza el diseño de cualquier espacio.
Aluminio texturizado Classic
Dimensiones: Largo: 42 cm | Alto: 29 cm | Diámetro: 42 cm | Peso: 2,1 kg";;;29;https://www.balliuexport.com/wp-content/uploads/2026/02/Mesa-Auxiliar-Noa_blanca_Balliu2.jpg;Balliu;100;Verde;Catalogo + web
BALLIU_ETNA_MESA_AUXILIAR_TABLERO_HPL_C5331CE8;Mesa auxiliar exterior aluminio | 60 cm;89,71 €;183,91 €;51,09 €;56,95 %;;;183,91 €;"La mesa auxiliar Etna destaca por su diseño soﬁsticado y equilibrado. Su estética moderna se deﬁne por dos marcos curvados, aportando solidez y un estilo distintivo.
Fabricada en aluminio endurecido con tornillería en acero inoxidable, garantiza resistencia y durabilidad. Su tablero de HPL, además de robusto, permite combinaciones versátiles. Siguiendo la línea estética de la familia Etna, esta mesa es el complemento ideal para espacios elegantes y funcionales.
HPL
Aluminio texturizado
Dimensiones: Largo: 110 cm | Ancho: 60 cm | Alto: 44,5 cm | Peso: N/D kg";60;;44,5;https://www.balliuexport.com/wp-content/uploads/2026/02/Balliu_MesaCentral-Etna_blanco_Moonwalk2.jpg;Balliu;100;Verde;Catalogo + web
BALLIU_ETNA_MESA_AUXILIAR_TABLERO_HPL_GD_7664D255;Mesa auxiliar exterior aluminio | 60 cm;94,05 €;192,80 €;53,56 €;56,95 %;;;192,80 €;"La mesa auxiliar Etna destaca por su diseño soﬁsticado y equilibrado. Su estética moderna se deﬁne por dos marcos curvados, aportando solidez y un estilo distintivo.
Fabricada en aluminio endurecido con tornillería en acero inoxidable, garantiza resistencia y durabilidad. Su tablero de HPL, además de robusto, permite combinaciones versátiles. Siguiendo la línea estética de la familia Etna, esta mesa es el complemento ideal para espacios elegantes y funcionales.
HPL
Aluminio texturizado
Dimensiones: Largo: 110 cm | Ancho: 60 cm | Alto: 44,5 cm | Peso: N/D kg";60;;44,5;https://www.balliuexport.com/wp-content/uploads/2026/02/Balliu_MesaCentral-Etna_blanco_Moonwalk2.jpg;Balliu;100;Verde;Catalogo + web
BALLIU_ETNA_MESA_AUXILIAR_DIAMETRO_60_WERZ_9C991818;Mesa auxiliar exterior aluminio | 60 cm;84,79 €;173,82 €;48,29 €;56,95 %;;;173,82 €;"La mesa auxiliar Etna destaca por su diseño soﬁsticado y equilibrado. Su estética moderna se deﬁne por dos marcos curvados, aportando solidez y un estilo distintivo.
Fabricada en aluminio endurecido con tornillería en acero inoxidable, garantiza resistencia y durabilidad. Su tablero de HPL, además de robusto, permite combinaciones versátiles. Siguiendo la línea estética de la familia Etna, esta mesa es el complemento ideal para espacios elegantes y funcionales.
HPL
Aluminio texturizado
Dimensiones: Largo: 110 cm | Ancho: 60 cm | Alto: 44,5 cm | Peso: N/D kg";60;;44,5;https://www.balliuexport.com/wp-content/uploads/2026/02/Balliu_MesaCentral-Etna_blanco_Moonwalk2.jpg;Balliu;100;Verde;Catalogo + web
BALLIU_SELVA_MESA_DIAMETRO_70_WERZ_33CE1613;Mesa exterior resina | Ø70 cm;97,55 €;199,98 €;55,55 €;56,95 %;;;199,98 €;"La mesa Selva se caracteriza por su estructura de resina de polipropileno reforzada con carga mineral, que le otorga gran resistencia y durabilidad. Su tablero está fabricado en Werzalit, un material altamente resistente ideal para uso en exteriores.
Disponible en formatos redondo y cuadrado y en diversas medidas, ofrece versatilidad en su diseño. Además, sus patas están equipadas con reguladores de estabilidad. La mesa Selva es una opción práctica y resistente para cualquier espacio exterior.
Tablero
Resina Classic
Werzalit
Dimensiones: Alto: 71,5 cm | Peso: N/D kg";;;71,5;https://www.balliuexport.com/wp-content/uploads/2024/06/thumbnail_selva-mesa-blanco-800x614-1.jpg;Balliu;100;Verde;Catalogo + web
BALLIU_SELVA_MESA_DIAMETRO_80_WERZ_EB565C3E;Mesa exterior resina | Ø80 cm;101,49 €;208,05 €;57,80 €;56,95 %;;;208,05 €;"La mesa Selva se caracteriza por su estructura de resina de polipropileno reforzada con carga mineral, que le otorga gran resistencia y durabilidad. Su tablero está fabricado en Werzalit, un material altamente resistente ideal para uso en exteriores.
Disponible en formatos redondo y cuadrado y en diversas medidas, ofrece versatilidad en su diseño. Además, sus patas están equipadas con reguladores de estabilidad. La mesa Selva es una opción práctica y resistente para cualquier espacio exterior.
Tablero
Resina Classic
Werzalit
Dimensiones: Alto: 71,5 cm | Peso: N/D kg";;;71,5;https://www.balliuexport.com/wp-content/uploads/2024/06/thumbnail_selva-mesa-blanco-800x614-1.jpg;Balliu;100;Verde;Catalogo + web
BALLIU_SELVA_MESA_DIAMETRO_90_WERZ_871DF608;Mesa exterior resina | Ø90 cm;118,78 €;243,50 €;67,65 €;56,95 %;;;243,50 €;"La mesa Selva se caracteriza por su estructura de resina de polipropileno reforzada con carga mineral, que le otorga gran resistencia y durabilidad. Su tablero está fabricado en Werzalit, un material altamente resistente ideal para uso en exteriores.
Disponible en formatos redondo y cuadrado y en diversas medidas, ofrece versatilidad en su diseño. Además, sus patas están equipadas con reguladores de estabilidad. La mesa Selva es una opción práctica y resistente para cualquier espacio exterior.
Tablero
Resina Classic
Werzalit
Dimensiones: Alto: 71,5 cm | Peso: N/D kg";;;71,5;https://www.balliuexport.com/wp-content/uploads/2024/06/thumbnail_selva-mesa-blanco-800x614-1.jpg;Balliu;100;Verde;Catalogo + web
BALLIU_SELVA_MESA_70_X_70_WERZALIT_7AB14C9A;Mesa exterior resina | 70×70 cm;118,31 €;242,54 €;67,38 €;56,95 %;;;242,54 €;"La mesa Selva se caracteriza por su estructura de resina de polipropileno reforzada con carga mineral, que le otorga gran resistencia y durabilidad. Su tablero está fabricado en Werzalit, un material altamente resistente ideal para uso en exteriores.
Disponible en formatos redondo y cuadrado y en diversas medidas, ofrece versatilidad en su diseño. Además, sus patas están equipadas con reguladores de estabilidad. La mesa Selva es una opción práctica y resistente para cualquier espacio exterior.
Tablero
Resina Classic
Werzalit
Dimensiones: Alto: 71,5 cm | Peso: N/D kg";;;71,5;https://www.balliuexport.com/wp-content/uploads/2024/06/thumbnail_selva-mesa-blanco-800x614-1.jpg;Balliu;100;Verde;Catalogo + web
BALLIU_SELVA_MESA_80_X_80_WERZALIT_1A5A5005;Mesa exterior resina | 80×80 cm;131,01 €;268,57 €;74,61 €;56,95 %;;;268,57 €;"La mesa Selva se caracteriza por su estructura de resina de polipropileno reforzada con carga mineral, que le otorga gran resistencia y durabilidad. Su tablero está fabricado en Werzalit, un material altamente resistente ideal para uso en exteriores.
Disponible en formatos redondo y cuadrado y en diversas medidas, ofrece versatilidad en su diseño. Además, sus patas están equipadas con reguladores de estabilidad. La mesa Selva es una opción práctica y resistente para cualquier espacio exterior.
Tablero
Resina Classic
Werzalit
Dimensiones: Alto: 71,5 cm | Peso: N/D kg";;;71,5;https://www.balliuexport.com/wp-content/uploads/2024/06/thumbnail_selva-mesa-blanco-800x614-1.jpg;Balliu;100;Verde;Catalogo + web
BALLIU_SELVA_MESA_120_X_80_WERZALI_747885BD;Mesa exterior resina | 120×80 cm;169,64 €;347,76 €;96,61 €;56,95 %;;;347,76 €;"La mesa Selva se caracteriza por su estructura de resina de polipropileno reforzada con carga mineral, que le otorga gran resistencia y durabilidad. Su tablero está fabricado en Werzalit, un material altamente resistente ideal para uso en exteriores.
Disponible en formatos redondo y cuadrado y en diversas medidas, ofrece versatilidad en su diseño. Además, sus patas están equipadas con reguladores de estabilidad. La mesa Selva es una opción práctica y resistente para cualquier espacio exterior.
Tablero
Resina Classic
Werzalit
Dimensiones: Alto: 71,5 cm | Peso: N/D kg";;;71,5;https://www.balliuexport.com/wp-content/uploads/2024/06/thumbnail_selva-mesa-blanco-800x614-1.jpg;Balliu;100;Verde;Catalogo + web
BALLIU_BRUNEI_MESA_80X80_TABLERO_HP_EF580AE2;Mesa exterior aluminio | 80×80 cm;257,19 €;527,24 €;146,47 €;56,95 %;;;527,24 €;"La mesa Brunei combina resistencia y diseño en una pieza funcional y elegante. Su estructura de aluminio endurecido y tornillería en acero inoxidable garantizan durabilidad y resistencia, mientras que el perﬁl grueso de 2 mm aporta robustez y estabilidad.
El tablero, fabricado en HPL y altamente resiste, está disponible en varias medidas para adaptarse a diferentes necesidades. Además, cuenta con un tapón graduable en las patas, lo que mejora su estabilidad y permite un ajuste preciso en terrenos irregulares.
Tablero
HPL
Aluminio texturizado
Dimensiones: Largo: 130, 160, 190, 80 cm | Alto: 73,5 cm | Peso: 15,1 kg";;;73,5;https://www.balliuexport.com/wp-content/uploads/2023/05/brunei-80-blanco-blanco-800x614-1.jpg;Balliu;100;Verde;Catalogo + web
BALLIU_BRUNEI_MESA_80X80_TABLERO_HP_FCE3B8BD;Mesa exterior aluminio | 80×80 cm;290,22 €;594,95 €;165,28 €;56,95 %;;;594,95 €;"La mesa Brunei combina resistencia y diseño en una pieza funcional y elegante. Su estructura de aluminio endurecido y tornillería en acero inoxidable garantizan durabilidad y resistencia, mientras que el perﬁl grueso de 2 mm aporta robustez y estabilidad.
El tablero, fabricado en HPL y altamente resiste, está disponible en varias medidas para adaptarse a diferentes necesidades. Además, cuenta con un tapón graduable en las patas, lo que mejora su estabilidad y permite un ajuste preciso en terrenos irregulares.
Tablero
HPL
Aluminio texturizado
Dimensiones: Largo: 130, 160, 190, 80 cm | Alto: 73,5 cm | Peso: 15,1 kg";;;73,5;https://www.balliuexport.com/wp-content/uploads/2023/05/brunei-80-blanco-blanco-800x614-1.jpg;Balliu;100;Verde;Catalogo + web
BALLIU_BRUNEI_MESA_130X80_TABLERO_H_DF7C872B;Mesa exterior aluminio | 130×80 cm;342,68 €;702,49 €;195,16 €;56,95 %;;;702,49 €;"La mesa Brunei combina resistencia y diseño en una pieza funcional y elegante. Su estructura de aluminio endurecido y tornillería en acero inoxidable garantizan durabilidad y resistencia, mientras que el perﬁl grueso de 2 mm aporta robustez y estabilidad.
El tablero, fabricado en HPL y altamente resiste, está disponible en varias medidas para adaptarse a diferentes necesidades. Además, cuenta con un tapón graduable en las patas, lo que mejora su estabilidad y permite un ajuste preciso en terrenos irregulares.
Tablero
HPL
Aluminio texturizado
Dimensiones: Largo: 130, 160, 190, 80 cm | Alto: 73,5 cm | Peso: 15,1 kg";;;73,5;https://www.balliuexport.com/wp-content/uploads/2023/05/brunei-80-blanco-blanco-800x614-1.jpg;Balliu;100;Verde;Catalogo + web
BALLIU_BRUNEI_MESA_130X80_TABLERO_H_5068224E;Mesa exterior aluminio | 130×80 cm;396,09 €;811,98 €;225,57 €;56,95 %;;;811,98 €;"La mesa Brunei combina resistencia y diseño en una pieza funcional y elegante. Su estructura de aluminio endurecido y tornillería en acero inoxidable garantizan durabilidad y resistencia, mientras que el perﬁl grueso de 2 mm aporta robustez y estabilidad.
El tablero, fabricado en HPL y altamente resiste, está disponible en varias medidas para adaptarse a diferentes necesidades. Además, cuenta con un tapón graduable en las patas, lo que mejora su estabilidad y permite un ajuste preciso en terrenos irregulares.
Tablero
HPL
Aluminio texturizado
Dimensiones: Largo: 130, 160, 190, 80 cm | Alto: 73,5 cm | Peso: 15,1 kg";;;73,5;https://www.balliuexport.com/wp-content/uploads/2023/05/brunei-80-blanco-blanco-800x614-1.jpg;Balliu;100;Verde;Catalogo + web
BALLIU_BRUNEI_MESA_160X90_TABLERO_H_11303F43;Mesa exterior aluminio | 160×90 cm;412,95 €;846,55 €;235,17 €;56,95 %;;;846,55 €;"La mesa Brunei combina resistencia y diseño en una pieza funcional y elegante. Su estructura de aluminio endurecido y tornillería en acero inoxidable garantizan durabilidad y resistencia, mientras que el perﬁl grueso de 2 mm aporta robustez y estabilidad.
El tablero, fabricado en HPL y altamente resiste, está disponible en varias medidas para adaptarse a diferentes necesidades. Además, cuenta con un tapón graduable en las patas, lo que mejora su estabilidad y permite un ajuste preciso en terrenos irregulares.
Tablero
HPL
Aluminio texturizado
Dimensiones: Largo: 130, 160, 190, 80 cm | Alto: 73,5 cm | Peso: 15,1 kg";;;73,5;https://www.balliuexport.com/wp-content/uploads/2023/05/brunei-80-blanco-blanco-800x614-1.jpg;Balliu;100;Verde;Catalogo + web
BALLIU_BRUNEI_MESA_160X90_TABLERO_H_C39E3349;Mesa exterior aluminio | 160×90 cm;479,59 €;983,16 €;273,13 €;56,95 %;;;983,16 €;"La mesa Brunei combina resistencia y diseño en una pieza funcional y elegante. Su estructura de aluminio endurecido y tornillería en acero inoxidable garantizan durabilidad y resistencia, mientras que el perﬁl grueso de 2 mm aporta robustez y estabilidad.
El tablero, fabricado en HPL y altamente resiste, está disponible en varias medidas para adaptarse a diferentes necesidades. Además, cuenta con un tapón graduable en las patas, lo que mejora su estabilidad y permite un ajuste preciso en terrenos irregulares.
Tablero
HPL
Aluminio texturizado
Dimensiones: Largo: 130, 160, 190, 80 cm | Alto: 73,5 cm | Peso: 15,1 kg";;;73,5;https://www.balliuexport.com/wp-content/uploads/2023/05/brunei-80-blanco-blanco-800x614-1.jpg;Balliu;100;Verde;Catalogo + web
BALLIU_BRUNEI_MESA_190X90_TABLERO_H_4D2D1E60;Mesa exterior aluminio | 190×90 cm;506,65 €;1.038,63 €;288,54 €;56,95 %;;;1.038,63 €;"La mesa Brunei combina resistencia y diseño en una pieza funcional y elegante. Su estructura de aluminio endurecido y tornillería en acero inoxidable garantizan durabilidad y resistencia, mientras que el perﬁl grueso de 2 mm aporta robustez y estabilidad.
El tablero, fabricado en HPL y altamente resiste, está disponible en varias medidas para adaptarse a diferentes necesidades. Además, cuenta con un tapón graduable en las patas, lo que mejora su estabilidad y permite un ajuste preciso en terrenos irregulares.
Tablero
HPL
Aluminio texturizado
Dimensiones: Largo: 130, 160, 190, 80 cm | Alto: 73,5 cm | Peso: 15,1 kg";;;73,5;https://www.balliuexport.com/wp-content/uploads/2023/05/brunei-80-blanco-blanco-800x614-1.jpg;Balliu;100;Verde;Catalogo + web
BALLIU_BRUNEI_MESA_190X90_TABLERO_H_7FCC116E;Mesa exterior aluminio | 190×90 cm;603,50 €;1.237,18 €;343,69 €;56,95 %;;;1.237,18 €;"La mesa Brunei combina resistencia y diseño en una pieza funcional y elegante. Su estructura de aluminio endurecido y tornillería en acero inoxidable garantizan durabilidad y resistencia, mientras que el perﬁl grueso de 2 mm aporta robustez y estabilidad.
El tablero, fabricado en HPL y altamente resiste, está disponible en varias medidas para adaptarse a diferentes necesidades. Además, cuenta con un tapón graduable en las patas, lo que mejora su estabilidad y permite un ajuste preciso en terrenos irregulares.
Tablero
HPL
Aluminio texturizado
Dimensiones: Largo: 130, 160, 190, 80 cm | Alto: 73,5 cm | Peso: 15,1 kg";;;73,5;https://www.balliuexport.com/wp-content/uploads/2023/05/brunei-80-blanco-blanco-800x614-1.jpg;Balliu;100;Verde;Catalogo + web
BALLIU_ATLANTA_MESA_240X90_TABLERO_H_78358691;Mesa exterior HPL | 240×90 cm;689,00 €;1.412,45 €;392,39 €;56,95 %;;;1.412,45 €;Atlanta Mesa;;;;;Balliu;0;Rojo;Sin match fiable
BALLIU_ATLANTA_MESA_240X90_TABLERO_H_D4E471C5;Mesa exterior HPL | 240×90 cm;694,04 €;1.422,78 €;395,26 €;56,95 %;;;1.422,78 €;Atlanta Mesa;;;;;Balliu;0;Rojo;Sin match fiable
BALLIU_ATLANTA_MESA_140_180X90_EXTEN_E4EC7D7C;Mesa exterior | 140/180×90 cm;789,72 €;1.618,93 €;449,74 €;56,95 %;;;1.618,93 €;Atlanta Mesa;;;;;Balliu;0;Rojo;Sin match fiable
BALLIU_ATLANTA_MESA_200_260X100_EXTE_9D798E50;Mesa exterior | 200/260×100 cm;1.035,01 €;2.121,77 €;589,44 €;56,95 %;;;2.121,77 €;Atlanta Mesa;;;;;Balliu;0;Rojo;Sin match fiable
BALLIU_MESA_JAVA_140_180X100_EXTE_8E073AAB;Mesa exterior HPL | 140/180×100 cm;975,21 €;1.999,18 €;555,38 €;56,95 %;;;1.999,18 €;Mesa Java;;;;;Balliu;0;Rojo;Sin match fiable
BALLIU_MESA_JAVA_140_180X100_EXTE_E5E3BB40;Mesa exterior HPL | 140/180×100 cm;987,56 €;2.024,50 €;562,42 €;56,95 %;;;2.024,50 €;Mesa Java;;;;;Balliu;0;Rojo;Sin match fiable
BALLIU_MESA_JAVA_200_260X100_EXTE_23187EA9;Mesa exterior HPL | 200/260×100 cm;1.250,19 €;2.562,89 €;711,98 €;56,95 %;;;2.562,89 €;Mesa Java;;;;;Balliu;0;Rojo;Sin match fiable
BALLIU_MESA_JAVA_200_260X100_EXTE_4A63BE2F;Mesa exterior HPL | 200/260×100 cm;1.423,37 €;2.917,91 €;810,61 €;56,95 %;;;2.917,91 €;Mesa Java;;;;;Balliu;0;Rojo;Sin match fiable
BALLIU_DIAM_70_MESA_ALTA_TABLERO_HPL_45C511E9;Mesa alta exterior HPL;273,99 €;561,68 €;156,04 €;56,95 %;;;561,68 €;Diam. 70 Mesa Alta;;;;;Balliu;0;Rojo;Sin match fiable
BALLIU_DIAM_70_MESA_ALTA_TABLERO_HPL_GD_F99491CE;Mesa alta exterior HPL;279,99 €;573,98 €;159,45 €;56,95 %;;;573,98 €;Diam. 70 Mesa Alta;;;;;Balliu;0;Rojo;Sin match fiable
BALLIU_DIAM_70_MESA_TABLERO_HPL_451E7BA8;Mesa exterior HPL;187,58 €;384,54 €;106,83 €;56,95 %;;;384,54 €;Diam. 70 Mesa;;;;;Balliu;0;Rojo;Sin match fiable
BALLIU_DIAM_70_MESA_TABLERO_HPL_GD_3ADFE773;Mesa exterior HPL;208,21 €;426,83 €;118,58 €;56,95 %;;;426,83 €;Diam. 70 Mesa;;;;;Balliu;0;Rojo;Sin match fiable
BALLIU_DIAM_80_MESA_TABLERO_HPL_65E3CA13;Mesa exterior HPL;207,97 €;426,34 €;118,44 €;56,95 %;;;426,34 €;Diam. 80 Mesa;;;;;Balliu;0;Rojo;Sin match fiable
BALLIU_DIAM_80_MESA_TABLERO_HPL_GD_1B4F3962;Mesa exterior HPL;235,95 €;483,70 €;134,37 €;56,95 %;;;483,70 €;Diam. 80 Mesa;;;;;Balliu;0;Rojo;Sin match fiable
BALLIU_CAPRI_MESA_DIAM_90_TABLE_HP_22901F1B;Mesa exterior aluminio | Ø90 cm;209,41 €;429,29 €;119,26 €;56,95 %;;;429,29 €;"La mesa Capri se caracteriza por su diseño elegante y robusto, con una estructura de aluminio endurecido y tornillería en acero inoxidable, que le conﬁeren durabilidad y resistencia.
El aluminio cepillado aporta un acabado elegante, mientras que el tablero en HPL, asegura una excelente resistencia. Además, cuenta con tapones para mejorar la estabilidad. Disponible también con tablero circular y en varias medidas, la mesa Capri es fácilmente combinable con otros modelos de su familia.
Tablero
Aluminio cepillado
HPL
Dimensiones: Peso: 24,7 kg";;;;https://www.balliuexport.com/wp-content/uploads/2020/02/capri-mesa-aluminio-800x614-1.jpg;Balliu;100;Verde;Catalogo + web
BALLIU_CAPRI_MESA_DIAM_90_TABLE_HP_6C6DFD1C;Mesa exterior aluminio | Ø90 cm;237,88 €;487,65 €;135,47 €;56,95 %;;;487,65 €;"La mesa Capri se caracteriza por su diseño elegante y robusto, con una estructura de aluminio endurecido y tornillería en acero inoxidable, que le conﬁeren durabilidad y resistencia.
El aluminio cepillado aporta un acabado elegante, mientras que el tablero en HPL, asegura una excelente resistencia. Además, cuenta con tapones para mejorar la estabilidad. Disponible también con tablero circular y en varias medidas, la mesa Capri es fácilmente combinable con otros modelos de su familia.
Tablero
Aluminio cepillado
HPL
Dimensiones: Peso: 24,7 kg";;;;https://www.balliuexport.com/wp-content/uploads/2020/02/capri-mesa-aluminio-800x614-1.jpg;Balliu;100;Verde;Catalogo + web
BALLIU_CAPRI_MESA_70X70_PIE_SIMPLE_724B0DB0;Mesa exterior aluminio | 70×70 cm;203,29 €;416,74 €;115,77 €;56,95 %;;;416,74 €;"La mesa Capri se caracteriza por su diseño elegante y robusto, con una estructura de aluminio endurecido y tornillería en acero inoxidable, que le conﬁeren durabilidad y resistencia.
El aluminio cepillado aporta un acabado elegante, mientras que el tablero en HPL, asegura una excelente resistencia. Además, cuenta con tapones para mejorar la estabilidad. Disponible también con tablero circular y en varias medidas, la mesa Capri es fácilmente combinable con otros modelos de su familia.
Tablero
Aluminio cepillado
HPL
Dimensiones: Peso: 24,7 kg";;;;https://www.balliuexport.com/wp-content/uploads/2020/02/capri-mesa-aluminio-800x614-1.jpg;Balliu;100;Verde;Catalogo + web
BALLIU_CAPRI_MESA_70X70_PIE_SIMPLE_A0A23F40;Mesa exterior aluminio | 70×70 cm;232,21 €;476,03 €;132,24 €;56,95 %;;;476,03 €;"La mesa Capri se caracteriza por su diseño elegante y robusto, con una estructura de aluminio endurecido y tornillería en acero inoxidable, que le conﬁeren durabilidad y resistencia.
El aluminio cepillado aporta un acabado elegante, mientras que el tablero en HPL, asegura una excelente resistencia. Además, cuenta con tapones para mejorar la estabilidad. Disponible también con tablero circular y en varias medidas, la mesa Capri es fácilmente combinable con otros modelos de su familia.
Tablero
Aluminio cepillado
HPL
Dimensiones: Peso: 24,7 kg";;;;https://www.balliuexport.com/wp-content/uploads/2020/02/capri-mesa-aluminio-800x614-1.jpg;Balliu;100;Verde;Catalogo + web
BALLIU_CAPRI_MESA_80X80_PIE_SIMPLE_2A80CB3A;Mesa exterior aluminio | 80×80 cm;218,28 €;447,47 €;124,31 €;56,95 %;;;447,47 €;"La mesa Capri se caracteriza por su diseño elegante y robusto, con una estructura de aluminio endurecido y tornillería en acero inoxidable, que le conﬁeren durabilidad y resistencia.
El aluminio cepillado aporta un acabado elegante, mientras que el tablero en HPL, asegura una excelente resistencia. Además, cuenta con tapones para mejorar la estabilidad. Disponible también con tablero circular y en varias medidas, la mesa Capri es fácilmente combinable con otros modelos de su familia.
Tablero
Aluminio cepillado
HPL
Dimensiones: Peso: 24,7 kg";;;;https://www.balliuexport.com/wp-content/uploads/2020/02/capri-mesa-aluminio-800x614-1.jpg;Balliu;100;Verde;Catalogo + web
BALLIU_CAPRI_MESA_80X80_PIE_SIMPLE_8CA835FF;Mesa exterior aluminio | 80×80 cm;228,90 €;469,25 €;130,36 €;56,95 %;;;469,25 €;"La mesa Capri se caracteriza por su diseño elegante y robusto, con una estructura de aluminio endurecido y tornillería en acero inoxidable, que le conﬁeren durabilidad y resistencia.
El aluminio cepillado aporta un acabado elegante, mientras que el tablero en HPL, asegura una excelente resistencia. Además, cuenta con tapones para mejorar la estabilidad. Disponible también con tablero circular y en varias medidas, la mesa Capri es fácilmente combinable con otros modelos de su familia.
Tablero
Aluminio cepillado
HPL
Dimensiones: Peso: 24,7 kg";;;;https://www.balliuexport.com/wp-content/uploads/2020/02/capri-mesa-aluminio-800x614-1.jpg;Balliu;100;Verde;Catalogo + web
BALLIU_CAPRI_MESA_120X80_PIE_DOBLE_5C848C82;Mesa exterior aluminio | 120×80 cm;285,53 €;585,34 €;162,61 €;56,95 %;;;585,34 €;"La mesa Capri se caracteriza por su diseño elegante y robusto, con una estructura de aluminio endurecido y tornillería en acero inoxidable, que le conﬁeren durabilidad y resistencia.
El aluminio cepillado aporta un acabado elegante, mientras que el tablero en HPL, asegura una excelente resistencia. Además, cuenta con tapones para mejorar la estabilidad. Disponible también con tablero circular y en varias medidas, la mesa Capri es fácilmente combinable con otros modelos de su familia.
Tablero
Aluminio cepillado
HPL
Dimensiones: Peso: 24,7 kg";;;;https://www.balliuexport.com/wp-content/uploads/2020/02/capri-mesa-aluminio-800x614-1.jpg;Balliu;100;Verde;Catalogo + web
BALLIU_CAPRI_MESA_120X80_PIE_DOBLE_798DCADF;Mesa exterior aluminio | 120×80 cm;334,63 €;685,99 €;190,57 €;56,95 %;;;685,99 €;"La mesa Capri se caracteriza por su diseño elegante y robusto, con una estructura de aluminio endurecido y tornillería en acero inoxidable, que le conﬁeren durabilidad y resistencia.
El aluminio cepillado aporta un acabado elegante, mientras que el tablero en HPL, asegura una excelente resistencia. Además, cuenta con tapones para mejorar la estabilidad. Disponible también con tablero circular y en varias medidas, la mesa Capri es fácilmente combinable con otros modelos de su familia.
Tablero
Aluminio cepillado
HPL
Dimensiones: Peso: 24,7 kg";;;;https://www.balliuexport.com/wp-content/uploads/2020/02/capri-mesa-aluminio-800x614-1.jpg;Balliu;100;Verde;Catalogo + web
BALLIU_CAPRI_MESA_120X80_PIE_DOBLE_3C3BF077;Mesa exterior aluminio | 120×80 cm;325,10 €;666,46 €;185,14 €;56,95 %;;;666,46 €;"La mesa Capri se caracteriza por su diseño elegante y robusto, con una estructura de aluminio endurecido y tornillería en acero inoxidable, que le conﬁeren durabilidad y resistencia.
El aluminio cepillado aporta un acabado elegante, mientras que el tablero en HPL, asegura una excelente resistencia. Además, cuenta con tapones para mejorar la estabilidad. Disponible también con tablero circular y en varias medidas, la mesa Capri es fácilmente combinable con otros modelos de su familia.
Tablero
Aluminio cepillado
HPL
Dimensiones: Peso: 24,7 kg";;;;https://www.balliuexport.com/wp-content/uploads/2020/02/capri-mesa-aluminio-800x614-1.jpg;Balliu;100;Verde;Catalogo + web
BALLIU_CAPRI_MESA_120X80_PIE_DOBLE_05C442CF;Mesa exterior aluminio | 120×80 cm;358,03 €;733,96 €;203,90 €;56,95 %;;;733,96 €;"La mesa Capri se caracteriza por su diseño elegante y robusto, con una estructura de aluminio endurecido y tornillería en acero inoxidable, que le conﬁeren durabilidad y resistencia.
El aluminio cepillado aporta un acabado elegante, mientras que el tablero en HPL, asegura una excelente resistencia. Además, cuenta con tapones para mejorar la estabilidad. Disponible también con tablero circular y en varias medidas, la mesa Capri es fácilmente combinable con otros modelos de su familia.
Tablero
Aluminio cepillado
HPL
Dimensiones: Peso: 24,7 kg";;;;https://www.balliuexport.com/wp-content/uploads/2020/02/capri-mesa-aluminio-800x614-1.jpg;Balliu;100;Verde;Catalogo + web
BALLIU_60X60_MESA_ALTA_TABLERO_HPL_GD_A3352658;Mesa alta exterior HPL;245,33 €;502,93 €;139,71 €;56,95 %;;;502,93 €;60X60 Mesa Alta;;;;;Balliu;0;Rojo;Sin match fiable
BALLIU_60X60_MESA_ALTA_TABLERO_HPL_GD_A3352658;Mesa alta exterior HPL;263,01 €;539,17 €;149,78 €;56,95 %;;;539,17 €;60X60 Mesa Alta;;;;;Balliu;0;Rojo;Sin match fiable
BALLIU_70X70_MESA_ALTA_TABLERO_HPL_94512EAB;Mesa alta exterior HPL;283,88 €;581,95 €;161,67 €;56,95 %;;;581,95 €;70X70 Mesa Alta;;;;;Balliu;0;Rojo;Sin match fiable
BALLIU_70X70_MESA_ALTA_TABLERO_HPL_GD_5D74130E;Mesa alta exterior HPL;317,28 €;650,42 €;180,69 €;56,95 %;;;650,42 €;70X70 Mesa Alta;;;;;Balliu;0;Rojo;Sin match fiable
BALLIU_SOFIA_MESA_70X70_TABLERO_HP_9D14E31F;Mesa exterior HPL | 70×70 cm;178,35 €;365,62 €;101,57 €;56,95 %;;;365,62 €;Sofia Mesa;;;;;Balliu;0;Rojo;Sin match fiable
BALLIU_SOFIA_MESA_70X70_TABLERO_HP_146F72CA;Mesa exterior HPL | 70×70 cm;177,50 €;363,88 €;101,09 €;56,95 %;;;363,88 €;Sofia Mesa;;;;;Balliu;0;Rojo;Sin match fiable
BALLIU_SOFIA_MESA_80X80_TABLERO_HP_1A2FE7B5;Mesa exterior HPL | 80×80 cm;186,98 €;383,31 €;106,48 €;56,95 %;;;383,31 €;Sofia Mesa;;;;;Balliu;0;Rojo;Sin match fiable
BALLIU_SOFIA_MESA_80X80_TABLERO_HP_96593887;Mesa exterior HPL | 80×80 cm;206,53 €;423,39 €;117,62 €;56,95 %;;;423,39 €;Sofia Mesa;;;;;Balliu;0;Rojo;Sin match fiable
BALLIU_SOFIA_MESA_70X70_HPL_F6074154;Mesa exterior HPL | 70×70 cm;226,39 €;464,10 €;128,93 €;56,95 %;;;464,10 €;Sofia Mesa;;;;;Balliu;0;Rojo;Sin match fiable
BALLIU_ALTEA_MESA_70_X_70_HPL_GD_1B61E6B6;Mesa exterior aluminio | 70×70 cm;258,36 €;529,64 €;147,14 €;56,95 %;;;529,64 €;"La mesa Altea destaca por su diseño sencillo y funcional, ideal para optimizar cualquier espacio. Su estructura de aluminio endurecido con base de polipropileno y tornillería en acero inoxidable garantizan resistencia y durabilidad.
El tablero abatible, fabricado en HPL, ofrece una superﬁcie robusta y de alta resistencia. Además, sus cuatro patas incorporan reguladores de estabilidad. Versátil y práctica, la mesa Altea se adapta a cualquier espacio.
Tablero
HPL
Aluminio texturizado
Dimensiones: Alto: 74 cm | Peso: N/D kg";;;74;https://www.balliuexport.com/wp-content/uploads/2023/12/altea-mesa-tortola-800x614-1.jpg;Balliu;100;Verde;Catalogo + web
BALLIU_ALTEA_MESA_80_X_80_HPL_A05618AD;Mesa exterior aluminio | 80×80 cm;226,79 €;464,92 €;129,16 €;56,95 %;;;464,92 €;"La mesa Altea destaca por su diseño sencillo y funcional, ideal para optimizar cualquier espacio. Su estructura de aluminio endurecido con base de polipropileno y tornillería en acero inoxidable garantizan resistencia y durabilidad.
El tablero abatible, fabricado en HPL, ofrece una superﬁcie robusta y de alta resistencia. Además, sus cuatro patas incorporan reguladores de estabilidad. Versátil y práctica, la mesa Altea se adapta a cualquier espacio.
Tablero
HPL
Aluminio texturizado
Dimensiones: Alto: 74 cm | Peso: N/D kg";;;74;https://www.balliuexport.com/wp-content/uploads/2023/12/altea-mesa-tortola-800x614-1.jpg;Balliu;100;Verde;Catalogo + web
BALLIU_ALTEA_MESA_80_X_80_HPL_GD_0A3EE957;Mesa exterior aluminio | 80×80 cm;258,75 €;530,44 €;147,36 €;56,95 %;;;530,44 €;"La mesa Altea destaca por su diseño sencillo y funcional, ideal para optimizar cualquier espacio. Su estructura de aluminio endurecido con base de polipropileno y tornillería en acero inoxidable garantizan resistencia y durabilidad.
El tablero abatible, fabricado en HPL, ofrece una superﬁcie robusta y de alta resistencia. Además, sus cuatro patas incorporan reguladores de estabilidad. Versátil y práctica, la mesa Altea se adapta a cualquier espacio.
Tablero
HPL
Aluminio texturizado
Dimensiones: Alto: 74 cm | Peso: N/D kg";;;74;https://www.balliuexport.com/wp-content/uploads/2023/12/altea-mesa-tortola-800x614-1.jpg;Balliu;100;Verde;Catalogo + web
BALLIU_ALTEA_MESA_DIAM_80_HPL_50525E0B;Mesa exterior aluminio | Ø80 cm;205,19 €;420,64 €;116,86 €;56,95 %;;;420,64 €;"La mesa Altea destaca por su diseño sencillo y funcional, ideal para optimizar cualquier espacio. Su estructura de aluminio endurecido con base de polipropileno y tornillería en acero inoxidable garantizan resistencia y durabilidad.
El tablero abatible, fabricado en HPL, ofrece una superﬁcie robusta y de alta resistencia. Además, sus cuatro patas incorporan reguladores de estabilidad. Versátil y práctica, la mesa Altea se adapta a cualquier espacio.
Tablero
HPL
Aluminio texturizado
Dimensiones: Alto: 74 cm | Peso: N/D kg";;;74;https://www.balliuexport.com/wp-content/uploads/2023/12/altea-mesa-tortola-800x614-1.jpg;Balliu;100;Verde;Catalogo + web
BALLIU_ALTEA_MESA_DIAM_80_HPL_GD_B06218CA;Mesa exterior aluminio | Ø80 cm;211,05 €;432,65 €;120,19 €;56,95 %;;;432,65 €;"La mesa Altea destaca por su diseño sencillo y funcional, ideal para optimizar cualquier espacio. Su estructura de aluminio endurecido con base de polipropileno y tornillería en acero inoxidable garantizan resistencia y durabilidad.
El tablero abatible, fabricado en HPL, ofrece una superﬁcie robusta y de alta resistencia. Además, sus cuatro patas incorporan reguladores de estabilidad. Versátil y práctica, la mesa Altea se adapta a cualquier espacio.
Tablero
HPL
Aluminio texturizado
Dimensiones: Alto: 74 cm | Peso: N/D kg";;;74;https://www.balliuexport.com/wp-content/uploads/2023/12/altea-mesa-tortola-800x614-1.jpg;Balliu;100;Verde;Catalogo + web
BALLIU_ALTEA_MESA_120_X_80_HPL_BF75A33D;Mesa exterior aluminio | 120×80 cm;361,89 €;741,87 €;206,10 €;56,95 %;;;741,87 €;"La mesa Altea destaca por su diseño sencillo y funcional, ideal para optimizar cualquier espacio. Su estructura de aluminio endurecido con base de polipropileno y tornillería en acero inoxidable garantizan resistencia y durabilidad.
El tablero abatible, fabricado en HPL, ofrece una superﬁcie robusta y de alta resistencia. Además, sus cuatro patas incorporan reguladores de estabilidad. Versátil y práctica, la mesa Altea se adapta a cualquier espacio.
Tablero
HPL
Aluminio texturizado
Dimensiones: Alto: 74 cm | Peso: N/D kg";;;74;https://www.balliuexport.com/wp-content/uploads/2023/12/altea-mesa-tortola-800x614-1.jpg;Balliu;100;Verde;Catalogo + web
BALLIU_AGATA_MESA_120_X_80_HPL_GD_D7AB6E04;Mesa exterior aluminio | 75 cm;368,60 €;755,63 €;209,92 €;56,95 %;;;755,63 €;"La mesa Agata destaca por su diseño equilibrado y atemporal. Su estructura de aluminio endurecido y base de acero proporcionan una gran resistencia, mientras que los tapones reguladores permiten ajustar la estabilidad.
El tablero presenta un elegante patrón de rallas, mientras que las esquinas redondeadas suavizan su estética. La estructura cilíndrica complementa el conjunto, brindando un diseño sólido y elegante.
Aluminio texturizado
Dimensiones: Largo: 75 cm | Ancho: 75 cm | Alto: 74 cm | Peso: 20 kg";75;;74;https://www.balliuexport.com/wp-content/uploads/2020/02/agata-mesa-aluminio-800x614-1.jpg;Balliu;100;Verde;Catalogo + web
BALLIU_AGATA_MESA_70X70_ENCIMERA_A_DD745448;Mesa exterior aluminio | 75 cm;186,62 €;382,57 €;106,28 €;56,95 %;;;382,57 €;"La mesa Agata destaca por su diseño equilibrado y atemporal. Su estructura de aluminio endurecido y base de acero proporcionan una gran resistencia, mientras que los tapones reguladores permiten ajustar la estabilidad.
El tablero presenta un elegante patrón de rallas, mientras que las esquinas redondeadas suavizan su estética. La estructura cilíndrica complementa el conjunto, brindando un diseño sólido y elegante.
Aluminio texturizado
Dimensiones: Largo: 75 cm | Ancho: 75 cm | Alto: 74 cm | Peso: 20 kg";75;;74;https://www.balliuexport.com/wp-content/uploads/2020/02/agata-mesa-aluminio-800x614-1.jpg;Balliu;100;Verde;Catalogo + web
BALLIU_AGATA_MESA_180_X_90_ENCIMER_C0092E17;Mesa exterior aluminio | 75 cm;270,76 €;555,06 €;154,20 €;56,95 %;;;555,06 €;"La mesa Agata destaca por su diseño equilibrado y atemporal. Su estructura de aluminio endurecido y base de acero proporcionan una gran resistencia, mientras que los tapones reguladores permiten ajustar la estabilidad.
El tablero presenta un elegante patrón de rallas, mientras que las esquinas redondeadas suavizan su estética. La estructura cilíndrica complementa el conjunto, brindando un diseño sólido y elegante.
Aluminio texturizado
Dimensiones: Largo: 75 cm | Ancho: 75 cm | Alto: 74 cm | Peso: 20 kg";75;;74;https://www.balliuexport.com/wp-content/uploads/2020/02/agata-mesa-aluminio-800x614-1.jpg;Balliu;100;Verde;Catalogo + web
BALLIU_NORA_MESA_DIAMETRO_70_ALUM_72514F40;Mesa exterior aluminio | 72 cm;120,39 €;246,80 €;68,56 €;56,95 %;;;246,80 €;"La mesa Nora se distingue por su diseño simple y orgánico. Fabricada con una estructura y tablero de aluminio endurecido, junto con una base de acero y tornillería en acero inoxidable, ofrece una excelente resistencia y durabilidad.
Su pintura con acabado texturizado resalta el material, añadiendo un toque distintivo. Los tapones graduables en la base mejoran la estabilidad, permitiendo un ajuste preciso en superﬁcies irregulares.
Aluminio texturizado
Dimensiones: Largo: 72 cm | Ancho: 72 cm | Alto: 74 cm | Peso: 17 kg";72;;74;https://www.balliuexport.com/wp-content/uploads/2020/02/nora-mesa-blanco-800x614-1.jpg;Balliu;100;Verde;Catalogo + web
BALLIU_OLIMPIA_SOFA_INDIVIDUAL_TELA__5E2EF268;Sofá exterior 3 plazas aluminio · estilo elegante | 62 cm;279,44 €;572,85 €;159,14 €;56,95 %;;;572,85 €;"El sofá Olimpia destaca por su diseño atemporal, con líneas rectas que aportan un estilo elegante a cualquier espacio. Su estructura de aluminio endurecido con tornillería en acero inoxidable garantiza máxima resistencia y durabilidad.
Pensado para quienes buscan ﬁrmeza y estabilidad, sus cojines están rellenos de espuma Dryfeel. Esto permite su uso en exteriores sin necesidad de protección, aportando una mayor resistencia a la intemperie. Disponible en versiones de 1, 2 y 3 plazas, se adapta a distintos espacios.
Tejido Balliu
Aluminio texturizado
Dimensiones: Largo: 62, Doble:126, Triple:184 cm | Ancho: 62 cm | Alto: 73 cm | Peso: 9,5, Doble: 20,7, Triple: 28,8 kg";62;;73;https://www.balliuexport.com/wp-content/uploads/2020/02/2019_jmf3615_v2.jpg;Balliu;100;Verde;Catalogo + web
BALLIU_OLIMPIA_SOFA_DOBLE_TELA_BALLI_4C82D31E;Sofá exterior 3 plazas aluminio · estilo elegante | 62 cm;356,97 €;731,79 €;203,29 €;56,95 %;;;731,79 €;"El sofá Olimpia destaca por su diseño atemporal, con líneas rectas que aportan un estilo elegante a cualquier espacio. Su estructura de aluminio endurecido con tornillería en acero inoxidable garantiza máxima resistencia y durabilidad.
Pensado para quienes buscan ﬁrmeza y estabilidad, sus cojines están rellenos de espuma Dryfeel. Esto permite su uso en exteriores sin necesidad de protección, aportando una mayor resistencia a la intemperie. Disponible en versiones de 1, 2 y 3 plazas, se adapta a distintos espacios.
Tejido Balliu
Aluminio texturizado
Dimensiones: Largo: 62, Doble:126, Triple:184 cm | Ancho: 62 cm | Alto: 73 cm | Peso: 9,5, Doble: 20,7, Triple: 28,8 kg";62;;73;https://www.balliuexport.com/wp-content/uploads/2020/02/2019_jmf3615_v2.jpg;Balliu;100;Verde;Catalogo + web
BALLIU_OLIMPIA_SOFA_TRIPLE_TELA_BALL_CACE2317;Sofá exterior 3 plazas aluminio · estilo elegante | 62 cm;534,41 €;1.095,54 €;304,35 €;56,95 %;;;1.095,54 €;"El sofá Olimpia destaca por su diseño atemporal, con líneas rectas que aportan un estilo elegante a cualquier espacio. Su estructura de aluminio endurecido con tornillería en acero inoxidable garantiza máxima resistencia y durabilidad.
Pensado para quienes buscan ﬁrmeza y estabilidad, sus cojines están rellenos de espuma Dryfeel. Esto permite su uso en exteriores sin necesidad de protección, aportando una mayor resistencia a la intemperie. Disponible en versiones de 1, 2 y 3 plazas, se adapta a distintos espacios.
Tejido Balliu
Aluminio texturizado
Dimensiones: Largo: 62, Doble:126, Triple:184 cm | Ancho: 62 cm | Alto: 73 cm | Peso: 9,5, Doble: 20,7, Triple: 28,8 kg";62;;73;https://www.balliuexport.com/wp-content/uploads/2020/02/2019_jmf3615_v2.jpg;Balliu;100;Verde;Catalogo + web
BALLIU_OLIMPIA_MESA_AUXILIA_CENTRAL_TABLERO__19D3D0EE;Mesa auxiliar exterior aluminio | 54 cm;122,04 €;250,18 €;69,50 €;56,95 %;;;250,18 €;"La mesa auxiliar Olimpia destaca por su diseño contemporáneo y funcional. Con una estructura monobloque de aluminio endurecido, ofrece gran solidez y durabilidad.
El tablero, fabricado con tejido Balliu personalizable, aporta un toque único, siendo una opción distintiva en cualquier espacio. Su diseño apilable añade practicidad, mientras que sus líneas rectas refuerzan su estética simple y moderna. Perfectamente combinable con la familia Olimpia, es ideal para un estilo limpio y elegante.
Tejido Balliu
Aluminio texturizado
Dimensiones: Largo: 74 cm | Ancho: 54 cm | Alto: 34 cm | Peso: 7,9 kg";54;;34;https://www.balliuexport.com/wp-content/uploads/2020/02/olimpia-mesa-central-blanco-800x614-2.jpg;Balliu;100;Verde;Catalogo + web
BALLIU_OLIMPIA_MESA_AUXILIA_CENTRAL_TABLERO__9E2A2ECB;Mesa auxiliar exterior aluminio | 54 cm;130,35 €;267,22 €;74,23 €;56,95 %;;;267,22 €;"La mesa auxiliar Olimpia destaca por su diseño contemporáneo y funcional. Con una estructura monobloque de aluminio endurecido, ofrece gran solidez y durabilidad.
El tablero, fabricado con tejido Balliu personalizable, aporta un toque único, siendo una opción distintiva en cualquier espacio. Su diseño apilable añade practicidad, mientras que sus líneas rectas refuerzan su estética simple y moderna. Perfectamente combinable con la familia Olimpia, es ideal para un estilo limpio y elegante.
Tejido Balliu
Aluminio texturizado
Dimensiones: Largo: 74 cm | Ancho: 54 cm | Alto: 34 cm | Peso: 7,9 kg";54;;34;https://www.balliuexport.com/wp-content/uploads/2020/02/olimpia-mesa-central-blanco-800x614-2.jpg;Balliu;100;Verde;Catalogo + web
BALLIU_OLIMPIA_MESA_AUXILIA_ESQUINERA_TABLER_5AD43BF2;Mesa auxiliar exterior aluminio | 54 cm;123,32 €;252,81 €;70,23 €;56,95 %;;;252,81 €;"La mesa auxiliar Olimpia destaca por su diseño contemporáneo y funcional. Con una estructura monobloque de aluminio endurecido, ofrece gran solidez y durabilidad.
El tablero, fabricado con tejido Balliu personalizable, aporta un toque único, siendo una opción distintiva en cualquier espacio. Su diseño apilable añade practicidad, mientras que sus líneas rectas refuerzan su estética simple y moderna. Perfectamente combinable con la familia Olimpia, es ideal para un estilo limpio y elegante.
Tejido Balliu
Aluminio texturizado
Dimensiones: Largo: 74 cm | Ancho: 54 cm | Alto: 34 cm | Peso: 7,9 kg";54;;34;https://www.balliuexport.com/wp-content/uploads/2020/02/olimpia-mesa-central-blanco-800x614-2.jpg;Balliu;100;Verde;Catalogo + web
BALLIU_OLIMPIA_MESA_AUXILIA_ESQUINERA_TABLER_2AD5A2DF;Mesa auxiliar exterior aluminio | 54 cm;136,79 €;280,42 €;77,90 €;56,95 %;;;280,42 €;"La mesa auxiliar Olimpia destaca por su diseño contemporáneo y funcional. Con una estructura monobloque de aluminio endurecido, ofrece gran solidez y durabilidad.
El tablero, fabricado con tejido Balliu personalizable, aporta un toque único, siendo una opción distintiva en cualquier espacio. Su diseño apilable añade practicidad, mientras que sus líneas rectas refuerzan su estética simple y moderna. Perfectamente combinable con la familia Olimpia, es ideal para un estilo limpio y elegante.
Tejido Balliu
Aluminio texturizado
Dimensiones: Largo: 74 cm | Ancho: 54 cm | Alto: 34 cm | Peso: 7,9 kg";54;;34;https://www.balliuexport.com/wp-content/uploads/2020/02/olimpia-mesa-central-blanco-800x614-2.jpg;Balliu;100;Verde;Catalogo + web
BALLIU_ETNA_SOFA_INDIVIDUAL_ACRIL_674AB9A1;Sofá exterior 3 plazas aluminio · estilo contemporáneo | 77 cm;367,06 €;752,47 €;209,04 €;56,95 %;;;752,47 €;"El sofá Etna combina elegancia y confort para crear un espacio de descanso al aire libre. Su estructura de aluminio endurecido con tornillería en acero inoxidable garantiza resistencia y durabilidad.
Con reposabrazos integrados, respaldo inclinado y patas traseras inclinadas, ofrece una estética relajada y acogedora. Disponible en 1, 2 y 3 plazas, se adapta a diferentes espacios y necesidades. Además, gracias a su combinación de materiales, el sofá ofrece un extra de confort. Para alargar su vida útil, se recomienda su uso en zonas cubiertas o protegidas de la lluvia.
Tejido acrílico
Aluminio texturizado
Dimensiones: Largo: 68, Doble: 126, Triple: 184 cm | Ancho: 77 cm | Alto: 96 cm | Peso: 9,5, Doble: 20,7, Triple: 28,8 kg";77;;96;https://www.balliuexport.com/wp-content/uploads/2023/07/Balliu-5690-by-mCFalkyphoto-TpSze.jpg;Balliu;100;Verde;Catalogo + web
BALLIU_ETNA_SOFA_DOBLE_ACRILICO_AED77E2A;Sofá exterior 3 plazas aluminio · estilo contemporáneo | 77 cm;611,77 €;1.254,13 €;348,40 €;56,95 %;;;1.254,13 €;"El sofá Etna combina elegancia y confort para crear un espacio de descanso al aire libre. Su estructura de aluminio endurecido con tornillería en acero inoxidable garantiza resistencia y durabilidad.
Con reposabrazos integrados, respaldo inclinado y patas traseras inclinadas, ofrece una estética relajada y acogedora. Disponible en 1, 2 y 3 plazas, se adapta a diferentes espacios y necesidades. Además, gracias a su combinación de materiales, el sofá ofrece un extra de confort. Para alargar su vida útil, se recomienda su uso en zonas cubiertas o protegidas de la lluvia.
Tejido acrílico
Aluminio texturizado
Dimensiones: Largo: 68, Doble: 126, Triple: 184 cm | Ancho: 77 cm | Alto: 96 cm | Peso: 9,5, Doble: 20,7, Triple: 28,8 kg";77;;96;https://www.balliuexport.com/wp-content/uploads/2023/07/Balliu-5690-by-mCFalkyphoto-TpSze.jpg;Balliu;100;Verde;Catalogo + web
BALLIU_ETNA_SOFA_TRIPLE_ACRILICO_E58D825A;Sofá exterior 3 plazas aluminio · estilo contemporáneo | 77 cm;837,52 €;1.716,92 €;476,97 €;56,95 %;;;1.716,92 €;"El sofá Etna combina elegancia y confort para crear un espacio de descanso al aire libre. Su estructura de aluminio endurecido con tornillería en acero inoxidable garantiza resistencia y durabilidad.
Con reposabrazos integrados, respaldo inclinado y patas traseras inclinadas, ofrece una estética relajada y acogedora. Disponible en 1, 2 y 3 plazas, se adapta a diferentes espacios y necesidades. Además, gracias a su combinación de materiales, el sofá ofrece un extra de confort. Para alargar su vida útil, se recomienda su uso en zonas cubiertas o protegidas de la lluvia.
Tejido acrílico
Aluminio texturizado
Dimensiones: Largo: 68, Doble: 126, Triple: 184 cm | Ancho: 77 cm | Alto: 96 cm | Peso: 9,5, Doble: 20,7, Triple: 28,8 kg";77;;96;https://www.balliuexport.com/wp-content/uploads/2023/07/Balliu-5690-by-mCFalkyphoto-TpSze.jpg;Balliu;100;Verde;Catalogo + web
BALLIU_ETNA_MESA_CENTRAL_TABLERO_HPL_510B363E;Mesa de centro exterior aluminio | 60 cm;194,70 €;399,14 €;110,88 €;56,95 %;;;399,14 €;"La mesa Etna central mantiene la esencia de la familia Etna. Su diseño simple y limpio, con líneas rectas y equilibradas, le aporta un estilo elegante y atemporal.
Fabricada en aluminio endurecido con tornillería en acero inoxidable, garantiza resistencia y estabilidad. Su tablero de HPL, altamente duradero, facilita combinaciones versatiles para cualquier entorno. La Etna central es soﬁsticada y funcional, ideal para combinar con otros elementos de la familia Etna.
Tablero
HPL
Aluminio texturizado
Dimensiones: Largo: 110 cm | Ancho: 60 cm | Alto: 44,5 cm | Peso: N/D kg";60;;44,5;https://www.balliuexport.com/wp-content/uploads/2026/02/Balliu_MesaCentral-Etna_blanco_Moonwalk2.jpg;Balliu;100;Verde;Catalogo + web
BALLIU_ETNA_MESA_CENTRAL_TABLERO_HPL_GD_BC53F712;Mesa de centro exterior aluminio | 60 cm;226,66 €;464,65 €;129,08 €;56,95 %;;;464,65 €;"La mesa Etna central mantiene la esencia de la familia Etna. Su diseño simple y limpio, con líneas rectas y equilibradas, le aporta un estilo elegante y atemporal.
Fabricada en aluminio endurecido con tornillería en acero inoxidable, garantiza resistencia y estabilidad. Su tablero de HPL, altamente duradero, facilita combinaciones versatiles para cualquier entorno. La Etna central es soﬁsticada y funcional, ideal para combinar con otros elementos de la familia Etna.
Tablero
HPL
Aluminio texturizado
Dimensiones: Largo: 110 cm | Ancho: 60 cm | Alto: 44,5 cm | Peso: N/D kg";60;;44,5;https://www.balliuexport.com/wp-content/uploads/2026/02/Balliu_MesaCentral-Etna_blanco_Moonwalk2.jpg;Balliu;100;Verde;Catalogo + web
BALLIU_PARASOL_TELA_ACRILICA_236BD5F0;Parasol para terraza acrílico;221,96 €;455,02 €;126,41 €;56,95 %;;;455,02 €;Parasol;;;;;Balliu;0;Rojo;Sin match fiable
BALLIU_PARASOL_TELA_BALLIU_82E48B2D;Parasol para terraza;206,48 €;423,28 €;117,59 €;56,95 %;;;423,28 €;Parasol;;;;;Balliu;0;Rojo;Sin match fiable
BALLIU_PARASOL_TELA_ACRILICA_236BD5F0;Parasol para terraza acrílico;213,86 €;438,41 €;121,79 €;56,95 %;;;438,41 €;Parasol;;;;;Balliu;0;Rojo;Sin match fiable
BALLIU_PARASOL_TELA_BALLIU_82E48B2D;Parasol para terraza;163,38 €;334,93 €;93,04 €;56,95 %;;;334,93 €;Parasol;;;;;Balliu;0;Rojo;Sin match fiable
BALLIU_PARASOL_TELA_BALLIU_250__F1ED8B8B;Parasol para terraza;204,95 €;420,15 €;116,72 €;56,95 %;;;420,15 €;Parasol;;;;;Balliu;0;Rojo;Sin match fiable
BALLIU_PARASOL_TELA_ACRILICA_25_C8DD492D;Parasol para terraza acrílico;222,76 €;456,66 €;126,86 €;56,95 %;;;456,66 €;Parasol;;;;;Balliu;0;Rojo;Sin match fiable
BALLIU_PARASOL_TELA_ACRILICA_236BD5F0;Parasol para terraza acrílico;228,96 €;469,37 €;130,39 €;56,95 %;;;469,37 €;Parasol;;;;;Balliu;0;Rojo;Sin match fiable
BALLIU_PARASOL_TELA_BALLIU_82E48B2D;Parasol para terraza;217,14 €;445,14 €;123,66 €;56,95 %;;;445,14 €;Parasol;;;;;Balliu;0;Rojo;Sin match fiable
BALLIU_GARBI_PARASOL_DIAM_300_CM_TELA_3B7E77D1;Parasol para terraza aluminio | Ø300 cm;561,54 €;1.151,16 €;319,80 €;56,95 %;;;1.151,16 €;"El parasol Garbí es una opción de gran tamaño, ideal para cualquier espacio exterior. Con una estructura de aluminio y varillas con perﬁl rectangular de aluminio, garantiza excelente resistencia. Su tejido Textilene lo convierte en una opción destacada en su categoría. Este material ofrece una gran resistencia y una larga vida útil.
Cuenta con una válvula de liberación de aire incorporada para mayor estabilidad, y su diseño redondo asegura una cobertura óptima. Diseñado para ser usado con base, disponible en nuestro catálogo, el Garbí es ideal para quienes buscan una solución funcional y robusta para grandes áreas exteriores.
Tejido Balliu
Aluminio mate
Dimensiones: Alto: 275 cm | Diámetro: 300 cm | Peso: 17 kg";;;275;https://www.balliuexport.com/wp-content/uploads/2025/04/garbi-parasol-800x614-01-1200x921.jpg;Balliu;100;Verde;Catalogo + web
BALLIU_BRISA_PARASOL_PARASOL_TELA_BAL_0CEBA8E7;Parasol para terraza aluminio | 300 cm;561,54 €;1.151,16 €;319,80 €;56,95 %;;;1.151,16 €;"El parasol Brisa es una opción que combina resistencia, ligereza y funcionalidad en un diseño de gran tamaño. Su estructura y varillas de aluminio garantizan una excelente durabilidad, mientras que su tejido de Textilene lo distingue de otros parasoles. Este material, poco común en su categoría, ofrece una resistencia excepcional.
Su panel cuadrado proporciona una amplia zona de sombra, ideal para cualquier espacio exterior. Incorpora una válvula de liberación de aire para mayor estabilidad y está diseñada para utilizarse con base, disponible en nuestro catálogo.
Tejido Balliu
Dimensiones: Ancho: 300 cm | Alto: 285 cm | Peso: 10 kg";300;;285;https://www.balliuexport.com/wp-content/uploads/2023/12/brisa-parasol-avena-800x614-1.jpg;Balliu;100;Verde;Catalogo + web
BALLIU_ROMA_PARASOL_300X300_CM_6C1E1224;Parasol para terraza aluminio | 300 cm;1.019,50 €;2.089,98 €;580,60 €;56,95 %;;;2.089,98 €;"El parasol Roma es una opción de gran tamaño, diseñado para ofrecer máxima sombra y confort. Su estructura y varillas de aluminio proporcionan una excelente durabilidad, mientras que la válvula de liberación de aire garantiza mayor estabilidad.
Se abre fácilmente con manivela, permitiendo regular su inclinación. Incluye una cruzeta con rotación de 360º para ser ﬁjada con losas de hormigón, disponibles en nuestro catálogo. Ideal para grandes espacios, el Roma es sinónimo de resistencia y versatilidad.
Tejido acrílico
Dimensiones: Ancho: 300 cm | Alto: 210 cm | Peso: N/D kg";300;;210;https://www.balliuexport.com/wp-content/uploads/2023/12/roma-parasol-gris-oscuro-800x614-1.jpg;Balliu;100;Verde;Catalogo + web
BALLIU_PASARELA_RESINA_RECI_METRO_PASARELA_B_DA11D420;Accesorio exterior resina;48,25 €;98,91 €;27,48 €;56,95 %;;;98,91 €;Pasarela Resina Reciclada 100 %;;;;;Balliu;0;Rojo;Sin match fiable
BALLIU_PASARELA_RESINA_METRO_PASARELA_1_DF85D2D1;Accesorio exterior resina;82,22 €;168,55 €;46,82 €;56,95 %;;;168,55 €;Pasarela Resina;;;;;Balliu;0;Rojo;Sin match fiable
BALLIU_COLCHONETA_TUMBONA_TEJIDO_ACRILICO_26977CB8;Colchoneta para tumbona acrílico;70,57 €;144,67 €;40,19 €;56,95 %;;;144,67 €;Colchoneta Tumbona;;;;;Balliu;0;Rojo;Sin match fiable
BALLIU_COLCHONETA_TUMBONA_TELA_BALLIU_GUAT_0E9A3256;Colchoneta para tumbona;62,07 €;127,24 €;35,35 €;56,95 %;;;127,24 €;Colchoneta Tumbona;;;;;Balliu;0;Rojo;Sin match fiable
BALLIU_COLCHONETA_TUMBONA_TELA_BALLIU_DRYF_41269616;Colchoneta para tumbona;102,54 €;210,21 €;58,40 €;56,95 %;;;210,21 €;Colchoneta Tumbona;;;;;Balliu;0;Rojo;Sin match fiable
BALLIU_WEGUARD_CAJA_DE_SEGU_6264905D;Mobiliario exterior resina | 28 cm;34,61 €;70,95 €;19,71 €;56,95 %;;;70,95 €;"La caja de seguridad WeGuard está fabricada con polipropileno de alta resistencia, ofreciendo durabilidad y seguridad. Cuenta con una cerradura de dial numérico y una llave de seguridad para mayor protección.
Su capacidad de 1,6 litros es ideal para guardar objetos pequeños. Compatible exclusivamente con las tumbonas Eva Pro, es una solución perfecta para mantener tus pertenencias a salvo.
Resina Classic
Dimensiones: Largo: 20 cm | Ancho: 28 cm | Alto: 8,5 cm | Peso: N/D kg";28;;8,5;https://www.balliuexport.com/wp-content/uploads/2024/03/weguard-caja-de-seguridad-blanco-ambiente-800x614-1.jpg;Balliu;69;Amarillo;Catalogo + web
BALLIU_PIE_PARASOL_40_KG_C2147052;Pie de parasol;88,17 €;180,75 €;50,21 €;56,95 %;;;180,75 €;Pie Parasol 40 kg;;;;;Balliu;0;Rojo;Sin match fiable
BALLIU_PIE_PARASOL_40_KG_RE_FAB3CAC6;Pie de parasol;68,16 €;139,73 €;38,82 €;56,95 %;;;139,73 €;Pie Parasol 40 kg Recubrimiento Plastico;;;;;Balliu;0;Rojo;Sin match fiable
BALLIU_BASE_HORMIGON_25_KG_3EE8B72D;Base de parasol;54,88 €;112,50 €;31,26 €;56,95 %;;;112,50 €;Base Hormigón 25 Kg;;;;;Balliu;0;Rojo;Sin match fiable
BALLIU_BASE_HORMIGON_30_KG_890A4CD4;Base de parasol;27,52 €;56,42 €;15,67 €;56,95 %;;;56,42 €;Base Hormigón 30 Kg;;;;;Balliu;0;Rojo;Sin match fiable
BALLIU_FUNDA_TUMBONA_12_UNIDADES_D7D20AB0;Funda protectora exterior;137,94 €;282,78 €;78,56 €;56,95 %;;;282,78 €;Funda Tumbona;;;;;Balliu;0;Rojo;Sin match fiable
BALLIU_FUNDA_TUMBONA_24_UNIDADES_287BB1C0;Funda protectora exterior;176,97 €;362,79 €;100,78 €;56,95 %;;;362,79 €;Funda Tumbona;;;;;Balliu;0;Rojo;Sin match fiable
BALLIU_FUNDA_TUMBONA_2_UNIDADES_686CC405;Funda protectora exterior;42,82 €;87,78 €;24,39 €;56,95 %;;;87,78 €;Funda Tumbona;;;;;Balliu;0;Rojo;Sin match fiable
BALLIU_FUNDA_PARASOL_1_UNIDADES_ACRIL_A1C16324;Funda protectora exterior acrílico;19,68 €;40,34 €;11,21 €;56,95 %;;;40,34 €;Funda Parasol;;;;;Balliu;0;Rojo;Sin match fiable
BALLIU_FUNDA_SOFA_SOFA_INDIVIDUAL_6F6D4953;Funda protectora exterior;69,71 €;142,91 €;39,70 €;56,95 %;;;142,91 €;Funda sofá;;;;;Balliu;0;Rojo;Sin match fiable
BALLIU_FUNDA_SOFA_SOFA_DOBLE_0595C4C0;Funda protectora exterior;99,95 €;204,90 €;56,92 €;56,95 %;;;204,90 €;Funda sofá;;;;;Balliu;0;Rojo;Sin match fiable
BALLIU_FUNDA_SOFA_SOFA_TRIPLE_852AF1C6;Funda protectora exterior;122,35 €;250,82 €;69,68 €;56,95 %;;;250,82 €;Funda sofá;;;;;Balliu;0;Rojo;Sin match fiable
BALLIU_FUNDA_SILLA_6_UNIDADES_340B2844;Funda protectora exterior;45,21 €;92,68 €;25,75 €;56,95 %;;;92,68 €;Funda Silla;;;;;Balliu;0;Rojo;Sin match fiable
BALLIU_COJIN_40X40_COJIN_CUADRAL_523E5AE9;Cojín exterior;28,69 €;58,81 €;16,34 €;56,95 %;;;58,81 €;Cojin 40X40;;;;;Balliu;0;Rojo;Sin match fiable
BALLIU_PRODUCTO_LIMPIADOR_LIMPIADOR_TUMBON_D0D3FC26;Limpiador para mobiliario exterior;12,41 €;25,44 €;7,07 €;56,95 %;;;25,44 €;Producto Limpiador;;;;;Balliu;0;Rojo;Sin match fiable