SKU,Producto,Precio neto exworks ,PVP Recomendado,Descripción,Ancho (cm),Fondo (cm),Alto (cm),Imagen
557-010881,BRANDON-1 SILLON/ARMCHAIR/FAUTEUIL,617,980,"El sillón BRANDON-1 está fabricado íntegramente en aluminio con estructura tubular reforzada y acabado termo-lacado de alta resistencia. Su diseño combina líneas envolventes con cojines de gran volumen, ofreciendo ergonomía y estabilidad en entornos exteriores exigentes. Los cojines incorporan espuma de alta densidad y tapizado técnico para exterior, resistente a la intemperie y de fácil mantenimiento.",98,90,90,https://hevea.es/mpcrm/imgs/uploads/sill%C3%B3n%20brandon.png
557-010882,BRANDON-2 SOFA 2 PLAZAS/SOFA/CANAPÉ,926,1470,"El sofá BRANDON-2 de 2 plazas mantiene la estructura de aluminio reforzado con acabado de alta durabilidad, garantizando resistencia frente a humedad y radiación UV. Su diseño equilibrado ofrece confort y presencia estética en espacios exteriores contemporáneos. Incorpora cojines de asiento y respaldo de gran espesor con espuma técnica de alta recuperación, tapizados en tejido exterior preparado para uso intensivo.",166,90,90,https://hevea.es/mpcrm/imgs/uploads/brandon%202%20plazas.jpg
557-010879,BRANDON-3 SOFA 3 PLAZAS/SOFA/CANAPÉ,1222,1940,El sofá BRANDON-3 de 3 plazas amplía la capacidad manteniendo la solidez estructural en aluminio termo-lacado. Su formato lineal permite configuraciones amplias en terrazas y zonas lounge. Los cojines de gran volumen aportan máximo confort y están fabricados con materiales resistentes a la intemperie y diseñados para uso profesional exterior.,220,90,90,https://hevea.es/mpcrm/imgs/uploads/brandon%203%20plazas.png
557-010884,LUNA-44 SET MESAS CENTRO 80 + 60,274,435,"El set LUNA-44 incluye dos mesas de centro de 80 y 60 cm fabricadas con estructura metálica robusta y sobres resistentes para exterior. Su diseño modular permite superposición o uso independiente, adaptándose a diferentes composiciones lounge. Materiales preparados para exposición exterior y fácil mantenimiento.",140,,40,https://hevea.es/mpcrm/imgs/uploads/mesa%20brandon%20luna.jpg
557-010884,BRANDON-7 SET SOFA 2 PLAZAS/SOFA/CANAPÉ,2435,3865,"El conjunto BRANDON-7 integra sofá de 2 plazas, sillones y mesas auxiliares en una solución completa para espacios exteriores. Fabricado en aluminio con acabado de alta resistencia, está concebido para uso intensivo en hoteles y proyectos contract. Sus cojines técnicos garantizan confort prolongado y durabilidad frente a condiciones climáticas adversas.",,,,https://hevea.es/mpcrm/imgs/uploads/1739541476_BRANDON-7.jpg
557-010885,BRANDON-8 SET SOFA 3 PLAZAS/SOFA/CANAPÉ,2731,4335,"El conjunto BRANDON-8 ofrece una configuración de mayor capacidad con sofá de 3 plazas y piezas complementarias, manteniendo la estructura de aluminio reforzado y acabado premium. Diseñado para entornos profesionales exteriores, combina robustez, comodidad y estética contemporánea. Cojines de alta densidad con tejido técnico resistente a la intemperie.",,,,https://hevea.es/mpcrm/imgs/uploads/brandon%208%20(3).png
557-010935,DAMASCO-1 SILLON/ARMCHAIR/FAUTEUIL,413,655,"El sillón DAMASCO-1 es una pieza elegante y equilibrada para terrazas y jardines. Su diseño contemporáneo y sus cojines amplios ofrecen una experiencia de descanso cómoda y relajada. Fabricado con estructura resistente para exterior, garantiza estabilidad y durabilidad frente al uso diario. Ideal como pieza individual o combinado con el resto de la colección DAMASCO.",72,79,75,https://hevea.es/mpcrm/imgs/uploads/sillon%20damasco.png
557-010936,DAMASCO-2 SOFA 2 PLAZAS/SOFA/CANAPÉ,608,965,"El sofá DAMASCO de 2 plazas combina diseño moderno y confort en un formato compacto. Su estructura preparada para exterior aporta resistencia y estabilidad, mientras que sus cojines voluminosos garantizan una sentada cómoda y envolvente. Perfecto para terrazas urbanas o patios que buscan estilo y funcionalidad.",135,79,75,https://hevea.es/mpcrm/imgs/uploads/damasco%207.png
557-010937,DAMASCO-3 SOFA 3 PLAZAS/SOFA/CANAPÉ,772,1225,"El sofá DAMASCO de 3 plazas transforma cualquier espacio exterior en un auténtico salón al aire libre. Amplio y sofisticado, ofrece asiento profundo y cojines generosos que invitan al relax. Su estructura robusta asegura durabilidad y estabilidad durante todo el año.",194,79,75,https://hevea.es/mpcrm/imgs/uploads/damasco%208.png
557-1071,UNIVERSAL-80 MESA CENTRO/COFFEE TABLE,176,280,"La mesa de centro UNIVERSAL-80 destaca por su diseño minimalista y funcional. Compacta y resistente, está preparada para uso exterior y resulta ideal para apoyar bebidas o elementos decorativos. Se integra perfectamente en conjuntos de terraza modernos.",90,50,40,https://hevea.es/mpcrm/imgs/uploads/mesa%20universal%20centro%20estandar%2090.png
557-1563,UNIVERSAL-120 MESA CENTRO 120/COFFEE TABLE,246,390,"La mesa de centro UNIVERSAL-120 ofrece una superficie amplia y práctica para conjuntos de mayor tamaño. Su diseño limpio y estructura resistente la convierten en el complemento ideal para sofás de 3 plazas, aportando funcionalidad y equilibrio visual.",120,60,40,https://hevea.es/mpcrm/imgs/uploads/mesa%20centro%20120%20estandar.png
557-010938,SET DAMASCO 7 / 2 SEATER SOFA SET / SET CANAPÉ 2 PLACES,1610,2555,"El Set DAMASCO 7 incluye sofá de 2 plazas, sillones y mesa de centro, creando un conjunto completo y armonioso para exteriores. Diseñado para ofrecer comodidad y coherencia estética, es perfecto para terrazas que buscan un ambiente acogedor y elegante.",,,,https://hevea.es/mpcrm/imgs/uploads/1739779545_damasco%207.jpg
557-010939,SET DAMASCO 8 / 3 SEATER SOFA SET / SET CANAPÉ 3 PLACES,1843,2925,"El Set DAMASCO 8 ofrece un salón exterior amplio y sofisticado con sofá de 3 plazas, sillones y mesa de centro. Sus asientos generosos y diseño contemporáneo garantizan confort y estilo para disfrutar al aire libre.",,,,https://hevea.es/mpcrm/imgs/uploads/1739779545_damasco%208.jpg
600-010021,YINA-1 SILLON/ARMCHAIR/FAUTEUIL,498,790,El sillón YINA-1 destaca por su diseño ligero y moderno. Su estructura resistente para exterior y su asiento cómodo lo convierten en una pieza versátil ideal para terrazas actuales.,77,72,83,https://hevea.es/mpcrm/imgs/uploads/yina.jpg
600-010022,YINA-2 SOFA 2 PLAZAS/SOFÁ/CANAPÉ,728,1155,El sofá YINA de 2 plazas combina líneas estilizadas y confort en un formato compacto. Perfecto para espacios exteriores de tamaño medio que buscan modernidad y funcionalidad.,143,72,83,https://hevea.es/mpcrm/imgs/uploads/sof%C3%A1%20yina%202%20plazas.jpg
600-010023,YINA-3 SOFA 3 PLAZAS/SOFÁ/CANAPÉ,923,1465,El sofá YINA de 3 plazas ofrece amplitud y elegancia en una propuesta contemporánea. Su estructura robusta y cojines confortables garantizan comodidad y resistencia en exterior.,185,72,83,https://hevea.es/mpcrm/imgs/uploads/sof%C3%A1%20yina%203%20plazas.jpg
600-010024,YINA-70 HPL MESA CENTRO/COFFEE TABLE/TABLE CENTRE,261,415,La mesa de centro YINA-70 con tablero HPL combina diseño moderno y alta resistencia. Su superficie está preparada para soportar condiciones exteriores manteniendo su estética impecable.,70,,45,https://hevea.es/mpcrm/imgs/uploads/mesa%20centro%20yina.jpg
600-010025,YINA-5 REPOSAPIES/FOOTSTOOL/REPOSE-PIEDS,202,320,"El reposapiés YINA-5 complementa el conjunto aportando mayor comodidad. Puede utilizarse como extensión del asiento o como apoyo auxiliar, manteniendo la coherencia estética de la colección.",73,46,40,https://hevea.es/mpcrm/imgs/uploads/reposapi%C3%A9s%20yina.jpg
600-010026,YINA-7 SET SOFÁ 2 PLAZAS / 2 SEATER SOFA SET / SET CANAPÉ 2 PLACES,1988,3155,"El Set YINA 7 incluye sofá de 2 plazas, sillones y mesa de centro en un conjunto moderno y equilibrado. Ideal para crear un espacio exterior actual, cómodo y funcional.",,,,https://hevea.es/mpcrm/imgs/uploads/1739779626_yina%207.jpg
600-010027,YINA-8 SET SOFÁ 3 PLAZAS / 3 SEATER SOFA SET / SET CANAPÉ 3 PLACES,2183,3465,"El Set YINA 8 ofrece una composición amplia con sofá de 3 plazas, sillones y mesa de centro. Diseñado para aportar confort, resistencia y estilo contemporáneo en terrazas y jardines.",,,,https://hevea.es/mpcrm/imgs/uploads/1739779626_yina%208.jpg
557-010813,CUPRA-1 SILLÓN/ARMCHAIR/FAUTEUIL,529,840,"El sillón CUPRA-1 combina líneas modernas y estructura resistente para crear un asiento elegante y duradero para exterior. Sus proporciones equilibradas y cojines confortables ofrecen una experiencia de descanso cómoda, ideal para terrazas y jardines contemporáneos.",65,75,90,https://hevea.es/mpcrm/imgs/uploads/sill%C3%B3n%20individual.png
557-010814,CUPRA-2 SOFA 2 PLAZAS/SOFA/CANAPÉ,756,1200,"El sofá CUPRA de 2 plazas es perfecto para espacios exteriores de tamaño medio. Su diseño actual y su estructura robusta garantizan estabilidad y durabilidad, mientras que sus cojines amplios aportan confort y estilo.",130,75,90,https://hevea.es/mpcrm/imgs/uploads/sof%C3%A1%20cupra%202%20plazas.jpg
557-010815,CUPRA-3 SOFA 3 PLAZAS/SOFA/CANAPÉ,958,1520,"El sofá CUPRA de 3 plazas ofrece amplitud y presencia en cualquier terraza. Su diseño contemporáneo y asiento profundo proporcionan comodidad y elegancia, convirtiéndolo en el centro del espacio exterior.",185,75,90,https://hevea.es/mpcrm/imgs/uploads/mesa%20120%20est%C3%A1ndar%20cupra.png
557-010785,STANDARD-5 REPOSAPIES/FOOTSTOOL/REPOSE-PIEDS,170,270,"El reposapiés STANDARD-5 aporta un extra de comodidad al conjunto, permitiendo extender la zona de descanso o utilizarlo como asiento auxiliar. Su diseño coordinado mantiene la armonía del espacio exterior.",60,50,40,https://hevea.es/mpcrm/imgs/uploads/reposapi%C3%A9s_est%C3%A1ndar.jpg
557-010816,CUPRA-7 SET SOFÁ 2 PLAZAS / 2 SEATER SOFA SET / SET CANAPÉ 2 PLACES,1991,3160,"El Set CUPRA 7 incluye sofá de 2 plazas, sillones y mesa de centro, formando un conjunto equilibrado y elegante. Diseñado para ofrecer confort y resistencia en exterior, es ideal para crear un ambiente acogedor y moderno.",,,,https://hevea.es/mpcrm/imgs/uploads/1739542096_CUPRA%207.jpg
557-010817,CUPRA-8 SET SOFÁ 3 PLAZAS / 3 SEATER SOFA SET / SET CANAPÉ 3 PLACES,2262,3590,"El Set CUPRA 8 ofrece una composición amplia con sofá de 3 plazas, sillones y mesa de centro. Su diseño contemporáneo y asientos cómodos lo convierten en una solución perfecta para terrazas sofisticadas.",,,,https://hevea.es/mpcrm/imgs/uploads/1739542096_CUPRA%208.jpg
557-1089,BELLAGIO-1 SILLÓN/ARMCHAIR/FAUTEUIL,413,655,"El sillón BELLAGIO-1 destaca por su diseño elegante y proporciones envolventes. Pensado para exterior, combina estructura resistente y confort en una pieza ideal para crear rincones relajados con estilo.",75,75,82,https://hevea.es/mpcrm/imgs/uploads/sillon%20bellagio%201.jpg
557-1090,BELLAGIO-3 SOFA 3 PLAZAS/SOFA/CANAPÉ,775,1230,"El sofá BELLAGIO de 3 plazas aporta amplitud y carácter al espacio exterior. Con asiento profundo y diseño equilibrado, crea un ambiente acogedor ideal para reuniones y momentos de relax.",198,75,82,https://hevea.es/mpcrm/imgs/uploads/bellagio%203%20plazas.png
557-1091,BELLAGIO-2 SOFA 2 PLAZAS/SOFA/CANAPÉ,548,870,El sofá BELLAGIO de 2 plazas ofrece una combinación perfecta entre sofisticación y comodidad. Su diseño contemporáneo y cojines generosos aportan elegancia y confort en terrazas modernas.,150,75,82,https://hevea.es/mpcrm/imgs/uploads/bellagio%202%20plazas.png
557-1092,BELLAGIO-4 MESA CENTRO 125,195,310,"La mesa de centro BELLAGIO 125 complementa el conjunto con una superficie amplia y diseño armonioso. Resistente y funcional, es perfecta para completar salones exteriores con estilo.",125,60,38,https://hevea.es/mpcrm/imgs/uploads/mesa%20bellagio%20de%20centro.jpg
557-1094,BELLAGIO-7 SET SOFÁ 2 PLAZAS / 2 SEATER SOFA SET / SET CANAPÉ 2 PLACES,1569,2490,"El Set BELLAGIO 7 incluye sofá de 2 plazas, sillones y mesa de centro, creando un espacio exterior elegante y cómodo. Ideal para terrazas que buscan equilibrio entre diseño y funcionalidad.",,,,https://hevea.es/mpcrm/imgs/uploads/1739542760_BELLAGIO_9_N25_IA.jpg
557-1095,BELLAGIO-8 SET SOFÁ 3 PLAZAS / 3 SEATER SOFA SET / SET CANAPÉ 3 PLACES,1796,2850,"El Set BELLAGIO 8 ofrece un salón exterior amplio con sofá de 3 plazas, sillones y mesa de centro. Su diseño sofisticado y confortable convierte cualquier terraza en un espacio acogedor.",,,,https://hevea.es/mpcrm/imgs/uploads/1739542760_BELLAGIO_10_025_IA.jpg
600-010090,CLOE-1 SILLON/ARMCHAIR/FAUTEUIL,507,805,El sillón CLOE-1 combina ligereza visual y comodidad en una pieza moderna para exterior. Su estructura resistente y asiento confortable lo convierten en un complemento perfecto para terrazas actuales.,70,64,69,https://hevea.es/mpcrm/imgs/uploads/sillon%20individual%20cloe.png
600-010091,CLOE SOFA 2 PLAZAS/SOFA/CANAPÉ,721,1145,"El sofá CLOE de 2 plazas ofrece un diseño contemporáneo y acogedor. Ideal para espacios exteriores de tamaño medio, proporciona comodidad y estilo en cualquier terraza.",162,64,69,https://hevea.es/mpcrm/imgs/uploads/sof%C3%A1%20de%202%20plazas%20cloe.png
600-010092,CLOE SOFA 3 PLAZAS/SOFA/CANAPÉ,999,1585,El sofá CLOE de 3 plazas destaca por su amplitud y diseño elegante. Sus cojines cómodos y estructura sólida lo convierten en el protagonista perfecto del salón exterior.,220,64,69,https://hevea.es/mpcrm/imgs/uploads/sofa%20de%203%20plazas%20clone.png
600-010093,CLOE-5 REPOSAPIES/FOOTSTOOL/REPOSE-PIEDS,98,155,"El reposapiés CLOE-5 añade un extra de confort al conjunto, permitiendo extender la zona de descanso o utilizarlo como asiento auxiliar manteniendo la coherencia estética.",50,45,40,https://hevea.es/mpcrm/imgs/uploads/reposapi%C3%A9s%20cloe.png
557-011090,ODIN-1 SILLON/ARMCHAIR/FAUTEUIL,268,425,"El sillón ODIN-1 combina diseño contemporáneo y estructura resistente para crear un asiento cómodo y elegante en exteriores. Sus líneas modernas y cojines confortables ofrecen una experiencia de descanso relajada, ideal para terrazas y jardines actuales.",65,66,78,https://hevea.es/mpcrm/imgs/uploads/sillon%20odin.jpg
557-011091,ODIN-2 SOFA 2 PLAZAS/SOFA/CANAPÉ,454,720,"El sofá ODIN de 2 plazas es perfecto para espacios exteriores de tamaño medio. Su diseño equilibrado y su estructura robusta garantizan estabilidad y durabilidad, mientras que sus cojines amplios aportan confort y estilo.",120,66,78,https://hevea.es/mpcrm/imgs/uploads/odin%202%20plazas.jpg
557-011092,ODIN-3 SOFA 3 PLAZAS/SOFA/CANAPÉ,595,945,El sofá ODIN de 3 plazas aporta amplitud y presencia en cualquier terraza. Su asiento profundo y diseño moderno lo convierten en el protagonista ideal para crear un salón exterior cómodo y sofisticado.,175,66,78,https://hevea.es/mpcrm/imgs/uploads/odin%203%20plazas.jpg
557-011075,SAIPROS-90 MESA CENTRO 90/COFFEE TABLE/TABLE CENTRE,176,280,"La mesa de centro SAIPROS-90 destaca por su formato compacto y funcional. Resistente y preparada para exterior, es ideal para completar conjuntos modernos aportando superficie de apoyo práctica y elegante.",90,50,41,https://hevea.es/mpcrm/imgs/uploads/mesa%20saipros%2090.jpg
557-011076,SAIPROS-120 MESA CENTRO 120/COFFEE TABLE/TABLE CENTRE,246,390,La mesa SAIPROS-120 ofrece una superficie amplia perfecta para conjuntos de mayor tamaño. Su diseño limpio y estructura sólida garantizan resistencia y armonía estética en terrazas contemporáneas.,120,60,41,https://hevea.es/mpcrm/imgs/uploads/mesa%20120%20odin.jpg
557-011094,ODIN-7 SET SOFÁ 2 PLAZAS / 2 SEATER SOFA SET / SET CANAPÉ 2 PLACES,1166,1850,"El Set ODIN 7 incluye sofá de 2 plazas, sillones y mesa de centro, creando un conjunto completo y equilibrado. Diseñado para aportar comodidad y estilo en exterior, es ideal para terrazas acogedoras y modernas.",,,,https://hevea.es/mpcrm/imgs/uploads/odin%207.png
557-011095,ODIN-8 SET SOFÁ 3 PLAZAS / 3 SEATER SOFA SET / SET CANAPÉ 3 PLACES,1377,2185,"El Set ODIN 8 ofrece una composición amplia con sofá de 3 plazas, sillones y mesa de centro. Su diseño contemporáneo y asientos cómodos lo convierten en una solución perfecta para crear un salón exterior elegante.",,,,https://hevea.es/mpcrm/imgs/uploads/set%20odin%208.png
557-010726,ALBANIA-1 SILLON/ARMCHAIR/FAUTEUIL,312,495,"El sillón ALBANIA-1 destaca por su diseño actual y líneas definidas. Fabricado para uso exterior, combina resistencia estructural y comodidad en una pieza versátil ideal para terrazas modernas.",76,70,100,https://hevea.es/mpcrm/imgs/uploads/sillon%20albania.jpg
557-010727,ALBANIA-2 SOFA 2 PLAZAS/SOFA/CANAPÉ,495,785,El sofá ALBANIA de 2 plazas ofrece confort y estilo en un formato compacto. Su estructura sólida y cojines confortables garantizan una experiencia agradable al aire libre.,145,70,100,https://hevea.es/mpcrm/imgs/uploads/albania%20%20(2).jpg
557-010728,ALBANIA-3 SOFA 3 PLAZAS/SOFA/CANAPÉ,627,995,"El sofá ALBANIA de 3 plazas aporta amplitud y elegancia al espacio exterior. Con asiento profundo y diseño equilibrado, es ideal para crear ambientes acogedores y sofisticados.",212,70,100,https://hevea.es/mpcrm/imgs/uploads/albania%20%20(1).jpg
557-010729,ALBANIA-7 SET SOFÁ 2 PLAZAS / 2 SEATER SOFA SET / SET CANAPÉ 2 PLACES,1465,2325,"El Set ALBANIA 7 incluye sofá de 2 plazas, sillones y mesa de centro, formando un conjunto armonioso y funcional. Ideal para crear terrazas elegantes con un equilibrio perfecto entre diseño y comodidad.",,,,https://hevea.es/mpcrm/imgs/uploads/1739535555_ALBANIA_09.jpg
557-010730,ALBANIA-8 SET SOFÁ 3 PLAZAS / 3 SEATER SOFA SET / SET CANAPÉ 3 PLACES,1635,2595,"El Set ALBANIA 8 ofrece un salón exterior amplio y sofisticado con sofá de 3 plazas, sillones y mesa de centro. Diseñado para disfrutar del aire libre con máximo confort.",,,,https://hevea.es/mpcrm/imgs/uploads/1739535555_ALBANIA-10.jpg
557-0185,STANDARD 55-XL STANDARD XL REPOSAPIES,186,295,"El reposapiés STANDARD-XL añade un extra de confort al conjunto, permitiendo extender la zona de descanso o utilizarlo como asiento auxiliar. Su diseño mantiene la coherencia estética del espacio exterior.",85,50,43,https://hevea.es/mpcrm/imgs/uploads/sillon%20albania.jpg
557-010478,BOLONIA XL-1 SILLÓN/ARMCHAIR/CANAPÉ,529,840,"El sillón BOLONIA XL-1 destaca por su formato generoso y diseño moderno. Pensado para exterior, combina resistencia y comodidad en una pieza elegante y versátil.",80,84,104,https://hevea.es/mpcrm/imgs/uploads/bolonia%20xl%20(3).jpg
557-010479,BOLONIA XL-2 SOFA 2 PLAZAS/SOFA/CANAPÉ,822,1305,El sofá BOLONIA XL de 2 plazas ofrece una sentada amplia y confortable con un diseño contemporáneo. Ideal para terrazas que buscan equilibrio entre estilo y funcionalidad.,164,84,104,https://hevea.es/mpcrm/imgs/uploads/bolonia%20xl.jpg
557-010480,BOLONIA XL-3 SOFA 3 PLAZAS/SOFA/CANAPÉ,1096,1740,El sofá BOLONIA XL de 3 plazas aporta amplitud y presencia al espacio exterior. Sus cojines confortables y estructura sólida garantizan una experiencia de descanso superior.,215,84,104,https://hevea.es/mpcrm/imgs/uploads/bolonia%20xl%20(2).jpg
557-0008,BOLONIA-4 MESA CENTRO-125X65X42,296,470,La mesa de centro BOLONIA 125x65x42 combina diseño moderno y funcionalidad. Su tamaño amplio la convierte en el complemento ideal para conjuntos de gran formato.,125,65,42,https://hevea.es/mpcrm/imgs/uploads/mesa%20bolonia%20centro.png
557-010482,STANDARD-XL REPOSAPIES/FOOTSTOOL/REPOSE-PIEDS,214,340,El reposapiés STANDARD-XL complementa el conjunto aportando mayor comodidad y versatilidad. Puede utilizarse como extensión del asiento o como apoyo auxiliar manteniendo la estética del conjunto.,85,50,43,https://hevea.es/mpcrm/imgs/uploads/bolonia%20xl%20(3).jpg
557-0793,BOLONIA XL-7 SET SOFA 2 PLAZAS/SOFA/CANAPÉ,2174,3450,"El Set BOLONIA XL 7 incluye sofá de 2 plazas, sillones y mesa de centro, creando un espacio exterior amplio y elegante. Perfecto para terrazas modernas que buscan confort y diseño.",,,,https://hevea.es/mpcrm/imgs/uploads/bolonia%20xl%20%20(2).png
557-010483,BOLONIA XL-8 SET SOFA 3 PLAZAS/SOFA/CANAPÉ,2451,3890,"El Set BOLONIA XL 8 ofrece una composición completa con sofá de 3 plazas, sillones y mesa de centro. Diseñado para aportar amplitud, resistencia y sofisticación en jardines y terrazas.",,,,https://hevea.es/mpcrm/imgs/uploads/bolonia%20xl%20%20(1).png
558-0051,DIVA-1 BICOLOR SILLON/ARMCHAIR/FAUTEUIL,491,780,"El sillón DIVA-1 Bicolor destaca por su diseño contemporáneo con acabado en doble tonalidad que aporta personalidad y sofisticación al espacio exterior. Su estructura resistente y cojines confortables ofrecen estabilidad y una experiencia de descanso cómoda, ideal para terrazas modernas.",73,70,76,https://hevea.es/mpcrm/imgs/uploads/sillon%20bicolor%20diva.jpg
558-0070,DIVA-2 BICOLOR SOFA 2 PLAZAS/SOFA/CANAPÉ,709,1125,"El sofá DIVA Bicolor de 2 plazas combina elegancia y contraste cromático en una pieza moderna y equilibrada. Perfecto para terrazas de tamaño medio, ofrece comodidad gracias a sus cojines amplios y estructura sólida preparada para exterior.",140,70,76,https://hevea.es/mpcrm/imgs/uploads/sofa%20diva%20bicolor.jpg
558-0052,DIVA-3 BICOLOR SOFA 3 PLAZAS/SOFA/CANAPÉ,876,1390,"El sofá DIVA Bicolor de 3 plazas aporta amplitud y estilo al salón exterior. Su diseño en doble color crea un efecto visual sofisticado, mientras que su asiento profundo y confortable invita al relax y a largas reuniones al aire libre.",200,70,76,https://hevea.es/mpcrm/imgs/uploads/sofa%20diva%203%20plazas.jpg
558-0033,BICOLOR MESA CENTRO 120,372,590,"La mesa de centro Bicolor 120 con tablero HPL combina resistencia y diseño moderno. Su superficie amplia y duradera está preparada para uso exterior, ofreciendo funcionalidad y un acabado elegante que complementa el conjunto DIVA.",120,60,40,https://hevea.es/mpcrm/imgs/uploads/mesa%20de%20centro%20diva%20120.png
558-0039,BICOLOR MESA CENTRO 135,435,690,"La mesa de centro Bicolor 135 HPL destaca por su mayor superficie y presencia visual. Ideal para conjuntos amplios, aporta estabilidad, resistencia y un diseño actual perfecto para terrazas sofisticadas.",135,60,40,https://hevea.es/mpcrm/imgs/uploads/mesa%20de%20centro%20diva%20135.jpg
558-0049,BICOLOR STANDARD-55 REPOSAPIES,265,420,El reposapiés Bicolor STANDARD-55 complementa el conjunto aportando mayor comodidad y versatilidad. Puede utilizarse como extensión del asiento o como apoyo auxiliar manteniendo la coherencia estética del diseño bicolor.,70,45,44,https://hevea.es/mpcrm/imgs/uploads/sillon%20bicolor%20diva.jpg
558-0066,DIVA-7 BICOLOR SET SOFA 2 PLAZAS,2063,3275,"El Set DIVA 7 Bicolor incluye sofá de 2 plazas, sillones y mesa de centro, formando una composición moderna y equilibrada. Su diseño en doble tonalidad aporta personalidad mientras garantiza confort y resistencia en exterior.",,,,https://hevea.es/mpcrm/imgs/uploads/1739540503_DIVA-7.jpg
558-0050,DIVA-8 BICOLOR SET SOFA 3 PLAZAS,2293,3640,"El Set DIVA 8 Bicolor ofrece una solución completa con sofá de 3 plazas, sillones y mesa de centro. Amplio, elegante y confortable, transforma cualquier terraza en un espacio exterior sofisticado.",,,,https://hevea.es/mpcrm/imgs/uploads/1739540503_DIVA_N24.jpg
557-010716,LEISA-1,334,530,El sillón LEISA-1 combina líneas modernas y confort en una pieza ligera y versátil. Su estructura resistente y asiento cómodo lo convierten en una opción ideal para crear rincones acogedores en exteriores actuales.,76,80,85,https://hevea.es/mpcrm/imgs/uploads/leisa%20sillon.jpg
557-010717,LEISA-2,473,750,"El sofá LEISA de 2 plazas ofrece equilibrio entre diseño y funcionalidad. Perfecto para terrazas de tamaño medio, proporciona comodidad y una estética contemporánea preparada para el uso exterior.",137,80,85,https://hevea.es/mpcrm/imgs/uploads/leisa%202%20plazas.jpg
557-010718,LEISA-3,611,970,El sofá LEISA de 3 plazas aporta amplitud y elegancia al espacio exterior. Sus cojines confortables y su estructura sólida garantizan una experiencia de descanso cómoda y duradera.,196,80,85,https://hevea.es/mpcrm/imgs/uploads/leisa%20sofa%203%20plazas.jpg
557-010719,LEISA-7,1320,2095,"El Set LEISA 7 incluye sofá de 2 plazas, sillones y mesa de centro en una composición armoniosa y moderna. Ideal para crear terrazas acogedoras con diseño contemporáneo.",,,,https://hevea.es/mpcrm/imgs/uploads/1739541782_leisa%207.jpg
557-010720,LEISA-8,1509,2395,"El Set LEISA 8 ofrece un conjunto amplio con sofá de 3 plazas, sillones y mesa de centro. Diseñado para aportar confort, resistencia y estilo en jardines y terrazas actuales.",,,,https://hevea.es/mpcrm/imgs/uploads/1739541782_LEISA_8.jpg
557-010103,DOUNVIL-1,302,480,"El sillón DOUNVIL-1 destaca por su diseño actual y confortable, ideal para espacios exteriores modernos. Su estructura resistente y asiento acogedor proporcionan estabilidad y comodidad.",70,80,85,https://hevea.es/mpcrm/imgs/uploads/dounvil%20sillon.jpg
557-010104,DOUNVIL-2,473,750,El sofá DOUNVIL de 2 plazas ofrece una solución compacta y elegante para terrazas de tamaño medio. Sus líneas limpias y cojines cómodos lo convierten en una opción funcional y atractiva.,150,80,85,https://hevea.es/mpcrm/imgs/uploads/dounvil%202%20plazas.jpg
557-010105,DOUNVIL-3,611,970,El sofá DOUNVIL de 3 plazas aporta amplitud y presencia en el salón exterior. Su diseño equilibrado y confortable crea un ambiente relajado perfecto para compartir momentos al aire libre.,190,80,85,https://hevea.es/mpcrm/imgs/uploads/dounvil%203%20plazas.jpg
557-010106,DOUNVIL-7,1251,1985,"El Set DOUNVIL 7 incluye sofá de 2 plazas, sillones y mesa de centro en una composición equilibrada y moderna. Diseñado para aportar confort y resistencia en exteriores, es ideal para crear terrazas acogedoras con un estilo contemporáneo.",,,,https://hevea.es/mpcrm/imgs/uploads/1739543239_dounvil%207.jpg
557-010107,DOUNVIL-8,1446,2295,"El Set DOUNVIL 8 ofrece una solución amplia y elegante con sofá de 3 plazas, sillones y mesa de centro. Perfecto para quienes buscan un salón exterior cómodo, funcional y con presencia.",,,,https://hevea.es/mpcrm/imgs/uploads/1739543239_dounvil%208.jpg
557-1070,MESA CENTRO 90,173,275,La mesa de centro 90 combina funcionalidad y diseño moderno en un formato compacto. Ideal para acompañar sofás y sillones de exterior aportando superficie práctica sin sobrecargar el espacio.,90,50,40,https://hevea.es/mpcrm/imgs/uploads/dounvil%202%20plazas.jpg
557-1563,MESA CENTRO 120,230,365,La mesa de centro 120 ofrece una superficie amplia y resistente para completar conjuntos de exterior. Su diseño sencillo y contemporáneo aporta equilibrio y funcionalidad al espacio.,120,60,40,https://hevea.es/mpcrm/imgs/uploads/dounvil%203%20plazas.jpg
557-0794,HASTON-1,290,460,"El sillón HASTON-1 destaca por su diseño actual y confortable, ideal para crear rincones relajados en terrazas y jardines. Su estructura resistente y cojines acogedores garantizan estabilidad y comodidad en exterior.",68,62,115,https://hevea.es/mpcrm/imgs/uploads/reposapies%20haston.jpg
557-0795,HASTON-2,473,750,"El sofá HASTON de 2 plazas combina líneas modernas y confort en un formato compacto. Ideal para espacios exteriores de tamaño medio, ofrece una sentada cómoda y duradera.",128,62,115,https://hevea.es/mpcrm/imgs/uploads/sofa%20dos%20plazas%20haston.jpg
557-0796,HASTON-3,624,990,El sofá HASTON de 3 plazas aporta amplitud y elegancia al salón exterior. Sus cojines generosos y diseño equilibrado invitan a disfrutar de largas reuniones al aire libre.,188,62,115,https://hevea.es/mpcrm/imgs/uploads/haston%203%20plazas.jpg
557-0798,HASTON-7,1225,1945,"El Set HASTON 7 incluye sofá de 2 plazas, sillones y mesa de centro, formando un conjunto moderno y funcional. Perfecto para crear un ambiente exterior acogedor y armonioso.",,,,https://hevea.es/mpcrm/imgs/uploads/1739543115_haston%207.jpg
557-0799,HASTON-8,1433,2275,"El Set HASTON 8 ofrece una composición amplia con sofá de 3 plazas, sillones y mesa de centro. Diseñado para aportar confort, resistencia y estilo en terrazas actuales.",,,,https://hevea.es/mpcrm/imgs/uploads/1739543115_haston%208.jpg
557-010146,ACAPULCO-1,306,485,El sillón ACAPULCO-1 combina diseño contemporáneo y comodidad en una pieza versátil para exteriores. Ideal como asiento independiente o complemento dentro de un conjunto moderno.,64,66,70,https://hevea.es/mpcrm/imgs/uploads/Dise%C3%B1o%20sin%20t%C3%ADtulo%20(82).jpg
557-010148,ACAPULCO-2,438,695,"El sofá ACAPULCO de 2 plazas aporta equilibrio entre diseño y funcionalidad. Compacto y elegante, es perfecto para terrazas que buscan confort sin renunciar al estilo.",131,66,70,https://hevea.es/mpcrm/imgs/uploads/sofa%20acapulco%20(2).jpg
557-010147,ACAPULCO-3,599,950,El sofá ACAPULCO de 3 plazas ofrece amplitud y presencia visual en el espacio exterior. Su diseño moderno y asiento confortable lo convierten en el centro del conjunto.,185,66,70,https://hevea.es/mpcrm/imgs/uploads/sofa%20acapulco%20(1).jpg
557-010153,ACAPULCO-7,1222,275,La mesa de centro 90 HPL combina resistencia y diseño minimalista. Su tablero HPL está preparado para soportar las condiciones exteriores manteniendo una estética impecable.,90,50,40,https://hevea.es/mpcrm/imgs/uploads/mesa%20acapulco%20estandar%20(2).jpg
557-010154,ACAPULCO-8,1440,365,La mesa de centro 120 HPL ofrece una superficie amplia y duradera ideal para conjuntos exteriores. Su diseño limpio y materiales resistentes garantizan funcionalidad y estilo.,120,60,40,https://hevea.es/mpcrm/imgs/uploads/mesa%20acapulco%20estandar%20(1).jpg
557-010149,PÉRGOLA VENECIA,1065,1940,"El Set ACAPULCO 7 incluye sofá de 2 plazas, sillones y mesa de centro en una composición equilibrada y moderna. Perfecto para crear terrazas acogedoras y funcionales.",,,,https://hevea.es/mpcrm/imgs/uploads/1739543673_ACAPULCO%207.jpg
557-010147,MANHATAN-1,243,2285,"El Set ACAPULCO 8 ofrece un conjunto amplio con sofá de 3 plazas, sillones y mesa de centro. Diseñado para disfrutar del exterior con comodidad y estilo.",,,,https://hevea.es/mpcrm/imgs/uploads/1739543673_ACAPULCO%208.jpg
557-0919,MANHATAN-2,372,1690,"La Pérgola VENECIA crea un espacio protegido y elegante en jardines y terrazas. Su estructura robusta y diseño moderno aportan sombra, confort y sofisticación al ambiente exterior.",300,300,250,https://hevea.es/mpcrm/imgs/uploads/1739809400_P%C3%89RGOLA%20VENECIA%20-4X3%20BLANCO.jpg
557-01951,MANHATAN-3,536,385,"El sillón MANHATAN-1 destaca por su diseño urbano y contemporáneo. Ideal para terrazas modernas, combina comodidad y resistencia en una pieza elegante.",66,66,70,https://hevea.es/mpcrm/imgs/uploads/manhatan%20(3).jpg
557-01952,MANHATAN-7,1036,590,"El sofá MANHATAN de 2 plazas ofrece equilibrio entre estilo y funcionalidad. Compacto y confortable, es perfecto para crear espacios exteriores actuales.",133,66,70,https://hevea.es/mpcrm/imgs/uploads/manhatan%20(1).jpg
557-01953,MANHATAN-8,1251,850,El sofá MANHATAN de 3 plazas aporta amplitud y carácter al salón exterior. Su diseño moderno y cojines confortables invitan al descanso y la convivencia.,187,66,70,https://hevea.es/mpcrm/imgs/uploads/manhatan%20(2).jpg
557-01954,LOIRA-7,1509,1645,"El Set MANHATAN 7 incluye sofá de 2 plazas, sillones y mesa de centro, formando un conjunto equilibrado ideal para terrazas contemporáneas.",,,,https://hevea.es/mpcrm/imgs/uploads/1739544586_MANHATAN-07.jpg
557-01955,LOIRA-8,1975,1985,"El Set MANHATAN 8 ofrece una solución amplia con sofá de 3 plazas, sillones y mesa de centro. Diseñado para aportar estilo urbano y confort en exterior.",,,,https://hevea.es/mpcrm/imgs/uploads/1739544586_MANHATAN_8.jpg
557-010705,LOIRA-30,2199,2395,"El Set LOIRA-7 HPL es una rinconera moderna con tablero HPL resistente. Perfecta para optimizar el espacio exterior y crear un ambiente amplio, cómodo y sofisticado.",,,,https://hevea.es/mpcrm/imgs/uploads/1739795165_loira%20rinconera%207.jpg
557-010026,ADEL-7,1342,3135,El Set LOIRA-8 HPL ofrece una composición de esquina amplia y elegante. Su diseño contemporáneo y materiales resistentes garantizan durabilidad y confort en exteriores.,,,,https://hevea.es/mpcrm/imgs/uploads/1739795165_rinconera%20loira%208.jpg
557-010123,ADEL-30,1988,3490,"El Set LOIRA-30 HPL destaca por su gran formato y estilo moderno. Ideal para terrazas espaciosas, combina amplitud, funcionalidad y resistencia.",,,,https://hevea.es/mpcrm/imgs/uploads/1739805444_loira%2030.jpg
557-1164,CORCEGA-135x90,343,2130,El Set ADEL-7 es una rinconera diseñada para crear un salón exterior amplio y acogedor. Su estructura resistente y diseño contemporáneo ofrecen comodidad y elegancia en jardines y terrazas.,,,,https://hevea.es/mpcrm/imgs/uploads/1739805512_adel%207.jpg
557-010048,CORCEGA-160x90,375,3155,"El Set ADEL-30 es una rinconera de gran formato diseñada para crear un auténtico salón exterior amplio y sofisticado. Su distribución en esquina optimiza el espacio y favorece la conversación, convirtiéndose en el punto central de terrazas y jardines. Su estructura resistente y cojines confortables garantizan durabilidad y una experiencia de descanso superior al aire libre.",,,,https://hevea.es/mpcrm/imgs/uploads/1739806050_adel%2030.jpg
557-010177,SILLA JANEIRO 3,104,545,"La mesa comedor CÓRCEGA 135x90 HPL combina diseño moderno y alta resistencia para exteriores. Su tablero HPL ofrece gran durabilidad frente a la intemperie y fácil mantenimiento, mientras que su formato rectangular es ideal para reuniones cómodas en terrazas y jardines.",135,90,90,https://hevea.es/mpcrm/imgs/uploads/mesa%20corcega.png
123-0017,SILLA CÓRCEGA 3,91,595,"La mesa CÓRCEGA 160x90 HPL amplía el espacio de comedor exterior con una superficie generosa y resistente. Su tablero HPL garantiza durabilidad y estabilidad, perfecta para disfrutar de comidas al aire libre con familia y amigos.",160,90,90,https://hevea.es/mpcrm/imgs/uploads/corcega%20set.jpeg
123-0002,MUNDRA Ø100,302,165,"La silla JANEIRO 3 destaca por su diseño contemporáneo y estructura resistente para uso exterior. Cómoda y estilizada, es ideal para completar conjuntos de comedor aportando equilibrio entre funcionalidad y estética moderna.",55,50,107,https://hevea.es/mpcrm/imgs/uploads/1740126347_sillon-janeiro-3-antracita-ALTA.png
123-0001,MUNDRA 150,347,145,"La silla CÓRCEGA 3 combina líneas limpias y resistencia estructural. Diseñada para exteriores, ofrece una sentada cómoda y estable, perfecta para acompañar mesas de comedor en terrazas actuales.",55,50,90,https://hevea.es/mpcrm/imgs/uploads/1740126338_sillon-corcega-3-antracita_ALTA_SF.png
123-0013,AVALON-3,60,480,"La mesa MUNDRA Ø100 HPL aporta un diseño redondo y acogedor al comedor exterior. Su tablero HPL resistente y su estructura sólida garantizan durabilidad, siendo ideal para espacios más compactos sin renunciar al estilo.",100,90,76,https://hevea.es/mpcrm/imgs/uploads/1739982011_mundra%20100.jpg
557-011019,BRESCIA-12,101,550,La mesa MUNDRA 150 HPL ofrece una superficie amplia y resistente para comedores exteriores. Su diseño moderno y materiales preparados para exterior la convierten en una opción práctica y elegante.,150,90,76,https://hevea.es/mpcrm/imgs/uploads/1739982968_mundra%20hpl%20150.jpg
123-0011,PARASOL VIENA 300,189,95,El sillón AVALON-3 combina comodidad y diseño contemporáneo en una pieza versátil para exterior. Su estructura resistente y asiento confortable lo convierten en el complemento perfecto para zonas de comedor o relax.,58,57,100,https://hevea.es/mpcrm/imgs/uploads/sillon%20avalon.png
123-0038,PARASOL SAMSON Ø350,561,160,La tumbona BRESCIA-12 está diseñada para ofrecer máximo confort bajo el sol. Su estructura resistente y diseño ergonómico permiten disfrutar de largas jornadas de descanso en jardines y zonas de piscina.,53,136,105,https://hevea.es/mpcrm/imgs/uploads/tumbona%20brescia.jpg
928-0016,PARASOL CARACAS 300,85,300,El parasol VIENA 300 proporciona amplia sombra y protección solar en terrazas y jardines. Su diseño elegante y estructura sólida lo convierten en un complemento funcional y decorativo.,300Ø,,,https://hevea.es/mpcrm/imgs/uploads/1739790589_VIENA%20300.jpg
557-1682,BASE PARASOL 25KG,41,890,"El parasol SAMSON Ø350 ofrece gran cobertura gracias a su amplio diámetro. Ideal para proteger zonas de comedor o descanso, combina resistencia y diseño moderno.",350Ø,,,https://hevea.es/mpcrm/imgs/uploads/1739789862_samson%20350.jpg
928-0010,JUEGO LOSAS,113,135,"El parasol CARACAS 300 aporta color y funcionalidad al espacio exterior. Diseñado para proporcionar sombra efectiva, es perfecto para terrazas dinámicas y modernas.",300Ø,,,https://hevea.es/mpcrm/imgs/uploads/1739790899_CARACAS%20250%20-%20300%20NARANJA.jpg
921-0026,BALANCÍN SIDNEY,939,65,"La base de parasol 25kg garantiza estabilidad y seguridad para sombrillas de exterior. Compacta y resistente, es el complemento esencial para asegurar el parasol en todo momento.",,,,https://hevea.es/mpcrm/imgs/uploads/1739791182_base%2025-40.png
921-0009,YULIEN BANCO,1509,180,"El juego de 4 losas de cemento GRANITE proporciona el peso necesario para bases de parasol de gran formato. Diseñadas para máxima estabilidad, aseguran firmeza incluso en condiciones exteriores exigentes.",,,,https://hevea.es/mpcrm/imgs/uploads/1739790529_granite%20SAMSON-02.jpg
557-010143,GULLIVER BANCO,221,1490,El balancín SIDNEY ofrece una experiencia de relax única en jardines y terrazas. Su diseño cómodo y estructura resistente lo convierten en el lugar perfecto para desconectar al aire libre.,148,194,207,https://hevea.es/mpcrm/imgs/uploads/1739806848_sidney.jpg
557-010947,SEVILLA BANCO,198,2395,"El banco YULIEN con mesa integrada es una solución práctica y funcional para exteriores. Ideal para zonas de picnic o jardines familiares, combina comodidad y utilidad en una sola pieza.",220,150,75,https://hevea.es/mpcrm/imgs/uploads/yulien%20banco%20picnic.png
557-010016,SEVILLA BANCO,198,350,"El banco GULLIVER destaca por su diseño sencillo y resistente. Perfecto para jardines y espacios públicos o privados, aporta funcionalidad y durabilidad.",150,49,90,https://hevea.es/mpcrm/imgs/uploads/1739809440_gullivert.png
557-011350,SEVILLA BANCO / SEVILLA BENCH / BANC SEVILLA,189,315,"El banco SEVILLA combina líneas clásicas y resistencia estructural. Ideal para crear zonas de descanso en exteriores, ofrece comodidad y estabilidad en cualquier entorno.",108,42,88,https://hevea.es/mpcrm/imgs/uploads/banco%20sevilla.png