handle,title,title_len,title_convencion,handle_hash,seo_title,seo_title_len,meta_desc,meta_len,desc_words,desc_ficha_tecnica,desc_h2,desc_lista,desc_tabla,n_imgs,alt_vacios,alt_tipo_fichero,alt_cortos,imgs_pequenas,featured_alt,n_variantes,var_sin_barcode,var_sin_sku,var_sin_imagen,vendor,tipo,n_tags
sillon-exterior-aluminio-estilo-envolvente-9890-cm,Sillón exterior aluminio · estilo envolvente | 98×90 cm,55,True,False,False,0,True,85,162,False,True,True,False,5,0,0,0,0,True,1,1,0,1,Hevea,Sillón,8
sofa-terraza-aluminio-2-plazas-estilo-contemporaneo-16690-cm,Sofá terraza aluminio 2 plazas · estilo contemporáneo | 166×90 cm,65,True,False,False,0,True,95,170,False,True,True,False,5,0,0,0,0,True,1,1,0,1,Hevea,Sofá,9
sofa-terraza-aluminio-3-plazas-estilo-contemporaneo-22090-cm,Sofá terraza aluminio 3 plazas · estilo contemporáneo | 220×90 cm,65,True,False,False,0,True,95,170,False,True,True,False,5,0,0,0,0,True,1,1,0,1,Hevea,Sofá,9
set-jardin-aluminio-2-plazas-contemporaneo-sofa-2-plazas-2-sillones-mesa,Set jardín 2 plazas · contemporáneo · Brandon,45,True,False,True,70,True,116,161,False,False,True,False,5,0,0,0,0,True,1,1,0,1,Hevea,Conjunto sofá,9
set-jardin-aluminio-3-plazas-contemporaneo-sofa-3-plazas-2-sillones-mesa,Set jardín 3 plazas · contemporáneo · Brandon,45,True,False,False,0,True,94,205,False,True,True,False,6,0,0,0,0,True,1,1,0,1,Hevea,Conjunto sofá,9
sillon-exterior-estilo-elegante-7275-cm,Sillón exterior · estilo elegante | 72×75 cm,44,True,False,False,0,True,74,158,False,True,True,False,5,0,0,0,0,True,1,1,0,1,Hevea,Sillón,7
sofa-terraza-2-plazas-estilo-envolvente-13575-cm,Sofá terraza 2 plazas · estilo envolvente | 135×75 cm,53,True,False,False,0,True,83,157,False,True,True,False,4,0,0,0,0,True,1,1,0,1,Hevea,Sofá,8
sofa-terraza-3-plazas-estilo-sofisticado-19475-cm,Sofá terraza 3 plazas · estilo sofisticado | 194×75 cm,54,True,False,False,0,True,84,157,False,True,True,False,4,0,0,0,0,True,1,1,0,1,Hevea,Sofá,8
mesa-de-centro-exterior-90-cm-altura-40-cm,Mesa de centro exterior 90 cm · altura 40 cm,44,True,False,False,0,True,78,133,False,True,True,False,2,0,0,0,0,True,1,1,0,1,Hevea,Mesa centro,6
mesa-de-centro-exterior-120-cm-altura-40-cm,Mesa de centro exterior 120 cm · altura 40 cm,45,True,False,False,0,True,145,144,False,True,True,False,2,0,0,0,0,True,1,1,0,1,Hevea,Mesa centro,6
set-jardin-2-plazas-elegante-sofa-2-plazas-2-sillones-mesa,Set jardín 2 plazas · elegante | sofá 2 plazas + 2 sillones + mesa,66,True,False,False,0,True,89,174,False,True,True,False,5,0,0,0,0,True,1,1,0,1,Hevea,Conjunto sofá,8
set-jardin-3-plazas-sofisticado-sofa-3-plazas-2-sillones-mesa,Set jardín 3 plazas · sofisticado | sofá 3 plazas + 2 sillones + mesa,69,True,False,False,0,True,92,174,False,True,True,False,4,0,0,0,0,True,1,1,0,1,Hevea,Conjunto sofá,8
sillon-exterior-estilo-versatil-7783-cm,Sillón exterior · estilo versátil | 77×83 cm,44,True,False,False,0,True,83,160,False,True,True,False,3,0,0,0,0,True,1,1,0,1,Hevea,Sillón,7
sofa-terraza-2-plazas-estilo-estilizado-14383-cm,Sofá terraza 2 plazas · estilo estilizado | 143×83 cm,53,True,False,False,0,True,103,166,False,True,True,False,3,0,0,0,0,True,1,1,0,1,Hevea,Sofá,8
sofa-terraza-3-plazas-estilo-contemporaneo-18583-cm,Sofá terraza 3 plazas · estilo contemporáneo | 185×83 cm,56,True,False,False,0,True,80,177,False,True,True,False,3,0,0,0,0,True,1,1,0,1,Hevea,Sofá,8
mesa-de-centro-exterior-hpl-70-cm-altura-45-cm,Mesa de centro exterior HPL 70 cm · altura 45 cm,48,True,False,False,0,True,82,139,False,True,True,False,3,0,0,0,0,True,1,1,0,1,Hevea,Mesa centro,7
reposapies-exterior-734640-cm,Reposapiés exterior · 73×46×40 cm,33,True,False,False,0,True,78,139,False,True,True,False,3,0,0,0,0,True,1,1,0,1,Hevea,Reposapiés,6
set-jardin-2-plazas-moderno-sofa-2-plazas-2-sillones-mesa,Set jardín 2 plazas · moderno | sofá 2 plazas + 2 sillones + mesa,65,True,False,False,0,True,107,180,False,True,True,False,5,0,0,0,0,True,1,1,0,1,Hevea,Conjunto sofá,8
set-jardin-3-plazas-contemporaneo-sofa-3-plazas-2-sillones-mesa,Set jardín 3 plazas · contemporáneo · Yina,42,True,False,False,0,True,101,174,False,True,True,False,5,0,0,0,0,True,1,1,0,1,Hevea,Conjunto sofá,8
sillon-exterior-estilo-elegante-6590-cm,Sillón exterior · estilo elegante | 65×90 cm,44,True,False,False,0,True,74,158,False,True,True,False,3,0,0,0,0,True,1,1,0,1,Hevea,Sillón,7
sofa-terraza-2-plazas-estilo-contemporaneo-13090-cm,Sofá terraza 2 plazas · estilo contemporáneo | 130×90 cm,56,True,False,True,51,True,110,196,False,True,True,False,4,0,0,0,0,True,1,1,0,1,Hevea,Sofá,8
sofa-terraza-3-plazas-estilo-contemporaneo-18590-cm,Sofá terraza 3 plazas · estilo contemporáneo | 185×90 cm,56,True,False,False,0,True,86,157,False,True,True,False,3,0,0,0,0,True,1,1,0,1,Hevea,Sofá,8
reposapies-exterior-605040-cm,Reposapiés exterior · 60×50×40 cm,33,True,False,False,0,True,75,139,False,True,True,False,3,0,0,0,0,True,1,1,0,1,Hevea,Reposapiés,6
set-jardin-2-plazas-elegante-sofa-2-plazas-2-sillones-mesa-2,Set jardín 2 plazas · elegante | sofá 2 plazas + 2 sillones + mesa 2,68,True,False,False,0,True,89,174,False,True,True,False,4,0,0,0,0,True,1,1,0,1,Hevea,Conjunto sofá,8
set-jardin-3-plazas-sofisticado-sofa-3-plazas-2-sillones-mesa-2,Set jardín 3 plazas · sofisticado · Cupra,41,True,False,False,0,True,92,174,False,True,True,False,4,0,0,0,0,True,1,1,0,1,Hevea,Conjunto sofá,8
sillon-exterior-estilo-envolvente-7582-cm,Sillón exterior · estilo envolvente | 75×82 cm,46,True,False,False,0,True,86,161,False,True,True,False,3,0,0,0,0,True,1,1,0,1,Hevea,Sillón,7
sofa-terraza-3-plazas-estilo-contemporaneo-19882-cm,Sofá terraza 3 plazas · estilo contemporáneo | 198×82 cm,56,True,False,False,0,True,86,157,False,True,True,False,3,0,0,0,0,True,1,1,0,1,Hevea,Sofá,8
sofa-terraza-2-plazas-estilo-contemporaneo-15082-cm,Sofá terraza 2 plazas · estilo contemporáneo | 150×82 cm,56,True,False,False,0,True,86,162,False,True,True,False,3,0,0,0,0,True,1,1,0,1,Hevea,Sofá,8
mesa-de-centro-exterior-125-cm-altura-38-cm,Mesa de centro exterior 125 cm · altura 38 cm,45,True,False,False,0,True,78,132,False,True,True,False,3,0,0,0,0,True,1,1,0,1,Hevea,Mesa centro,6
set-jardin-2-plazas-elegante-sofa-2-plazas-2-sillones-mesa-3,Set jardín 2 plazas · elegante | sofá 2 plazas + 2 sillones + mesa 3,68,True,False,False,0,True,107,174,False,True,True,False,5,0,0,0,0,True,1,1,0,1,Hevea,Conjunto sofá,8
set-jardin-3-plazas-sofisticado-sofa-3-plazas-2-sillones-mesa-3,Set jardín 3 plazas · sofisticado · Bellagio,44,True,False,False,0,True,92,157,False,True,True,False,3,0,0,0,0,True,1,1,0,1,Hevea,Conjunto sofá,8
sillon-exterior-estilo-estilizado-7069-cm,Sillón exterior · estilo estilizado | 70×69 cm,46,True,False,False,0,True,85,156,False,True,True,False,4,0,0,0,0,True,1,1,0,1,Hevea,Sillón,7
sofa-terraza-2-plazas-estilo-contemporaneo-16269-cm,Sofá terraza 2 plazas · estilo contemporáneo | 162×69 cm,56,True,False,False,0,True,108,180,False,True,True,False,4,0,0,0,0,True,1,1,0,1,Hevea,Sofá,8
sofa-terraza-3-plazas-estilo-elegante-22069-cm,Sofá terraza 3 plazas · estilo elegante | 220×69 cm,51,True,False,False,0,True,81,157,False,True,True,False,5,0,0,0,0,True,1,1,0,1,Hevea,Sofá,8
reposapies-exterior-504540-cm,Reposapiés exterior · 50×45×40 cm,33,True,False,False,0,True,82,136,False,True,True,False,3,0,0,0,0,True,1,1,0,1,Hevea,Reposapiés,6
sillon-exterior-estilo-elegante-6578-cm,Sillón exterior · estilo elegante | 65×78 cm,44,True,False,False,0,True,74,157,False,True,True,False,4,0,0,0,0,True,1,1,0,1,Hevea,Sillón,7
sofa-terraza-2-plazas-estilo-contemporaneo-12078-cm,Sofá terraza 2 plazas · estilo contemporáneo | 120×78 cm,56,True,False,True,51,True,121,185,False,True,True,False,4,0,0,0,0,True,1,1,0,1,Hevea,Sofá,8
sofa-terraza-3-plazas-estilo-sofisticado-17578-cm,Sofá terraza 3 plazas · estilo sofisticado | 175×78 cm,54,True,False,False,0,True,84,157,False,True,True,False,4,0,0,0,0,True,1,1,0,1,Hevea,Sofá,8
mesa-de-centro-exterior-90-cm-altura-41-cm,Mesa de centro exterior 90 cm · altura 41 cm,44,True,False,False,0,True,74,131,False,True,True,False,3,0,0,0,0,True,1,1,0,1,Hevea,Mesa centro,6
mesa-de-centro-exterior-120-cm-altura-41-cm,Mesa de centro exterior 120 cm · altura 41 cm,45,True,False,False,0,True,79,133,False,True,True,False,3,0,0,0,0,True,1,1,0,1,Hevea,Mesa centro,6
set-jardin-2-plazas-moderno-sofa-2-plazas-2-sillones-mesa-2,Set jardín 2 plazas · moderno | sofá 2 plazas + 2 sillones + mesa 2,67,True,False,False,0,True,88,174,False,True,True,False,3,0,0,0,0,True,1,1,0,1,Hevea,Conjunto sofá,8
set-jardin-3-plazas-elegante-sofa-3-plazas-2-sillones-mesa,Set jardín 3 plazas · elegante | sofá 3 plazas + 2 sillones + mesa,66,True,False,False,0,True,89,174,False,True,True,False,5,0,0,0,0,True,1,1,0,1,Hevea,Conjunto sofá,8
sillon-exterior-estilo-versatil-76100-cm,Sillón exterior · estilo versátil | 76×100 cm,45,True,False,False,0,True,81,164,False,True,True,False,4,0,0,0,0,True,1,1,0,1,Hevea,Sillón,7
sofa-terraza-2-plazas-estilo-contemporaneo-145100-cm,Sofá terraza 2 plazas · estilo contemporáneo | 145×100 cm,57,True,False,False,0,True,86,159,False,True,True,False,3,0,0,0,0,True,1,1,0,1,Hevea,Sofá,8
sofa-terraza-3-plazas-estilo-sofisticado-212100-cm,Sofá terraza 3 plazas · estilo sofisticado | 212×100 cm,55,True,False,False,0,True,85,159,False,True,True,False,4,0,0,0,0,True,1,1,0,1,Hevea,Sofá,8
set-jardin-2-plazas-elegante-sofa-2-plazas-2-sillones-mesa-4,Set jardín 2 plazas · elegante | sofá 2 plazas + 2 sillones + mesa 4,68,True,False,False,0,True,89,174,False,True,True,False,4,0,0,0,0,True,1,1,0,1,Hevea,Conjunto sofá,8
set-jardin-3-plazas-sofisticado-sofa-3-plazas-2-sillones-mesa-4,Set jardín 3 plazas · sofisticado · Albania,43,True,False,False,0,True,115,177,False,True,True,False,4,0,0,0,0,True,1,1,0,1,Hevea,Conjunto sofá,8
reposapies-exterior-855043-cm,Reposapiés exterior Standard 55-XL · 85×50×43 cm,48,True,False,False,0,True,78,145,False,True,True,False,3,0,0,0,0,True,1,1,0,1,Hevea,Reposapiés,6
sillon-exterior-estilo-elegante-80104-cm,Sillón exterior · estilo elegante | 80×104 cm,45,True,False,False,0,True,88,159,False,True,True,False,4,0,0,0,0,True,1,1,0,1,Hevea,Sillón,7
sofa-terraza-2-plazas-estilo-contemporaneo-164104-cm,Sofá terraza 2 plazas · estilo contemporáneo | 164×104 cm,57,True,False,False,0,True,88,159,False,True,True,False,4,0,0,0,0,True,1,1,0,1,Hevea,Sofá,8
sofa-terraza-3-plazas-estilo-contemporaneo-215104-cm,Sofá terraza 3 plazas · estilo contemporáneo | 215×104 cm,57,True,False,False,0,True,95,180,False,True,True,False,3,0,0,0,0,True,1,1,0,1,Hevea,Sofá,8
mesa-de-centro-exterior-125-cm-altura-42-cm,Mesa de centro exterior 125 cm · altura 42 cm,45,True,False,False,0,True,87,134,False,True,True,False,2,0,0,0,0,True,1,1,0,1,Hevea,Mesa centro,6
reposapies-exterior-855043-cm-2,Reposapiés exterior Standard XL · 85×50×43 cm,45,True,False,False,0,True,72,142,False,True,True,False,2,0,0,0,2,True,1,1,0,1,Hevea,Reposapiés,6
set-jardin-2-plazas-elegante-sofa-2-plazas-2-sillones-mesa-5,Set jardín 2 plazas · elegante | sofá 2 plazas + 2 sillones + mesa 5,68,True,False,False,0,True,88,164,False,True,True,False,4,0,0,0,0,True,1,1,0,1,Hevea,Conjunto sofá,8
set-jardin-3-plazas-contemporaneo-sofa-3-plazas-2-sillones-mesa-2,Set jardín 3 plazas · contemporáneo · Bolonia XL,48,True,False,False,0,True,93,165,False,True,True,False,5,0,0,0,0,True,1,1,0,1,Hevea,Conjunto sofá,8
sillon-exterior-bicolor-estilo-bicolor-7376-cm,Sillón exterior bicolor · estilo bicolor | 73×76 cm,51,True,False,False,0,True,106,161,False,True,True,False,3,0,0,0,0,True,1,1,0,1,Hevea,Sillón,8
sofa-terraza-bicolor-2-plazas-estilo-bicolor-14076-cm,Sofá terraza bicolor 2 plazas · estilo bicolor | 140×76 cm,58,True,False,False,0,True,80,174,False,True,True,False,4,0,0,0,0,True,1,1,0,1,Hevea,Sofá,9
sofa-terraza-bicolor-3-plazas-estilo-bicolor-20076-cm,Sofá terraza bicolor 3 plazas · estilo bicolor | 200×76 cm,58,True,False,False,0,True,80,174,False,True,True,False,4,0,0,0,0,True,1,1,0,1,Hevea,Sofá,9
mesa-de-centro-exterior-hpl-120-cm-altura-40-cm,Mesa de centro exterior HPL 120 cm · altura 40 cm,49,True,False,False,0,True,75,140,False,True,True,False,3,0,0,0,0,True,1,1,0,1,Hevea,Mesa centro,8
mesa-de-centro-exterior-hpl-135-cm-altura-40-cm,Mesa de centro exterior HPL 135 cm · altura 40 cm,49,True,False,False,0,True,82,135,False,True,True,False,3,0,0,0,0,True,1,1,0,1,Hevea,Mesa centro,8
reposapies-exterior-bicolor-704544-cm,Reposapiés exterior bicolor · 70×45×44 cm,41,True,False,False,0,True,73,144,False,True,True,False,3,0,0,0,0,True,1,1,0,1,Hevea,Reposapiés,7
set-jardin-bicolor-2-plazas-bicolor-sofa-2-plazas-2-sillones-mesa,Set jardín bicolor 2 plazas · Diva,34,True,False,False,0,True,106,87,False,False,True,False,4,0,0,0,0,True,1,1,0,1,Hevea,Conjunto sofá,9
set-jardin-bicolor-3-plazas-bicolor-sofa-3-plazas-2-sillones-mesa,Set jardín bicolor 3 plazas · Diva,34,True,False,False,0,True,109,101,False,False,True,False,5,0,0,0,0,True,1,1,0,1,Hevea,Conjunto sofá,9
sillon-exterior-estilo-versatil-7685-cm,Sillón exterior · estilo versátil | 76×85 cm,44,True,False,False,0,True,74,155,False,True,True,False,3,0,0,0,0,True,1,1,0,1,Hevea,Sillón,7
sofa-terraza-2-plazas-estilo-contemporaneo-13785-cm,Sofá terraza 2 plazas · estilo contemporáneo | 137×85 cm,56,True,False,False,0,True,86,157,False,True,True,False,4,0,0,0,0,True,1,1,0,1,Hevea,Sofá,8
sofa-terraza-3-plazas-estilo-contemporaneo-19685-cm,Sofá terraza 3 plazas · estilo contemporáneo | 196×85 cm,56,True,False,False,0,True,86,157,False,True,True,False,4,0,0,0,0,True,1,1,0,1,Hevea,Sofá,8
set-jardin-2-plazas-contemporaneo-sofa-2-plazas-2-sillones-mesa,Set jardín 2 plazas · contemporáneo · Leisa,43,True,False,False,0,True,94,174,False,True,True,False,4,0,0,0,0,True,1,1,0,1,Hevea,Conjunto sofá,8
set-jardin-3-plazas-contemporaneo-sofa-3-plazas-2-sillones-mesa-3,Set jardín 3 plazas · contemporáneo · Leisa,43,True,False,False,0,True,83,162,False,True,True,False,3,0,0,0,0,True,1,1,0,1,Hevea,Conjunto sofá,8
sillon-exterior-estilo-moderno-7085-cm,Sillón exterior · estilo moderno | 70×85 cm,43,True,False,False,0,True,94,159,False,True,True,False,4,0,0,0,0,True,1,1,0,1,Hevea,Sillón,7
sofa-terraza-2-plazas-estilo-elegante-15085-cm,Sofá terraza 2 plazas · estilo elegante | 150×85 cm,51,True,False,False,0,True,81,157,False,True,True,False,4,0,0,0,0,True,1,1,0,1,Hevea,Sofá,8
sofa-terraza-3-plazas-estilo-contemporaneo-19085-cm,Sofá terraza 3 plazas · estilo contemporáneo | 190×85 cm,56,True,False,False,0,True,86,157,False,True,True,False,3,0,0,0,0,True,1,1,0,1,Hevea,Sofá,8
set-jardin-2-plazas-contemporaneo-sofa-2-plazas-2-sillones-mesa-2,Set jardín 2 plazas · contemporáneo · Dounvil,45,True,False,False,0,True,94,174,False,True,True,False,4,0,0,0,0,True,1,1,0,1,Hevea,Conjunto sofá,8
set-jardin-3-plazas-elegante-sofa-3-plazas-2-sillones-mesa-2,Set jardín 3 plazas · elegante | sofá 3 plazas + 2 sillones + mesa 2,68,True,False,False,0,True,86,165,False,True,True,False,4,0,0,0,0,True,1,1,0,1,Hevea,Conjunto sofá,8
mesa-de-centro-exterior-90-cm-altura-40-cm-2,Mesa de centro exterior 90 cm · altura 40 cm 2,46,True,False,False,0,True,77,137,False,True,True,False,3,0,0,0,0,True,1,1,0,1,Hevea,Mesa centro,6
mesa-de-centro-exterior-120-cm-altura-40-cm-2,Mesa de centro exterior 120 cm · altura 40 cm 2,47,True,False,False,0,True,79,133,False,True,True,False,3,0,0,0,0,True,1,1,0,1,Hevea,Mesa centro,6
sillon-exterior-estilo-contemporaneo-68115-cm,Sillón exterior · estilo contemporáneo | 68×115 cm,50,True,False,False,0,True,87,154,False,True,True,False,3,0,0,0,0,True,1,1,0,1,Hevea,Sillón,7
sofa-terraza-2-plazas-estilo-moderno-128115-cm,Sofá terraza 2 plazas · estilo moderno | 128×115 cm,51,True,False,False,0,True,81,157,False,True,True,False,3,0,0,0,0,True,1,1,0,1,Hevea,Sofá,8
sofa-terraza-3-plazas-estilo-contemporaneo-188115-cm,Sofá terraza 3 plazas · estilo contemporáneo | 188×115 cm,57,True,False,False,0,True,87,157,False,True,True,False,4,0,0,0,0,True,1,1,0,1,Hevea,Sofá,8
set-jardin-2-plazas-moderno-sofa-2-plazas-2-sillones-mesa-3,Set jardín 2 plazas · moderno | sofá 2 plazas + 2 sillones + mesa 3,67,True,False,False,0,True,88,174,False,True,True,False,4,0,0,0,0,True,1,1,0,1,Hevea,Conjunto sofá,8
set-jardin-3-plazas-contemporaneo-sofa-3-plazas-2-sillones-mesa-4,Set jardín 3 plazas · contemporáneo · Haston,44,True,False,False,0,True,94,174,False,True,True,False,4,0,0,0,0,True,1,1,0,1,Hevea,Conjunto sofá,8
sillon-exterior-estilo-versatil-6470-cm,Sillón exterior · estilo versátil | 64×70 cm,44,True,False,False,0,True,82,157,False,True,True,False,4,0,0,0,0,True,1,1,0,1,Hevea,Sillón,7
sofa-terraza-2-plazas-estilo-elegante-13170-cm,Sofá terraza 2 plazas · estilo elegante | 131×70 cm,51,True,False,False,0,True,82,179,False,True,True,False,3,0,0,0,0,True,1,1,0,1,Hevea,Sofá,8
sofa-terraza-3-plazas-estilo-moderno-18570-cm,Sofá terraza 3 plazas · estilo moderno | 185×70 cm,50,True,False,True,50,True,159,108,True,True,True,False,4,0,0,0,0,True,1,1,0,1,Hevea,Sofá,8
mesa-de-centro-exterior-hpl-90-cm-altura-40-cm,Mesa de centro exterior HPL 90 cm · altura 40 cm,48,True,False,False,0,True,82,142,False,True,True,False,3,0,0,0,0,True,1,1,0,1,Hevea,Mesa centro,7
mesa-de-centro-exterior-hpl-120-cm-altura-40-cm-2,Mesa de centro exterior HPL 120 cm · altura 40 cm 2,51,True,False,False,0,True,73,129,False,True,True,False,3,0,0,0,0,True,1,1,0,1,Hevea,Mesa centro,7
set-jardin-2-plazas-moderno-sofa-2-plazas-2-sillones-mesa-4,Set jardín 2 plazas · moderno | sofá 2 plazas + 2 sillones + mesa 4,67,True,False,False,0,True,88,174,False,True,True,False,4,0,0,0,0,True,1,1,0,1,Hevea,Conjunto sofá,8
set-jardin-3-plazas-contemporaneo-sofa-3-plazas-2-sillones-mesa-5,Set jardín 3 plazas · contemporáneo · Acapulco,46,True,False,True,70,True,142,109,False,False,True,False,4,0,0,0,0,True,1,1,0,1,Hevea,Conjunto sofá,8
pergola-aluminio-para-jardin-300300250-cm,Pérgola aluminio para jardín · 300×300×250 cm,45,True,False,True,58,True,117,192,False,True,True,False,5,0,1,0,0,True,1,1,0,1,Hevea,Pérgola,6
sillon-exterior-estilo-urbano-6670-cm,Sillón exterior · estilo urbano | 66×70 cm,42,True,False,False,0,True,114,165,False,True,True,False,3,0,0,0,0,True,1,1,0,1,Hevea,Sillón,7
sofa-terraza-2-plazas-estilo-contemporaneo-13370-cm,Sofá terraza 2 plazas · estilo contemporáneo | 133×70 cm,56,True,False,False,0,True,109,188,False,True,True,False,3,0,0,0,0,True,1,1,0,1,Hevea,Sofá,8
sofa-terraza-3-plazas-estilo-moderno-18770-cm,Sofá terraza 3 plazas · estilo moderno | 187×70 cm,50,True,False,False,0,True,86,178,False,True,True,False,4,0,0,0,0,True,1,1,0,1,Hevea,Sofá,8
set-jardin-2-plazas-contemporaneo-sofa-2-plazas-2-sillones-mesa-3,Set jardín 2 plazas · contemporáneo · Manhattan,47,True,False,False,0,True,94,174,False,True,True,False,4,0,0,0,0,True,1,1,0,1,Hevea,Conjunto sofá,8
set-jardin-3-plazas-urbano-sofa-3-plazas-2-sillones-mesa,Set jardín 3 plazas · urbano | sofá 3 plazas + 2 sillones + mesa,64,True,False,False,0,True,87,174,False,True,True,False,4,0,0,0,0,True,1,1,0,1,Hevea,Conjunto sofá,8
set-rinconera-exterior-hpl-sofisticado-sofa-de-esquina-mesa-de-centro,Set rinconera exterior HPL · sofisticado · Loira,48,True,False,False,0,True,110,91,False,False,True,False,4,0,0,0,0,True,1,1,0,1,Hevea,Conjunto rinconera,8
set-rinconera-exterior-hpl-elegante-sofa-de-esquina-mesa-de-centro,Set rinconera exterior HPL · elegante · Loira,45,True,False,False,0,True,104,151,False,False,True,False,4,0,0,0,0,True,1,1,0,1,Hevea,Conjunto rinconera,8
set-rinconera-exterior-hpl-moderno-sofa-de-esquina-mesa-de-centro,Set rinconera exterior HPL · moderno · Loira,44,True,False,False,0,True,109,100,False,False,True,False,4,0,0,0,0,True,1,1,0,1,Hevea,Conjunto rinconera,8
set-rinconera-exterior-contemporaneo-sofa-de-esquina-mesa-de-centro,Set rinconera exterior · contemporáneo · Adel,45,True,False,False,0,True,121,196,False,True,True,False,4,0,0,0,0,True,1,1,0,1,Hevea,Conjunto rinconera,7
set-rinconera-exterior-sofisticado-sofa-de-esquina-mesa-de-centro,Set rinconera exterior · sofisticado · Adel,43,True,False,False,0,True,149,153,False,True,True,False,4,0,0,0,0,True,1,1,0,1,Hevea,Conjunto rinconera,7
mesa-comedor-exterior-hpl-13590-cm,Mesa comedor exterior HPL,25,False,False,False,0,True,94,140,False,True,True,False,3,0,0,0,0,True,2,2,0,2,Hevea,Mesa comedor,7
silla-exterior-estilo-estilizado,Silla exterior · estilo estilizado,34,True,False,False,0,True,94,143,False,True,True,False,1,0,0,0,0,True,1,1,0,1,Hevea,Silla,6
silla-exterior-estilo-contemporaneo,Silla exterior · estilo contemporáneo,37,True,False,False,0,True,97,143,False,True,True,False,3,0,0,0,0,True,1,1,0,1,Hevea,Silla,6
mesa-comedor-exterior-hpl-10090-cm,Mesa comedor exterior HPL 100×90 cm,35,False,False,False,0,True,104,141,False,True,True,False,3,0,0,0,0,True,1,1,0,1,Hevea,Mesa comedor,7
mesa-comedor-exterior-hpl-15090-cm,Mesa comedor exterior HPL 150×90 cm,35,False,False,False,0,True,104,141,False,True,True,False,3,0,0,0,0,True,1,1,0,1,Hevea,Mesa comedor,7
sillon-exterior-estilo-versatil-58100-cm,Sillón exterior · estilo versátil | 58×100 cm,45,True,False,False,0,True,84,154,False,True,True,False,3,0,0,0,0,True,1,1,0,1,Hevea,Sillón,7
tumbona-de-exterior,Tumbona de exterior,19,False,False,False,0,True,85,156,False,True,True,False,4,0,0,0,0,True,1,1,0,1,Hevea,Tumbona,7
base-de-parasol-25-kg,Base de parasol 25 kg,21,False,False,True,48,True,109,159,False,True,True,False,2,0,0,0,0,True,1,1,0,1,Hevea,Accesorios,6
set-losas-cemento-para-base-de-parasol,Set losas cemento para base de parasol,38,False,False,False,0,True,93,128,False,True,True,False,1,0,0,0,0,True,1,1,0,1,Hevea,Accesorios,6
balancin-jardin-exterior-148194-cm,Balancín jardín exterior · 148×194 cm,37,True,False,False,0,True,100,129,False,True,True,False,4,0,1,0,0,True,1,1,0,1,Hevea,Balancín,6
banco-jardin-con-mesa-integrada-220-cm,Banco jardín con mesa integrada · 220 cm,40,True,False,False,0,True,114,190,False,True,True,False,5,0,0,0,0,True,1,1,0,1,Hevea,Banco con mesa,6
banco-de-exterior-150-cm,Banco de exterior 150 cm,24,False,False,False,0,True,115,172,False,True,True,False,3,0,0,0,0,True,1,1,0,1,Hevea,Banco,6
banco-de-exterior-108-cm,Banco de exterior 108 cm,24,False,False,False,0,True,99,165,False,True,True,False,3,0,0,0,0,True,1,1,0,1,Hevea,Banco,6
balliu-tumbona-de-exterior-resina-923110d9,Tumbona exterior resina · Ø73 cm tablillas · Eva Pro T,54,True,True,True,58,True,149,158,False,True,True,False,6,0,0,0,3,True,5,5,0,5,Balliu,Tumbona,3
balliu-tumbona-de-exterior-resina-b19af1ea,Tumbona exterior resina · Ø73 cm tela · Eva Pro,47,True,True,True,53,True,147,161,False,True,True,False,6,0,0,0,3,True,50,50,0,50,Balliu,Tumbona,3
balliu-tumbona-de-exterior-resina-75-cm-009e68e4,Tumbona exterior resina · 75 cm tela · Carmen,45,True,True,False,0,True,87,165,False,True,True,False,4,0,0,0,2,True,50,50,0,50,Balliu,Tumbona,3
balliu-tumbona-de-exterior-resina-75-cm-aca076ae,Tumbona exterior resina playa · 75 cm tela · Lola,49,True,True,True,34,True,82,179,True,True,True,False,8,0,0,0,6,True,50,50,0,50,Balliu,Tumbona,3
balliu-tumbona-de-exterior-resina-73-cm-d369d964,Tumbona exterior resina playa · 73 cm tela · Eva RG,51,True,True,True,34,True,144,123,True,True,True,False,4,0,0,0,4,True,32,32,0,32,Balliu,Tumbona,3
balliu-tumbona-de-exterior-resina-73-cm-0648657b,Tumbona exterior resina jardín · 73 cm tablillas · Eva RTG,58,True,True,True,34,True,96,119,True,True,True,False,3,0,0,0,3,True,1,1,0,1,Balliu,Tumbona,3
balliu-tumbona-de-exterior-resina-28ff014d,Tumbona exterior resina · Noa,29,True,True,True,52,True,148,190,False,True,True,False,9,0,0,0,0,True,50,50,0,50,Balliu,Tumbona,3
balliu-tumbona-de-exterior-sin-ruedas-aluminio-da3f5c24,Tumbona exterior aluminio · con/sin ruedas · Olimpia,52,True,True,False,0,True,83,156,False,True,True,False,4,0,0,0,2,True,50,50,0,50,Balliu,Tumbona,3
balliu-tumbona-de-exterior-aluminio-36870d09,Tumbona exterior aluminio · Etna,32,True,True,False,0,True,79,157,False,True,True,False,11,0,0,0,8,True,50,50,0,50,Balliu,Tumbona,3
balliu-tumbona-de-exterior-aluminio-d08586c1,Tumbona exterior aluminio alta · acceso fácil · Etna Alta,57,True,True,False,0,True,87,164,False,True,True,False,7,0,0,0,1,True,50,50,0,50,Balliu,Tumbona,3
balliu-tumbona-de-exterior-con-ruedas-aluminio-58-cm-9064b7b9,Tumbona exterior aluminio · con ruedas 58 cm · Iris,51,True,True,True,47,True,154,168,True,True,True,False,7,0,0,0,4,True,16,16,0,16,Balliu,Tumbona,3
balliu-tumbona-de-exterior-aluminio-68-cm-f7ab4da8,Tumbona exterior aluminio apilable · 68 cm · Marina,51,True,True,False,0,True,148,135,False,True,True,False,9,0,0,0,4,True,16,16,0,16,Balliu,Tumbona,3
balliu-mini-tumbona-de-exterior-aluminio-62-cm-5a6f53eb,Mini tumbona exterior aluminio plegable · 62 cm · Cannes,56,True,True,True,41,True,89,110,True,True,True,False,8,0,0,0,0,True,48,48,0,48,Balliu,Mini tumbona,3
balliu-mini-tumbona-de-exterior-madera-59-cm-fa211c70,Mini tumbona exterior madera teca plegable · 59 cm · Bristol,60,True,True,True,39,True,90,164,True,True,True,False,6,0,0,0,3,True,16,16,0,16,Balliu,Mini tumbona,3
balliu-mini-tumbona-de-exterior-aluminio-57-cm-98ab84ce,Mini tumbona exterior aluminio apilable · 57 cm · Marina,56,True,True,False,0,True,121,127,False,True,True,False,4,0,0,0,4,True,32,32,0,32,Balliu,Mini tumbona,3
balliu-cama-balinesa-exterior-aluminio-estilo-sofisticado-160-cm-2bd3a7a4,Cama balinesa exterior aluminio · estilo sofisticado | 160 cm,61,True,True,False,0,True,153,118,True,True,True,False,5,0,0,0,0,True,1,1,0,1,Balliu,Cama balinesa,3
balliu-cama-balinesa-exterior-aluminio-estilo-minimalista-198-cm-dcaf71d8,Cama balinesa exterior aluminio · estilo minimalista | 198 cm,61,True,True,False,0,True,114,120,True,True,True,False,5,0,0,0,0,True,1,1,0,1,Balliu,Cama balinesa,3
balliu-taburete-exterior-aluminio-estilo-elegante-56-cm-a66b4a0a,Taburete exterior aluminio · tejido Balliu · Etna,49,True,True,True,52,True,135,109,True,True,True,False,1,0,0,0,0,True,48,48,0,48,Balliu,Mobiliario exterior,2
balliu-silla-exterior-con-brazos-aluminio-estilo-elegante-56-cm-5c88bd77,Silla exterior aluminio · tejido Balliu · Etna,46,True,True,True,60,True,135,113,True,True,True,False,10,0,0,0,3,True,48,48,0,48,Balliu,Silla,2
balliu-silla-exterior-con-brazos-aluminio-estilo-elegante-56-cm-eaf4a34a,Silla exterior aluminio alta · tejido Balliu · Etna Alta,56,True,True,True,60,True,135,114,True,True,True,False,10,0,0,0,3,True,48,48,0,48,Balliu,Silla,2
balliu-silla-exterior-resina-estilo-minimalista-484cbea0,Silla exterior resina · estilo minimalista · Duna,49,True,True,False,0,True,107,142,False,True,True,False,9,0,0,0,4,True,3,3,0,3,Balliu,Silla,2
balliu-silla-exterior-resina-estilo-clasico-57-cm-8164cc65,Silla exterior resina · estilo clásico · Bimba,46,True,True,True,46,True,93,110,True,True,True,False,8,0,0,0,4,True,3,3,0,3,Balliu,Silla,2
balliu-silla-exterior-resina-estilo-funcional-0b607ec7,Silla exterior resina apilable · Selva,38,True,True,False,0,True,98,142,False,True,True,False,4,0,0,0,1,True,2,2,0,2,Balliu,Silla,2
balliu-silla-exterior-sin-brazos-resina-estilo-contemporaneo-49-cm-af080e9c,Silla exterior resina · Bruna,29,True,True,True,63,True,153,121,True,True,True,False,11,0,0,0,5,True,4,4,0,4,Balliu,Silla,2
balliu-silla-exterior-sin-brazos-resina-estilo-funcional-daabcdaf,Silla exterior resina · Vera,28,True,True,False,0,True,88,142,False,True,True,False,12,0,0,0,9,True,6,6,0,6,Balliu,Silla,2
balliu-silla-exterior-sin-brazos-estilo-contemporaneo-53-cm-cd07e7d6,Silla exterior resina · Venus,29,True,True,False,0,True,128,93,False,False,True,False,2,0,0,0,0,True,1,1,0,1,Balliu,Silla,2
balliu-silla-exterior-con-brazos-aluminio-estilo-elegante-58-cm-bc0c02ec,Silla exterior aluminio · tejido Balliu · Mila,46,True,True,True,60,True,122,123,True,True,True,False,6,0,0,0,5,True,4,4,0,4,Balliu,Silla,2
balliu-mesa-exterior-5d0fb586,Mesa auxiliar exterior resina decorativa · 48×48 cm · Mini Prestige,67,True,True,False,0,True,124,137,False,True,True,False,5,0,0,0,3,True,5,5,0,5,Balliu,Mesa,2
balliu-mesa-auxiliar-exterior-resina-48-cm-de421a42,Mesa auxiliar exterior resina · 48×48 cm · Eva Pro Mini,55,True,True,True,37,True,146,157,True,True,True,False,11,0,0,0,6,True,5,5,0,5,Balliu,Mesa,2
balliu-mesa-auxiliar-exterior-resina-48-cm-35554775,Mesa auxiliar exterior resina · 48×48 cm · Eva Pro BCN,54,True,True,True,37,True,98,164,True,True,True,False,8,0,0,0,2,True,5,5,0,5,Balliu,Mesa,2
balliu-mesa-auxiliar-exterior-aluminio-54-cm-6c7a42d9,Mesa auxiliar exterior aluminio · 48×48 cm tejido · Olimpia,59,True,True,True,39,True,150,119,True,True,True,False,11,0,0,0,4,True,48,48,0,48,Balliu,Mesa,2
balliu-mesa-auxiliar-exterior-aluminio-90b11e5b,Mesa auxiliar exterior aluminio · Ø42 cm · Noa,46,True,True,True,31,True,149,116,True,True,True,False,6,0,0,0,4,True,5,5,0,5,Balliu,Mesa,2
balliu-mesa-auxiliar-exterior-aluminio-60-cm-9c991818,Mesa auxiliar exterior · aluminio HPL 45×45 cm · Etna,53,True,True,True,39,True,154,112,True,True,True,False,5,0,0,0,2,True,15,15,0,15,Balliu,Mesa,2
balliu-mesa-exterior-resina-70-cm-33ce1613,Mesa exterior resina · Werzalit · Selva,39,True,True,True,29,True,148,157,True,True,True,False,7,0,0,0,2,True,5,5,0,5,Balliu,Mesa,2
balliu-mesa-exterior-aluminio-8080-cm-ef580ae2,Mesa exterior aluminio · HPL · Brunei,37,True,True,True,33,True,150,121,True,True,True,False,25,0,0,0,7,True,50,50,0,50,Balliu,Mesa,2
balliu-mesa-exterior-140-18090-cm-e4ec7d7c,Mesa extensible exterior aluminio · HPL · Atlanta,49,True,True,False,0,True,141,146,False,False,True,False,9,0,0,0,5,True,30,30,0,30,Balliu,Mesa,2
balliu-mesa-exterior-hpl-140-180100-cm-8e073aab,Mesa extensible exterior aluminio · HPL · Java,46,True,True,False,0,True,139,140,False,False,True,False,8,0,0,0,2,True,30,30,0,30,Balliu,Mesa,2
balliu-mesa-exterior-aluminio-7070-cm-724b0db0,Mesa exterior aluminio · HPL · Capri,36,True,True,True,33,True,147,105,True,True,True,False,25,0,0,0,10,True,50,50,0,50,Balliu,Mesa,2
balliu-mesa-alta-exterior-hpl-94512eab,Mesa alta exterior · aluminio HPL 110 cm,40,True,True,False,0,True,138,88,False,False,True,False,5,0,0,0,3,True,1,1,0,1,Balliu,Mesa,2
balliu-mesa-exterior-aluminio-7070-cm-1b61e6b6,Mesa exterior aluminio · HPL · Altea,36,True,True,False,0,True,93,140,False,True,True,False,9,0,0,0,3,True,20,20,0,20,Balliu,Mesa,2
balliu-mesa-exterior-aluminio-75-cm-dd745448,Mesa exterior aluminio · 75×75 cm · Ágata,41,True,True,False,0,True,98,137,False,True,True,False,8,0,0,0,6,True,2,2,0,2,Balliu,Mesa,2
balliu-mesa-exterior-aluminio-72-cm-72514f40,Mesa exterior aluminio · 72×72 cm · Nora,40,True,True,True,30,True,152,109,True,True,True,False,4,0,0,0,2,True,2,2,0,2,Balliu,Mesa,2
balliu-sofa-exterior-3-plazas-aluminio-estilo-elegante-62-cm-5e2ef268,Sofá exterior aluminio · estilo elegante | 62 cm,48,True,True,True,57,True,118,133,True,True,True,False,14,0,0,0,6,True,3,3,0,3,Balliu,Sofa,3
balliu-mesa-auxiliar-exterior-aluminio-54-cm-19d3d0ee,Mesa de centro exterior · aluminio HPL 74×54 cm · Olimpia Central,65,True,True,True,39,True,150,121,True,True,True,False,11,0,0,0,4,True,15,15,0,15,Balliu,Mesa,2
balliu-sofa-exterior-3-plazas-aluminio-estilo-contemporaneo-77-cm-674ab9a1,Sofá exterior aluminio · estilo contemporáneo | 77 cm,53,True,True,True,62,True,89,146,True,True,True,False,12,0,0,0,6,True,3,3,0,3,Balliu,Sofa,3
balliu-mesa-de-centro-exterior-aluminio-60-cm-510b363e,Mesa de centro exterior · aluminio HPL 110×60 cm,48,True,True,True,40,True,153,163,True,True,True,False,8,0,0,0,0,True,15,15,0,15,Balliu,Mesa,2
balliu-parasol-para-terraza-acrilico-236bd5f0,Parasol exterior acrílico · Ø200 cm · Pamela acrílico,53,True,True,False,0,True,138,151,False,True,True,False,4,0,0,0,3,True,24,24,0,24,Balliu,Parasol,3
balliu-parasol-para-terraza-f1ed8b8b,Parasol exterior tela · Ø200/Ø250 cm · Ocean tela,49,True,True,False,0,True,134,152,False,True,True,False,4,0,0,0,3,True,3,3,0,3,Balliu,Parasol,3
balliu-parasol-para-terraza-acrilico-c8dd492d,Parasol exterior acrílico · Ø200/Ø250 cm · Ocean acrílico,57,True,True,False,0,True,142,151,False,True,True,False,4,0,0,0,3,True,24,24,0,24,Balliu,Parasol,3
balliu-parasol-para-terraza-aluminio-300-cm-3b7e77d1,Parasol redondo exterior · aluminio Ø300 cm · Garbí,51,True,True,True,39,True,85,140,True,True,True,False,6,0,0,0,0,True,3,3,0,3,Balliu,Parasol,3
balliu-parasol-para-terraza-aluminio-300-cm-0ceba8e7,Parasol cuadrado exterior · aluminio 300×300 cm · Brisa,55,True,True,True,38,True,109,125,True,True,True,False,4,0,0,0,2,True,3,3,0,3,Balliu,Parasol,3
balliu-parasol-para-terraza-aluminio-300-cm-6c1e1224,Parasol lateral exterior · aluminio 300×300 cm · Roma,53,True,True,True,38,True,92,112,True,True,True,False,5,0,1,0,0,True,3,3,0,3,Balliu,Parasol,3
balliu-colchoneta-para-tumbona-0e9a3256,Colchoneta exterior para tumbona,32,False,True,False,0,True,133,145,False,True,True,False,4,0,0,0,4,True,6,6,0,6,Balliu,Tumbona,3
balliu-mobiliario-exterior-resina-28-cm-6264905d,Mobiliario exterior resina | 28 cm,34,False,True,False,0,True,103,127,False,True,True,False,7,0,0,0,7,True,1,1,0,1,Balliu,Mobiliario exterior,3
balliu-pie-de-parasol-c2147052,Pie de parasol · 40 kg,22,True,True,False,0,True,82,133,False,True,True,False,7,0,0,0,1,True,2,2,0,2,Balliu,Parasol,3
balliu-base-de-parasol-3ee8b72d,Base de hormigón para parasol,29,False,True,False,0,True,91,130,False,True,True,False,2,0,0,0,0,True,2,2,0,2,Balliu,Parasol,3
balliu-funda-protectora-exterior-686cc405,Funda protectora para tumbona exterior,38,False,True,False,0,True,101,150,False,True,True,False,2,0,0,0,0,True,3,3,0,3,Balliu,Funda,3
balliu-funda-protectora-exterior-acrilico-a1c16324,Funda protectora exterior acrílico,34,False,True,False,0,True,97,149,False,True,True,False,1,0,0,0,1,True,1,1,0,1,Balliu,Funda,3
balliu-funda-protectora-exterior-6f6d4953,Funda protectora para sofá exterior,35,False,True,False,0,True,98,152,False,True,True,False,2,0,0,0,0,True,3,3,0,3,Balliu,Funda,3
balliu-funda-protectora-exterior-340b2844,Funda protectora exterior,25,False,True,False,0,True,88,152,False,True,True,False,2,0,0,0,0,True,1,1,0,1,Balliu,Funda,3
